fecha,dia_semana,es_fin_de_semana,n_total,n_low,n_medium,n_high,n_presentes,N02BE_demand,N05B_demand,M01AB_demand,total_demand
2014-01-02,3,0,103,63,24,16,103,222.17,15.35,0.12,237.64
2014-01-03,4,0,104,64,24,16,104,347.97,35.6,25.48,409.05000000000007
2014-01-04,5,1,101,60,26,15,65,268.73,19.84,6.37,294.94
2014-01-05,6,1,101,60,26,15,69,187.14,16.71,12.45,216.29999999999998
2014-01-06,0,0,100,60,26,14,100,147.13,37.07,13.49,197.69
2014-01-07,1,0,102,61,27,14,102,0.0,0.36,0.77,1.13
2014-01-08,2,0,103,61,28,14,103,181.34,45.42,15.56,242.32
2014-01-09,3,0,103,60,28,15,103,171.11,38.15,20.7,229.96
2014-01-10,4,0,103,60,28,15,103,366.32,35.62,14.82,416.76
2014-01-11,5,1,100,58,29,13,70,245.55,30.9,14.14,290.59
2014-01-12,6,1,99,58,28,13,63,52.12,15.36,5.87,73.35
2014-01-13,0,0,101,59,30,12,101,348.3,20.28,17.73,386.31000000000006
2014-01-14,1,0,102,58,31,13,102,230.25,16.22,14.69,261.16
2014-01-15,2,0,105,62,28,15,105,187.79,29.43,11.56,228.78
2014-01-16,3,0,104,61,28,15,104,199.07,45.32,18.36,262.75
2014-01-17,4,0,103,61,28,14,103,141.29,35.86,5.98,183.12999999999997
2014-01-18,5,1,103,60,29,14,68,195.94,34.6,3.02,233.56
2014-01-19,6,1,103,59,30,14,66,62.07,8.64,11.47,82.18
2014-01-20,0,0,106,60,31,15,106,86.23,47.41,17.72,151.35999999999999
2014-01-21,1,0,105,59,31,15,105,296.33,38.55,6.0,340.88
2014-01-22,2,0,105,60,30,15,105,131.83,27.26,21.54,180.63
2014-01-23,3,0,105,58,33,14,105,185.57,5.81,11.56,202.94
2014-01-24,4,0,104,57,33,14,104,140.51,35.54,12.23,188.27999999999997
2014-01-25,5,1,105,59,32,14,71,178.45,41.43,16.06,235.94
2014-01-26,6,1,105,60,31,14,66,105.49,9.1,12.37,126.96
2014-01-27,0,0,105,61,30,14,105,165.91,41.76,12.17,219.83999999999997
2014-01-28,1,0,105,62,30,13,105,95.72,53.73,15.9,165.35
2014-01-29,2,0,102,58,30,14,102,96.72,24.63,15.37,136.72
2014-01-30,3,0,102,58,31,13,102,174.53,17.26,7.85,199.64
2014-01-31,4,0,102,57,32,13,102,184.62,22.95,2.24,209.81
2014-02-01,5,1,102,59,30,13,72,206.03,28.13,10.46,244.62
2014-02-02,6,1,103,60,28,15,74,63.97,13.2,20.72,97.89
2014-02-03,0,0,102,59,28,15,102,222.31,38.45,15.01,275.77
2014-02-04,1,0,102,58,26,18,102,208.68,22.07,4.35,235.1
2014-02-05,2,0,103,58,28,17,103,220.46,39.95,10.72,271.13000000000005
2014-02-06,3,0,101,54,30,17,101,278.59,45.13,11.27,334.98999999999995
2014-02-07,4,0,102,55,29,18,102,142.86,51.71,9.68,204.25000000000003
2014-02-08,5,1,102,56,29,17,66,162.2,29.14,11.59,202.92999999999998
2014-02-09,6,1,102,56,29,17,69,148.56,21.77,12.66,182.99
2014-02-10,0,0,101,57,27,17,101,270.64,50.06,16.42,337.12
2014-02-11,1,0,100,56,26,18,100,297.1,48.9,35.71,381.71
2014-02-12,2,0,100,56,26,18,100,489.96,22.25,32.07,544.2800000000001
2014-02-13,3,0,101,56,27,18,101,332.68,33.35,17.02,383.05
2014-02-14,4,0,101,56,27,18,101,287.85,32.39,13.76,334.0
2014-02-15,5,1,101,56,27,18,71,173.87,19.96,4.04,197.87
2014-02-16,6,1,101,59,24,18,72,167.47,11.06,0.0,178.53
2014-02-17,0,0,98,58,22,18,98,177.89,28.39,26.3,232.57999999999998
2014-02-18,1,0,98,58,21,19,98,296.32,31.89,27.25,355.46
2014-02-19,2,0,98,58,21,19,98,439.65,37.83,12.99,490.46999999999997
2014-02-20,3,0,98,57,22,19,98,138.6,37.13,26.34,202.07
2014-02-21,4,0,100,59,22,19,100,172.21,38.95,21.63,232.79000000000002
2014-02-22,5,1,102,60,22,20,67,114.44,26.77,27.6,168.81
2014-02-23,6,1,103,60,23,20,66,94.73,21.51,3.84,120.08000000000001
2014-02-24,0,0,103,59,25,19,103,180.51,8.16,27.17,215.83999999999997
2014-02-25,1,0,105,61,24,20,105,245.93,33.65,20.66,300.24
2014-02-26,2,0,104,60,24,20,104,235.36,12.27,19.65,267.28000000000003
2014-02-27,3,0,102,58,24,20,102,225.71,21.55,11.79,259.05
2014-02-28,4,0,101,56,25,20,101,246.82,30.23,27.26,304.31
2014-03-01,5,1,102,60,22,20,75,252.78,17.73,25.06,295.57
2014-03-02,6,1,103,61,22,20,68,33.01,5.34,13.91,52.25999999999999
2014-03-03,0,0,103,61,23,19,103,149.73,3.08,14.98,167.79
2014-03-04,1,0,103,61,22,20,103,324.77,21.67,20.59,367.03
2014-03-05,2,0,103,62,20,21,103,169.58,11.02,12.89,193.49
2014-03-06,3,0,102,63,18,21,102,304.1,37.75,11.66,353.51000000000005
2014-03-07,4,0,99,59,20,20,99,165.85,5.8,16.1,187.75
2014-03-08,5,1,101,60,20,21,69,123.91,22.98,18.12,165.01
2014-03-09,6,1,101,61,19,21,66,47.96,9.07,4.42,61.45
2014-03-10,0,0,101,59,21,21,101,317.71,26.06,28.75,372.52
2014-03-11,1,0,101,58,23,20,101,205.11,29.76,23.93,258.8
2014-03-12,2,0,101,57,23,21,101,129.67,55.1,26.55,211.32
2014-03-13,3,0,104,59,23,22,104,106.9,25.1,10.21,142.21
2014-03-14,4,0,105,61,22,22,105,111.35,27.42,19.5,158.26999999999998
2014-03-15,5,1,107,61,21,25,78,118.81,43.81,19.36,181.98000000000002
2014-03-16,6,1,106,60,19,27,68,57.56,14.4,13.96,85.92000000000002
2014-03-17,0,0,105,61,18,26,105,260.05,15.4,44.98,320.43
2014-03-18,1,0,107,61,20,26,107,148.69,22.83,41.64,213.15999999999997
2014-03-19,2,0,107,61,20,26,107,157.02,6.28,20.24,183.54000000000002
2014-03-20,3,0,106,60,21,25,106,270.9,12.47,15.01,298.38
2014-03-21,4,0,105,57,22,26,105,281.96,11.95,31.4,325.30999999999995
2014-03-22,5,1,105,57,23,25,78,138.15,24.48,16.17,178.8
2014-03-23,6,1,106,56,25,25,74,96.51,0.0,31.76,128.27
2014-03-24,0,0,104,55,23,26,104,164.18,19.01,29.43,212.62
2014-03-25,1,0,101,53,23,25,101,260.36,16.94,20.23,297.53000000000003
2014-03-26,2,0,102,54,21,27,102,47.85,20.1,13.21,81.16
2014-03-27,3,0,101,54,19,28,101,141.56,15.72,21.89,179.17000000000002
2014-03-28,4,0,104,56,20,28,104,75.14,9.38,15.1,99.61999999999999
2014-03-29,5,1,104,56,21,27,72,114.25,21.33,21.32,156.89999999999998
2014-03-30,6,1,105,57,22,26,78,62.52,12.57,15.48,90.57000000000001
2014-03-31,0,0,104,55,23,26,104,106.71,15.87,27.68,150.26
2014-04-01,1,0,104,55,23,26,104,189.07,15.65,22.6,227.32
2014-04-02,2,0,104,54,23,27,104,159.17,3.03,10.21,172.41
2014-04-03,3,0,104,54,24,26,104,132.43,12.39,5.11,149.93
2014-04-04,4,0,105,55,24,26,105,165.2,24.84,15.9,205.94
2014-04-05,5,1,105,56,24,25,78,133.85,12.96,10.52,157.33
2014-04-06,6,1,105,57,23,25,73,94.34,1.18,10.49,106.01
2014-04-07,0,0,105,59,21,25,105,219.69,11.39,31.24,262.32
2014-04-08,1,0,105,59,22,24,105,135.06,16.81,21.3,173.17000000000002
2014-04-09,2,0,105,58,22,25,105,126.17,6.04,29.83,162.04000000000002
2014-04-10,3,0,105,58,24,23,105,126.63,27.0,15.15,168.78
2014-04-11,4,0,105,58,24,23,105,177.66,5.92,26.89,210.46999999999997
2014-04-12,5,1,106,55,27,24,79,126.32,50.55,33.79,210.66
2014-04-13,6,1,101,51,28,22,70,25.79,7.38,13.59,46.760000000000005
2014-04-14,0,0,100,51,27,22,100,188.71,27.69,5.31,221.71
2014-04-15,1,0,100,52,26,22,100,122.13,34.17,19.47,175.77
2014-04-16,2,0,100,52,27,21,100,168.49,1.07,8.86,178.42000000000002
2014-04-17,3,0,98,51,26,21,98,109.7,51.19,22.42,183.31
2014-04-18,4,0,98,53,25,20,98,150.67,24.31,27.9,202.88
2014-04-19,5,1,99,55,24,20,66,101.18,14.62,29.38,145.18
2014-04-20,6,1,102,55,26,21,66,0.0,0.0,0.0,0.0
2014-04-21,0,0,101,53,27,21,101,92.94,22.32,5.8,121.05999999999999
2014-04-22,1,0,101,53,27,21,101,214.46,23.33,23.12,260.91
2014-04-23,2,0,100,54,25,21,100,165.35,20.2,25.94,211.48999999999998
2014-04-24,3,0,102,56,25,21,102,179.75,14.38,9.18,203.31
2014-04-25,4,0,103,57,27,19,103,172.29,25.24,11.94,209.47
2014-04-26,5,1,105,58,28,19,75,176.9,29.42,15.99,222.31
2014-04-27,6,1,105,60,26,19,70,119.94,4.77,15.1,139.81
2014-04-28,0,0,106,60,26,20,106,204.14,22.1,5.35,231.58999999999997
2014-04-29,1,0,105,58,27,20,105,213.03,15.94,12.57,241.54
2014-04-30,2,0,106,60,27,19,106,303.54,28.43,15.78,347.75
2014-05-01,3,0,105,58,28,19,105,1.2,0.0,0.0,1.2
2014-05-02,4,0,104,56,32,16,104,271.89,43.15,22.75,337.78999999999996
2014-05-03,5,1,104,56,31,17,69,63.74,10.95,13.6,88.28999999999999
2014-05-04,6,1,102,53,31,18,75,99.39,6.57,5.89,111.85000000000001
2014-05-05,0,0,99,51,31,17,99,135.79,18.37,11.04,165.2
2014-05-06,1,0,102,54,32,16,102,154.04,27.24,23.15,204.43
2014-05-07,2,0,104,56,31,17,104,117.17,22.87,11.61,151.64999999999998
2014-05-08,3,0,104,56,33,15,104,141.19,26.86,6.62,174.67000000000002
2014-05-09,4,0,103,55,36,12,103,111.28,33.07,5.3,149.65
2014-05-10,5,1,105,57,35,13,66,175.56,35.0,12.83,223.39000000000001
2014-05-11,6,1,107,57,36,14,71,81.25,19.42,5.57,106.24000000000001
2014-05-12,0,0,107,57,36,14,107,86.49,23.49,11.76,121.74
2014-05-13,1,0,104,54,36,14,104,223.44,20.49,10.96,254.89000000000001
2014-05-14,2,0,105,54,35,16,105,167.67,10.41,2.95,181.02999999999997
2014-05-15,3,0,103,56,31,16,103,131.25,20.26,7.06,158.57
2014-05-16,4,0,104,58,31,15,104,156.68,27.86,16.73,201.27
2014-05-17,5,1,106,59,31,16,77,182.08,33.15,7.37,222.60000000000002
2014-05-18,6,1,105,58,33,14,72,42.74,14.58,8.58,65.9
2014-05-19,0,0,104,57,32,15,104,86.64,14.3,24.76,125.7
2014-05-20,1,0,104,56,32,16,104,189.52,27.89,3.36,220.77000000000004
2014-05-21,2,0,104,57,32,15,104,104.87,16.28,5.85,127.0
2014-05-22,3,0,103,56,31,16,103,55.29,20.1,10.82,86.21000000000001
2014-05-23,4,0,102,54,34,14,102,117.28,20.58,14.19,152.05
2014-05-24,5,1,102,54,32,16,72,136.81,28.75,9.39,174.95
2014-05-25,6,1,104,55,33,16,72,34.0,21.73,6.39,62.120000000000005
2014-05-26,0,0,105,56,32,17,105,125.63,19.88,9.21,154.72
2014-05-27,1,0,103,53,33,17,103,196.87,34.92,0.25,232.04000000000002
2014-05-28,2,0,103,53,31,19,103,72.32,25.22,4.45,101.99
2014-05-29,3,0,100,51,32,17,100,180.73,35.43,13.25,229.41
2014-05-30,4,0,102,50,34,18,102,144.23,40.86,10.82,195.90999999999997
2014-05-31,5,1,103,52,32,19,69,128.62,25.89,20.28,174.79
2014-06-01,6,1,102,50,34,18,74,51.0,11.87,2.82,65.69
2014-06-02,0,0,103,50,33,20,103,162.92,47.49,16.16,226.57
2014-06-03,1,0,102,48,35,19,102,165.71,20.03,11.69,197.43
2014-06-04,2,0,103,48,35,20,103,166.59,18.45,3.5,188.54
2014-06-05,3,0,103,47,34,22,103,156.71,12.12,1.82,170.65
2014-06-06,4,0,103,48,33,22,103,113.7,44.98,22.24,180.92000000000002
2014-06-07,5,1,103,49,33,21,75,165.62,21.22,37.18,224.02
2014-06-08,6,1,103,49,33,21,73,53.75,22.57,4.29,80.61
2014-06-09,0,0,102,49,32,21,102,122.23,48.48,26.62,197.33
2014-06-10,1,0,103,51,31,21,103,158.66,46.77,35.18,240.61
2014-06-11,2,0,102,51,30,21,102,87.4,45.51,18.35,151.26
2014-06-12,3,0,103,52,29,22,103,114.26,34.16,18.64,167.06
2014-06-13,4,0,105,53,31,21,105,70.48,31.69,3.82,105.99
2014-06-14,5,1,105,53,31,21,79,42.94,27.28,16.91,87.13
2014-06-15,6,1,105,52,31,22,75,40.04,13.63,1.42,55.09
2014-06-16,0,0,105,52,31,22,105,81.87,33.4,19.39,134.66000000000003
2014-06-17,1,0,107,55,30,22,107,103.31,36.02,21.36,160.69
2014-06-18,2,0,107,55,31,21,107,131.72,18.93,9.04,159.69
2014-06-19,3,0,106,54,31,21,106,102.99,23.03,12.49,138.51
2014-06-20,4,0,106,54,29,23,106,100.46,26.17,34.34,160.97
2014-06-21,5,1,105,56,28,21,67,68.59,27.65,25.3,121.54
2014-06-22,6,1,103,54,29,20,76,87.37,19.52,15.46,122.35
2014-06-23,0,0,104,53,30,21,104,175.79,35.46,10.74,221.99
2014-06-24,1,0,104,53,30,21,104,114.89,65.88,12.66,193.42999999999998
2014-06-25,2,0,104,53,32,19,104,232.1,53.88,30.52,316.5
2014-06-26,3,0,103,52,31,20,103,131.44,41.49,11.82,184.75
2014-06-27,4,0,102,50,31,21,102,224.16,37.94,18.58,280.68
2014-06-28,5,1,102,50,32,20,67,91.78,36.62,1.78,130.18
2014-06-29,6,1,105,54,31,20,75,49.76,2.11,0.05,51.919999999999995
2014-06-30,0,0,105,52,31,22,105,175.22,18.62,26.69,220.53
2014-07-01,1,0,105,52,31,22,105,133.06,30.63,18.83,182.51999999999998
2014-07-02,2,0,104,51,33,20,104,151.44,20.96,12.42,184.82
2014-07-03,3,0,105,53,32,20,105,86.26,21.45,8.34,116.05000000000001
2014-07-04,4,0,105,54,32,19,105,73.65,39.99,16.46,130.10000000000002
2014-07-05,5,1,105,53,34,18,75,187.57,27.91,11.86,227.33999999999997
2014-07-06,6,1,105,52,33,20,76,53.71,24.08,15.93,93.72
2014-07-07,0,0,105,53,31,21,105,90.97,31.85,8.34,131.16
2014-07-08,1,0,105,53,31,21,105,99.47,10.05,26.29,135.81
2014-07-09,2,0,104,51,32,21,104,92.93,18.77,13.05,124.75
2014-07-10,3,0,104,52,32,20,104,144.66,92.23,9.32,246.20999999999998
2014-07-11,4,0,105,52,33,20,105,115.67,50.9,8.22,174.79
2014-07-12,5,1,103,52,33,18,76,142.68,30.26,29.92,202.86
2014-07-13,6,1,102,51,34,17,73,84.3,5.76,5.62,95.68
2014-07-14,0,0,102,51,34,17,102,78.59,55.26,16.91,150.76
2014-07-15,1,0,103,51,35,17,103,104.82,54.44,10.7,169.95999999999998
2014-07-16,2,0,101,51,33,17,101,89.47,32.8,13.43,135.7
2014-07-17,3,0,102,51,34,17,102,170.07,39.09,6.98,216.14
2014-07-18,4,0,98,50,33,15,98,93.77,15.55,26.9,136.22
2014-07-19,5,1,98,53,31,14,65,36.97,21.39,20.38,78.74
2014-07-20,6,1,98,53,32,13,62,36.28,10.86,7.31,54.45
2014-07-21,0,0,99,53,33,13,99,129.68,32.17,7.87,169.72000000000003
2014-07-22,1,0,100,53,35,12,100,60.47,17.05,11.94,89.46
2014-07-23,2,0,100,54,35,11,100,51.87,50.32,6.22,108.41
2014-07-24,3,0,101,55,35,11,101,154.71,12.62,11.89,179.22000000000003
2014-07-25,4,0,101,55,33,13,101,69.59,39.71,12.44,121.74000000000001
2014-07-26,5,1,101,55,33,13,69,167.83,29.37,9.82,207.02
2014-07-27,6,1,101,55,33,13,65,42.53,10.16,8.48,61.17
2014-07-28,0,0,102,55,34,13,102,58.61,22.3,5.56,86.47
2014-07-29,1,0,104,54,36,14,104,89.54,43.03,6.24,138.81
2014-07-30,2,0,105,54,36,15,105,95.84,39.61,2.75,138.2
2014-07-31,3,0,104,54,34,16,104,76.64,22.63,9.42,108.69
2014-08-01,4,0,102,52,34,16,102,96.0,48.38,6.76,151.14
2014-08-02,5,1,101,51,34,16,74,145.96,29.66,16.5,192.12
2014-08-03,6,1,101,51,33,17,71,26.74,13.81,17.46,58.01
2014-08-04,0,0,103,53,34,16,103,151.07,38.92,12.39,202.38
2014-08-05,1,0,104,54,34,16,104,122.29,25.33,6.45,154.07
2014-08-06,2,0,104,55,33,16,104,120.57,20.38,18.28,159.23
2014-08-07,3,0,106,57,33,16,106,235.7,35.11,11.46,282.27
2014-08-08,4,0,103,55,32,16,103,87.79,32.39,16.11,136.29000000000002
2014-08-09,5,1,104,55,33,16,77,98.18,61.35,13.0,172.53
2014-08-10,6,1,105,55,34,16,75,15.86,10.17,12.01,38.04
2014-08-11,0,0,105,56,32,17,105,140.8,50.88,28.2,219.88
2014-08-12,1,0,104,55,31,18,104,68.31,23.86,1.0,93.17
2014-08-13,2,0,105,54,32,19,105,140.96,31.19,5.78,177.93
2014-08-14,3,0,105,53,33,19,105,101.35,38.34,14.75,154.44
2014-08-15,4,0,106,52,33,21,106,94.2,44.6,17.42,156.22000000000003
2014-08-16,5,1,106,54,30,22,76,98.38,70.62,35.17,204.17000000000002
2014-08-17,6,1,106,55,30,21,80,35.98,19.09,2.29,57.35999999999999
2014-08-18,0,0,104,53,30,21,104,114.93,58.96,17.4,191.29000000000002
2014-08-19,1,0,102,51,30,21,102,110.98,38.53,47.84,197.35
2014-08-20,2,0,102,51,31,20,102,62.24,28.0,20.98,111.22000000000001
2014-08-21,3,0,103,50,33,20,103,121.37,46.79,12.34,180.5
2014-08-22,4,0,102,50,33,19,102,129.08,45.48,24.1,198.66
2014-08-23,5,1,100,48,33,19,67,114.07,13.77,11.35,139.19
2014-08-24,6,1,99,49,32,18,72,33.32,30.56,11.61,75.49
2014-08-25,0,0,101,50,33,18,101,142.58,61.23,14.65,218.46
2014-08-26,1,0,104,50,35,19,104,215.34,41.48,8.34,265.15999999999997
2014-08-27,2,0,103,50,34,19,103,146.47,42.13,12.37,200.97
2014-08-28,3,0,105,53,34,18,105,227.3,56.5,7.6,291.40000000000003
2014-08-29,4,0,105,53,34,18,105,185.71,51.85,21.69,259.25
2014-08-30,5,1,105,53,35,17,72,63.91,34.21,12.19,110.31
2014-08-31,6,1,105,53,38,14,67,68.47,31.29,0.0,99.75999999999999
2014-09-01,0,0,105,53,37,15,105,111.47,44.68,10.49,166.64000000000001
2014-09-02,1,0,102,52,35,15,102,141.37,20.47,7.05,168.89000000000001
2014-09-03,2,0,100,48,37,15,100,149.39,35.08,20.86,205.32999999999998
2014-09-04,3,0,100,48,36,16,100,115.1,61.27,18.96,195.33
2014-09-05,4,0,103,52,35,16,103,107.72,43.97,11.84,163.53
2014-09-06,5,1,102,51,34,17,69,74.65,78.73,18.53,171.91
2014-09-07,6,1,101,54,31,16,73,34.85,21.15,6.02,62.019999999999996
2014-09-08,0,0,104,56,32,16,104,144.26,39.65,2.8,186.71
2014-09-09,1,0,104,56,32,16,104,204.78,45.7,19.19,269.67
2014-09-10,2,0,103,56,31,16,103,259.98,31.0,13.78,304.76
2014-09-11,3,0,104,56,31,17,104,223.04,41.47,0.61,265.12
2014-09-12,4,0,104,55,32,17,104,139.32,52.3,9.58,201.20000000000002
2014-09-13,5,1,104,56,30,18,70,261.84,50.56,10.28,322.67999999999995
2014-09-14,6,1,107,58,31,18,78,102.49,15.31,5.03,122.83
2014-09-15,0,0,105,57,30,18,105,199.02,25.63,4.47,229.12
2014-09-16,1,0,103,55,30,18,103,409.24,35.53,14.21,458.97999999999996
2014-09-17,2,0,104,55,30,19,104,275.6,28.31,9.22,313.13000000000005
2014-09-18,3,0,103,54,30,19,103,303.4,19.33,11.11,333.84
2014-09-19,4,0,102,53,29,20,102,155.93,23.39,7.68,187.0
2014-09-20,5,1,100,50,30,20,67,92.99,34.86,17.62,145.47
2014-09-21,6,1,99,48,30,21,65,52.1,18.74,4.61,75.45
2014-09-22,0,0,101,47,32,22,101,233.86,30.82,14.02,278.7
2014-09-23,1,0,103,49,31,23,103,177.13,32.24,14.17,223.54
2014-09-24,2,0,103,50,31,22,103,169.6,43.13,26.09,238.82
2014-09-25,3,0,103,51,30,22,103,340.25,44.16,21.09,405.49999999999994
2014-09-26,4,0,101,51,27,23,101,254.88,62.0,18.32,335.2
2014-09-27,5,1,102,51,30,21,73,226.47,47.55,16.85,290.87
2014-09-28,6,1,102,53,30,19,69,97.48,15.8,0.62,113.9
2014-09-29,0,0,101,53,30,18,101,200.04,33.57,24.27,257.88
2014-09-30,1,0,100,51,32,17,100,404.13,27.86,34.0,465.99
2014-10-01,2,0,102,53,32,17,102,301.25,41.67,7.61,350.53000000000003
2014-10-02,3,0,101,53,32,16,101,161.82,29.53,5.97,197.32
2014-10-03,4,0,102,55,31,16,102,297.95,32.17,14.64,344.76
2014-10-04,5,1,101,52,33,16,68,226.88,30.59,15.15,272.61999999999995
2014-10-05,6,1,101,53,33,15,66,79.93,2.57,5.05,87.55
2014-10-06,0,0,100,51,36,13,100,468.64,35.84,14.08,518.5600000000001
2014-10-07,1,0,99,49,34,16,99,273.4,48.58,9.76,331.73999999999995
2014-10-08,2,0,98,49,33,16,98,323.83,48.09,12.52,384.43999999999994
2014-10-09,3,0,99,50,34,15,99,319.15,27.26,2.94,349.34999999999997
2014-10-10,4,0,100,51,32,17,100,192.46,66.31,14.36,273.13
2014-10-11,5,1,99,50,31,18,74,171.78,37.75,11.42,220.95
2014-10-12,6,1,98,49,32,17,70,102.03,17.0,10.21,129.24
2014-10-13,0,0,98,49,31,18,98,206.06,29.94,6.5,242.5
2014-10-14,1,0,97,48,31,18,97,207.24,20.26,11.64,239.14
2014-10-15,2,0,99,47,33,19,99,157.3,42.39,4.54,204.23
2014-10-16,3,0,99,46,33,20,99,388.61,28.79,27.68,445.08000000000004
2014-10-17,4,0,98,45,33,20,98,277.9,66.54,12.06,356.5
2014-10-18,5,1,98,45,32,21,75,105.32,66.7,17.64,189.65999999999997
2014-10-19,6,1,98,45,33,20,71,65.63,25.68,13.45,104.76
2014-10-20,0,0,98,46,32,20,98,230.45,72.54,12.91,315.90000000000003
2014-10-21,1,0,98,47,31,20,98,94.15,32.33,9.19,135.67000000000002
2014-10-22,2,0,97,46,31,20,97,133.78,21.33,13.3,168.41000000000003
2014-10-23,3,0,98,46,32,20,98,209.7,20.27,6.03,236.0
2014-10-24,4,0,100,49,32,19,100,325.27,52.06,13.34,390.66999999999996
2014-10-25,5,1,100,49,32,19,76,161.67,54.73,8.61,225.01
2014-10-26,6,1,99,50,30,19,73,149.19,13.36,12.74,175.29000000000002
2014-10-27,0,0,101,51,31,19,101,168.09,47.85,31.73,247.67
2014-10-28,1,0,101,53,29,19,101,276.37,61.38,15.91,353.66
2014-10-29,2,0,102,53,31,18,102,279.73,53.22,18.11,351.06000000000006
2014-10-30,3,0,101,50,33,18,101,135.11,30.97,0.98,167.06
2014-10-31,4,0,100,50,32,18,100,203.87,44.16,7.01,255.04
2014-11-01,5,1,100,50,32,18,72,208.89,59.26,8.4,276.54999999999995
2014-11-02,6,1,103,52,33,18,68,9.48,8.8,14.52,32.8
2014-11-03,0,0,102,53,31,18,102,184.5,51.9,24.83,261.23
2014-11-04,1,0,100,53,29,18,100,175.94,39.74,22.85,238.53
2014-11-05,2,0,100,52,28,20,100,181.34,53.78,0.44,235.56
2014-11-06,3,0,101,53,28,20,101,157.77,61.54,23.65,242.96
2014-11-07,4,0,101,53,28,20,101,105.85,88.44,24.79,219.07999999999998
2014-11-08,5,1,102,54,26,22,65,148.57,58.06,52.4,259.03
2014-11-09,6,1,99,51,26,22,71,109.01,50.85,15.29,175.15
2014-11-10,0,0,102,54,26,22,102,166.69,34.7,4.63,206.01999999999998
2014-11-11,1,0,101,56,24,21,101,159.17,45.79,33.4,238.35999999999999
2014-11-12,2,0,102,57,26,19,102,171.34,41.14,10.93,223.41000000000003
2014-11-13,3,0,99,54,26,19,99,220.58,24.83,29.61,275.02000000000004
2014-11-14,4,0,99,53,27,19,99,195.94,51.14,20.13,267.21
2014-11-15,5,1,99,52,29,18,71,111.7,48.91,16.74,177.35000000000002
2014-11-16,6,1,99,52,29,18,72,85.15,32.03,7.63,124.81
2014-11-17,0,0,99,52,28,19,99,152.32,60.22,33.65,246.19
2014-11-18,1,0,99,52,28,19,99,127.88,26.58,9.73,164.18999999999997
2014-11-19,2,0,98,52,27,19,98,207.81,46.47,4.32,258.6
2014-11-20,3,0,97,51,29,17,97,122.58,33.54,13.1,169.22
2014-11-21,4,0,98,53,28,17,98,145.31,40.7,4.58,190.59
2014-11-22,5,1,96,50,29,17,64,98.65,35.08,19.27,153.00000000000003
2014-11-23,6,1,98,51,28,19,66,98.49,27.21,15.33,141.03
2014-11-24,0,0,99,51,28,20,99,203.34,52.06,16.12,271.52
2014-11-25,1,0,98,49,29,20,98,124.14,50.18,21.45,195.76999999999998
2014-11-26,2,0,98,51,27,20,98,139.64,35.38,11.35,186.36999999999998
2014-11-27,3,0,98,50,29,19,98,140.53,24.58,27.04,192.15
2014-11-28,4,0,99,51,29,19,99,107.67,33.59,11.84,153.1
2014-11-29,5,1,99,51,30,18,65,134.08,39.23,11.4,184.71
2014-11-30,6,1,100,51,32,17,69,103.89,22.26,19.68,145.83
2014-12-01,0,0,100,50,32,18,100,246.75,51.63,15.59,313.96999999999997
2014-12-02,1,0,101,54,30,17,101,51.24,69.53,23.77,144.54000000000002
2014-12-03,2,0,101,54,30,17,101,112.42,62.3,13.28,188.0
2014-12-04,3,0,102,53,31,18,102,196.15,44.29,10.24,250.68
2014-12-05,4,0,102,53,32,17,102,194.22,40.73,6.44,241.39
2014-12-06,5,1,104,54,32,18,78,62.57,22.21,12.18,96.96000000000001
2014-12-07,6,1,103,53,31,19,73,221.92,15.17,18.75,255.83999999999997
2014-12-08,0,0,101,51,31,19,101,135.08,24.4,3.08,162.56000000000003
2014-12-09,1,0,103,53,30,20,103,184.64,32.62,3.08,220.34
2014-12-10,2,0,103,53,30,20,103,351.75,79.33,13.25,444.33
2014-12-11,3,0,105,54,31,20,105,114.78,59.51,9.1,183.39
2014-12-12,4,0,105,55,30,20,105,292.97,52.5,24.7,370.17
2014-12-13,5,1,105,54,32,19,75,128.66,28.21,3.7,160.57
2014-12-14,6,1,105,54,32,19,71,187.74,27.06,37.98,252.78
2014-12-15,0,0,104,56,30,18,104,292.97,37.7,19.39,350.06
2014-12-16,1,0,103,56,31,16,103,157.89,59.38,20.52,237.79
2014-12-17,2,0,105,56,35,14,105,194.88,48.19,8.23,251.29999999999998
2014-12-18,3,0,104,56,32,16,104,184.69,23.83,15.62,224.14
2014-12-19,4,0,103,54,33,16,103,3.88,0.0,0.83,4.71
2014-12-20,5,1,104,57,32,15,72,152.16,20.67,3.07,175.89999999999998
2014-12-21,6,1,102,57,30,15,69,244.6,15.24,12.63,272.46999999999997
2014-12-22,0,0,104,59,31,14,104,136.9,111.12,8.71,256.73
2014-12-23,1,0,105,59,32,14,105,284.62,33.4,28.85,346.87
2014-12-24,2,0,105,60,31,14,105,292.72,40.85,3.03,336.6
2014-12-25,3,0,105,60,31,14,105,220.5,42.58,22.81,285.89
2014-12-26,4,0,102,58,30,14,102,205.18,61.8,10.08,277.06
2014-12-27,5,1,102,58,28,16,66,172.8,60.22,22.6,255.62
2014-12-28,6,1,102,57,29,16,75,402.15,35.43,7.18,444.76
2014-12-29,0,0,102,58,28,16,102,272.58,14.02,7.81,294.40999999999997
2014-12-30,1,0,102,59,27,16,102,348.17,44.48,27.8,420.45000000000005
2014-12-31,2,0,102,60,26,16,102,280.72,32.47,18.11,331.30000000000007
2015-01-01,3,0,104,63,25,16,104,0.38,0.3,0.0,0.6799999999999999
2015-01-02,4,0,104,63,24,17,104,355.3,29.71,20.11,405.12
2015-01-03,5,1,106,65,23,18,71,269.49,24.41,32.13,326.03000000000003
2015-01-04,6,1,106,66,23,17,76,305.79,7.38,15.26,328.43
2015-01-05,0,0,105,63,27,15,105,235.45,33.44,7.55,276.44
2015-01-06,1,0,105,64,27,14,105,293.26,28.83,8.29,330.38
2015-01-07,2,0,104,62,28,14,104,0.27,0.0,0.0,0.27
2015-01-08,3,0,104,64,26,14,104,322.8,28.6,5.55,356.95000000000005
2015-01-09,4,0,104,63,25,16,104,249.78,75.81,9.34,334.93
2015-01-10,5,1,105,63,25,17,66,142.4,28.28,20.75,191.43
2015-01-11,6,1,105,63,26,16,71,207.74,24.49,10.18,242.41000000000003
2015-01-12,0,0,105,63,26,16,105,252.06,42.71,7.69,302.46
2015-01-13,1,0,104,62,25,17,104,234.8,33.36,34.82,302.98
2015-01-14,2,0,103,62,24,17,103,156.02,47.16,10.21,213.39000000000001
2015-01-15,3,0,102,63,21,18,102,376.06,26.99,24.4,427.45
2015-01-16,4,0,103,62,24,17,103,297.89,37.2,22.34,357.42999999999995
2015-01-17,5,1,103,60,27,16,66,85.42,41.01,21.77,148.20000000000002
2015-01-18,6,1,103,60,27,16,63,84.82,36.3,12.81,133.92999999999998
2015-01-19,0,0,102,60,26,16,102,216.7,27.22,16.03,259.95
2015-01-20,1,0,102,61,26,15,102,257.92,55.47,11.94,325.33
2015-01-21,2,0,103,61,29,13,103,259.39,41.85,10.46,311.7
2015-01-22,3,0,102,61,27,14,102,144.7,43.43,10.56,198.69
2015-01-23,4,0,103,61,28,14,103,207.16,33.14,9.64,249.94
2015-01-24,5,1,103,62,27,14,67,220.82,64.81,11.61,297.24
2015-01-25,6,1,105,62,30,13,66,168.51,26.41,10.23,205.14999999999998
2015-01-26,0,0,104,62,28,14,104,235.63,33.61,23.6,292.84000000000003
2015-01-27,1,0,105,61,30,14,105,139.57,35.07,7.94,182.57999999999998
2015-01-28,2,0,105,62,29,14,105,225.51,41.97,8.07,275.55
2015-01-29,3,0,105,62,30,13,105,171.43,39.91,10.72,222.06
2015-01-30,4,0,105,62,29,14,105,143.74,45.53,2.58,191.85000000000002
2015-01-31,5,1,104,60,29,15,70,149.82,24.79,25.39,200.0
2015-02-01,6,1,102,59,26,17,66,158.96,14.9,15.08,188.94000000000003
2015-02-02,0,0,103,60,26,17,103,143.21,31.78,20.95,195.94
2015-02-03,1,0,106,62,27,17,106,169.32,44.17,11.59,225.08
2015-02-04,2,0,105,62,25,18,105,271.93,15.75,8.67,296.35
2015-02-05,3,0,105,63,24,18,105,170.38,29.61,7.3,207.29000000000002
2015-02-06,4,0,105,63,25,17,105,162.94,18.0,12.02,192.96
2015-02-07,5,1,105,62,26,17,64,144.8,20.15,7.4,172.35000000000002
2015-02-08,6,1,105,62,27,16,73,146.32,17.54,4.3,168.16
2015-02-09,0,0,103,62,25,16,103,141.61,18.53,11.4,171.54000000000002
2015-02-10,1,0,104,61,27,16,104,229.89,26.67,11.12,267.68
2015-02-11,2,0,105,62,27,16,105,338.35,39.01,9.73,387.09000000000003
2015-02-12,3,0,105,62,27,16,105,166.37,27.06,9.71,203.14000000000001
2015-02-13,4,0,104,60,29,15,104,204.0,25.95,18.29,248.23999999999998
2015-02-14,5,1,105,60,29,16,66,126.76,32.05,12.85,171.66
2015-02-15,6,1,103,59,27,17,71,179.17,16.81,39.87,235.85
2015-02-16,0,0,102,59,26,17,102,271.3,11.43,9.72,292.45000000000005
2015-02-17,1,0,100,57,26,17,100,242.44,6.69,17.85,266.98
2015-02-18,2,0,100,58,24,18,100,240.95,10.32,3.68,254.95
2015-02-19,3,0,100,56,25,19,100,243.38,5.52,6.46,255.36
2015-02-20,4,0,100,52,28,20,100,178.31,13.3,21.0,212.61
2015-02-21,5,1,101,55,26,20,75,286.77,22.49,10.5,319.76
2015-02-22,6,1,101,55,26,20,67,223.55,15.67,8.14,247.36
2015-02-23,0,0,100,55,24,21,100,372.03,22.65,21.55,416.22999999999996
2015-02-24,1,0,100,54,25,21,100,147.63,29.2,15.7,192.52999999999997
2015-02-25,2,0,100,54,25,21,100,164.75,21.5,29.12,215.37
2015-02-26,3,0,98,50,26,22,98,241.4,34.18,26.63,302.21
2015-02-27,4,0,100,51,28,21,100,339.02,1.97,25.93,366.92
2015-02-28,5,1,98,49,29,20,67,118.76,22.17,25.45,166.38
2015-03-01,6,1,99,50,28,21,67,118.55,7.19,37.84,163.57999999999998
2015-03-02,0,0,101,51,30,20,101,276.25,17.05,27.01,320.31
2015-03-03,1,0,102,52,30,20,102,311.98,38.49,32.02,382.49
2015-03-04,2,0,101,51,32,18,101,317.37,11.79,34.62,363.78000000000003
2015-03-05,3,0,102,53,31,18,102,239.49,5.0,21.6,266.09000000000003
2015-03-06,4,0,102,52,30,20,102,133.02,11.54,7.35,151.91
2015-03-07,5,1,102,52,30,20,72,9.12,0.28,13.38,22.78
2015-03-08,6,1,102,52,30,20,76,281.24,23.64,23.76,328.64
2015-03-09,0,0,102,52,30,20,102,220.45,27.97,7.15,255.57
2015-03-10,1,0,103,51,31,21,103,278.8,17.37,6.25,302.42
2015-03-11,2,0,104,53,29,22,104,220.73,26.85,47.55,295.13
2015-03-12,3,0,107,58,28,21,107,138.61,13.18,10.78,162.57000000000002
2015-03-13,4,0,106,57,29,20,106,449.42,29.63,15.75,494.8
2015-03-14,5,1,105,56,29,20,72,189.94,23.82,10.63,224.39
2015-03-15,6,1,105,56,29,20,69,188.84,7.26,13.35,209.45
2015-03-16,0,0,105,55,30,20,105,325.83,23.02,31.45,380.29999999999995
2015-03-17,1,0,103,54,28,21,103,200.24,25.54,20.62,246.4
2015-03-18,2,0,102,53,28,21,102,165.24,13.71,30.05,209.00000000000003
2015-03-19,3,0,102,53,28,21,102,211.36,20.02,8.81,240.19000000000003
2015-03-20,4,0,101,53,27,21,101,262.28,35.4,3.54,301.21999999999997
2015-03-21,5,1,99,52,26,21,68,189.53,10.08,43.8,243.41000000000003
2015-03-22,6,1,99,53,25,21,70,205.23,22.47,34.56,262.26
2015-03-23,0,0,97,53,26,18,97,182.66,13.41,6.45,202.51999999999998
2015-03-24,1,0,98,55,25,18,98,148.33,20.4,14.47,183.20000000000002
2015-03-25,2,0,98,54,24,20,98,112.53,24.19,14.5,151.22
2015-03-26,3,0,99,54,24,21,99,342.94,25.53,21.05,389.52000000000004
2015-03-27,4,0,98,52,26,20,98,172.45,7.99,13.12,193.56
2015-03-28,5,1,96,50,26,20,72,244.49,17.34,5.69,267.52
2015-03-29,6,1,98,51,26,21,68,159.68,17.01,24.91,201.6
2015-03-30,0,0,99,52,27,20,99,169.72,9.02,26.29,205.03
2015-03-31,1,0,99,52,28,19,99,219.24,14.0,19.14,252.38
2015-04-01,2,0,101,54,28,19,101,167.11,17.77,24.34,209.22000000000003
2015-04-02,3,0,102,51,31,20,102,241.28,7.42,19.31,268.01
2015-04-03,4,0,101,51,29,21,101,230.98,35.49,22.23,288.7
2015-04-04,5,1,103,52,30,21,76,219.05,19.14,16.47,254.66
2015-04-05,6,1,100,49,30,21,68,140.87,12.32,13.88,167.07
2015-04-06,0,0,99,49,28,22,99,217.05,12.32,32.29,261.66
2015-04-07,1,0,99,51,27,21,99,164.5,24.23,25.01,213.73999999999998
2015-04-08,2,0,98,48,30,20,98,115.12,30.8,15.86,161.78000000000003
2015-04-09,3,0,103,51,32,20,103,153.82,24.22,4.94,182.98
2015-04-10,4,0,105,51,36,18,105,459.15,15.12,35.08,509.34999999999997
2015-04-11,5,1,104,52,35,17,74,128.9,27.31,39.35,195.56
2015-04-12,6,1,103,52,34,17,67,0.0,0.0,0.0,0.0
2015-04-13,0,0,102,52,33,17,102,171.59,14.13,22.64,208.36
2015-04-14,1,0,99,49,33,17,99,275.75,13.2,16.6,305.55
2015-04-15,2,0,101,51,34,16,101,197.79,43.13,7.55,248.47
2015-04-16,3,0,101,52,33,16,101,208.27,19.73,7.69,235.69
2015-04-17,4,0,102,53,34,15,102,208.05,15.53,27.59,251.17000000000002
2015-04-18,5,1,103,54,34,15,67,141.03,2.38,21.42,164.82999999999998
2015-04-19,6,1,106,56,35,15,76,183.81,6.49,27.57,217.87
2015-04-20,0,0,105,55,36,14,105,265.26,37.8,8.07,311.13
2015-04-21,1,0,105,55,37,13,105,246.26,26.2,15.61,288.07
2015-04-22,2,0,106,55,37,14,106,224.23,10.21,3.93,238.37
2015-04-23,3,0,105,54,38,13,105,199.66,23.59,10.2,233.45
2015-04-24,4,0,104,53,38,13,104,210.74,13.6,25.92,250.26
2015-04-25,5,1,104,53,37,14,75,193.2,7.83,14.01,215.04
2015-04-26,6,1,104,52,35,17,78,196.04,13.53,24.24,233.81
2015-04-27,0,0,106,49,39,18,106,302.6,32.62,9.88,345.1
2015-04-28,1,0,106,49,36,21,106,106.59,23.67,17.61,147.87
2015-04-29,2,0,105,49,35,21,105,190.47,5.42,7.44,203.32999999999998
2015-04-30,3,0,105,47,37,21,105,228.28,20.5,11.87,260.65
2015-05-01,4,0,105,47,37,21,105,77.83,13.03,22.49,113.35
2015-05-02,5,1,105,48,36,21,78,250.73,17.97,20.78,289.48
2015-05-03,6,1,105,49,35,21,77,96.17,8.89,27.48,132.54
2015-05-04,0,0,105,51,33,21,105,253.02,15.7,16.56,285.28000000000003
2015-05-05,1,0,105,51,34,20,105,130.99,17.9,13.54,162.43
2015-05-06,2,0,103,49,34,20,103,276.99,32.78,18.95,328.71999999999997
2015-05-07,3,0,100,46,34,20,100,140.46,11.01,8.41,159.88
2015-05-08,4,0,100,45,36,19,100,106.78,24.96,3.6,135.34
2015-05-09,5,1,100,45,37,18,75,106.8,31.46,12.41,150.67
2015-05-10,6,1,101,45,38,18,75,68.72,8.77,12.27,89.75999999999999
2015-05-11,0,0,99,45,36,18,99,142.01,9.53,11.72,163.26
2015-05-12,1,0,100,44,37,19,100,152.42,41.2,27.69,221.31
2015-05-13,2,0,100,44,35,21,100,189.1,17.9,33.59,240.59
2015-05-14,3,0,99,43,35,21,99,90.1,3.33,11.82,105.25
2015-05-15,4,0,99,43,34,22,99,319.87,25.16,14.67,359.70000000000005
2015-05-16,5,1,100,46,32,22,74,201.32,10.77,21.52,233.61
2015-05-17,6,1,100,47,31,22,73,115.85,0.21,21.77,137.82999999999998
2015-05-18,0,0,100,49,29,22,100,148.06,16.92,29.76,194.74
2015-05-19,1,0,100,50,27,23,100,133.58,21.14,13.75,168.47000000000003
2015-05-20,2,0,102,49,30,23,102,118.02,35.91,25.64,179.57
2015-05-21,3,0,101,48,30,23,101,71.32,15.99,28.24,115.54999999999998
2015-05-22,4,0,101,49,29,23,101,102.06,22.74,13.9,138.7
2015-05-23,5,1,101,50,27,24,67,104.66,26.44,26.97,158.07
2015-05-24,6,1,100,51,25,24,69,94.2,13.75,25.46,133.41
2015-05-25,0,0,100,52,24,24,100,203.99,29.72,46.22,279.93
2015-05-26,1,0,101,51,25,25,101,184.21,30.72,36.57,251.5
2015-05-27,2,0,103,50,29,24,103,166.28,21.03,19.01,206.32
2015-05-28,3,0,105,52,30,23,105,122.29,8.49,26.7,157.48
2015-05-29,4,0,105,52,31,22,105,290.77,17.98,27.76,336.51
2015-05-30,5,1,105,53,31,21,77,128.81,9.81,58.04,196.66
2015-05-31,6,1,105,53,30,22,77,165.57,5.83,12.91,184.31
2015-06-01,0,0,103,52,28,23,103,160.67,34.62,20.99,216.28
2015-06-02,1,0,103,52,29,22,103,166.97,29.2,36.6,232.76999999999998
2015-06-03,2,0,103,53,29,21,103,205.72,24.98,21.72,252.42
2015-06-04,3,0,102,52,29,21,102,131.96,13.89,9.79,155.64000000000001
2015-06-05,4,0,103,53,30,20,103,89.41,17.28,19.37,126.06
2015-06-06,5,1,101,51,30,20,76,81.2,14.35,15.32,110.87
2015-06-07,6,1,100,51,30,19,69,75.7,15.62,24.19,115.51
2015-06-08,0,0,101,52,32,17,101,213.09,27.51,20.61,261.21
2015-06-09,1,0,99,51,32,16,99,174.37,38.41,10.58,223.36
2015-06-10,2,0,100,49,33,18,100,124.28,17.17,17.07,158.51999999999998
2015-06-11,3,0,101,50,33,18,101,258.08,29.38,21.27,308.72999999999996
2015-06-12,4,0,101,51,33,17,101,113.29,6.33,5.23,124.85000000000001
2015-06-13,5,1,101,51,31,19,71,101.93,16.09,9.48,127.50000000000001
2015-06-14,6,1,102,52,32,18,68,64.36,13.71,17.13,95.19999999999999
2015-06-15,0,0,103,53,32,18,103,250.52,24.03,13.4,287.95
2015-06-16,1,0,103,53,32,18,103,136.4,16.24,24.7,177.34
2015-06-17,2,0,103,53,32,18,103,164.48,27.42,13.25,205.14999999999998
2015-06-18,3,0,100,52,30,18,100,159.92,10.49,10.61,181.01999999999998
2015-06-19,4,0,99,51,29,19,99,160.27,35.28,20.66,216.21
2015-06-20,5,1,98,50,29,19,70,128.76,11.52,35.51,175.79
2015-06-21,6,1,98,51,28,19,72,86.47,12.51,34.7,133.68
2015-06-22,0,0,98,52,26,20,98,192.76,0.4,20.06,213.22
2015-06-23,1,0,100,52,28,20,100,125.43,18.98,17.78,162.19
2015-06-24,2,0,100,52,27,21,100,159.38,13.58,15.62,188.58
2015-06-25,3,0,100,52,26,22,100,162.9,12.21,27.73,202.84
2015-06-26,4,0,100,52,27,21,100,195.24,5.98,30.14,231.36
2015-06-27,5,1,99,51,28,20,68,162.38,25.87,28.84,217.09
2015-06-28,6,1,99,51,29,19,64,49.35,0.52,20.59,70.46000000000001
2015-06-29,0,0,99,52,28,19,99,145.95,39.6,21.86,207.40999999999997
2015-06-30,1,0,98,50,30,18,98,233.66,32.72,3.5,269.88
2015-07-01,2,0,97,50,29,18,97,120.27,38.23,30.82,189.32
2015-07-02,3,0,99,52,29,18,99,154.85,8.78,11.2,174.82999999999998
2015-07-03,4,0,98,52,28,18,98,162.95,27.36,20.18,210.49
2015-07-04,5,1,100,52,28,20,69,70.47,4.7,28.79,103.96000000000001
2015-07-05,6,1,101,53,29,19,72,69.58,23.51,19.54,112.63
2015-07-06,0,0,100,52,30,18,100,133.08,20.14,19.8,173.02000000000004
2015-07-07,1,0,100,54,29,17,100,130.95,13.22,15.99,160.16
2015-07-08,2,0,99,52,30,17,99,127.78,15.06,7.02,149.86
2015-07-09,3,0,100,53,29,18,100,217.48,10.5,8.44,236.42
2015-07-10,4,0,100,52,31,17,100,251.09,40.7,18.17,309.96000000000004
2015-07-11,5,1,98,50,32,16,66,196.25,22.86,13.06,232.17000000000002
2015-07-12,6,1,100,53,30,17,72,123.23,12.59,21.3,157.12
2015-07-13,0,0,99,51,32,16,99,147.41,14.69,11.62,173.72
2015-07-14,1,0,100,50,34,16,100,96.77,3.7,1.56,102.03
2015-07-15,2,0,100,50,34,16,100,134.43,15.2,26.45,176.07999999999998
2015-07-16,3,0,100,49,35,16,100,119.23,7.54,27.66,154.43
2015-07-17,4,0,101,49,36,16,101,192.79,8.33,7.29,208.41
2015-07-18,5,1,102,49,36,17,73,123.66,21.51,12.57,157.73999999999998
2015-07-19,6,1,101,49,34,18,71,70.47,2.49,41.3,114.25999999999999
2015-07-20,0,0,101,48,35,18,101,273.44,12.98,20.6,307.02000000000004
2015-07-21,1,0,101,49,34,18,101,95.5,19.55,16.57,131.62
2015-07-22,2,0,99,48,32,19,99,145.75,29.77,35.7,211.22000000000003
2015-07-23,3,0,99,48,31,20,99,93.64,9.55,5.87,109.06
2015-07-24,4,0,102,49,34,19,102,204.74,26.62,22.53,253.89000000000001
2015-07-25,5,1,102,49,34,19,75,113.24,19.93,15.66,148.82999999999998
2015-07-26,6,1,101,50,32,19,68,129.35,11.0,19.42,159.76999999999998
2015-07-27,0,0,102,52,32,18,102,165.08,24.9,26.56,216.54000000000002
2015-07-28,1,0,102,53,31,18,102,105.03,38.3,50.78,194.10999999999999
2015-07-29,2,0,102,51,34,17,102,145.68,22.9,34.84,203.42000000000002
2015-07-30,3,0,103,51,34,18,103,108.08,8.57,11.8,128.45000000000002
2015-07-31,4,0,103,51,34,18,103,162.17,22.67,19.45,204.28999999999996
2015-08-01,5,1,103,50,33,20,72,95.57,35.72,19.61,150.89999999999998
2015-08-02,6,1,102,49,33,20,68,67.94,22.81,19.53,110.28
2015-08-03,0,0,103,49,34,20,103,157.64,11.18,6.22,175.04
2015-08-04,1,0,102,47,34,21,102,159.51,15.89,26.11,201.51
2015-08-05,2,0,101,47,31,23,101,152.5,10.81,22.57,185.88
2015-08-06,3,0,100,45,33,22,100,235.0,34.3,23.13,292.43
2015-08-07,4,0,100,45,33,22,100,148.64,27.06,18.54,194.23999999999998
2015-08-08,5,1,99,46,31,22,73,106.44,12.65,28.16,147.25
2015-08-09,6,1,97,44,31,22,75,103.59,13.64,22.12,139.35
2015-08-10,0,0,99,46,30,23,99,190.6,38.11,15.76,244.46999999999997
2015-08-11,1,0,100,47,30,23,100,122.92,30.59,55.83,209.33999999999997
2015-08-12,2,0,105,49,31,25,105,198.71,31.31,43.31,273.33000000000004
2015-08-13,3,0,104,48,30,26,104,166.06,29.35,40.94,236.35
2015-08-14,4,0,103,48,30,25,103,114.38,15.16,15.3,144.84
2015-08-15,5,1,103,50,29,24,70,166.87,39.21,15.58,221.66000000000003
2015-08-16,6,1,104,50,30,24,79,103.3,9.49,9.13,121.91999999999999
2015-08-17,0,0,104,50,29,25,104,229.22,19.41,40.07,288.7
2015-08-18,1,0,104,49,29,26,104,169.67,51.84,30.81,252.32
2015-08-19,2,0,105,49,29,27,105,195.97,47.68,33.82,277.47
2015-08-20,3,0,104,49,29,26,104,129.01,20.11,17.77,166.89000000000001
2015-08-21,4,0,103,48,29,26,103,235.94,25.27,30.96,292.16999999999996
2015-08-22,5,1,104,46,31,27,75,136.98,18.71,13.73,169.42
2015-08-23,6,1,105,47,31,27,82,154.24,26.3,47.93,228.47000000000003
2015-08-24,0,0,105,47,31,27,105,317.45,25.93,45.42,388.8
2015-08-25,1,0,105,47,32,26,105,162.76,67.31,11.66,241.73
2015-08-26,2,0,105,47,33,25,105,188.18,21.66,14.03,223.87
2015-08-27,3,0,104,45,35,24,104,224.21,23.95,44.12,292.28
2015-08-28,4,0,105,46,35,24,105,104.14,40.92,33.76,178.82
2015-08-29,5,1,105,46,34,25,72,110.64,11.27,52.96,174.87
2015-08-30,6,1,105,49,32,24,79,109.52,10.12,52.91,172.55
2015-08-31,0,0,104,47,35,22,104,266.63,28.19,17.46,312.28
2015-09-01,1,0,105,48,36,21,105,197.51,25.68,34.63,257.82
2015-09-02,2,0,105,48,36,21,105,220.22,29.88,21.38,271.48
2015-09-03,3,0,106,47,38,21,106,131.48,43.2,6.05,180.73000000000002
2015-09-04,4,0,105,47,37,21,105,138.48,26.72,13.68,178.88
2015-09-05,5,1,105,48,35,22,73,97.24,31.74,38.82,167.79999999999998
2015-09-06,6,1,105,48,35,22,72,113.26,21.4,37.25,171.91
2015-09-07,0,0,101,47,31,23,101,219.82,21.36,19.16,260.34000000000003
2015-09-08,1,0,101,46,32,23,101,193.92,11.73,12.47,218.11999999999998
2015-09-09,2,0,102,48,32,22,102,237.72,24.66,8.5,270.88
2015-09-10,3,0,102,48,32,22,102,144.21,55.89,25.99,226.09000000000003
2015-09-11,4,0,103,50,32,21,103,206.39,26.07,47.06,279.52
2015-09-12,5,1,102,49,32,21,73,308.75,16.48,19.29,344.52000000000004
2015-09-13,6,1,101,48,31,22,70,114.39,10.28,31.6,156.27
2015-09-14,0,0,101,48,30,23,101,211.52,43.11,21.74,276.37
2015-09-15,1,0,102,49,29,24,102,162.99,21.62,15.6,200.21
2015-09-16,2,0,99,45,30,24,99,113.25,19.84,2.39,135.48
2015-09-17,3,0,100,46,30,24,100,233.51,8.74,47.14,289.39
2015-09-18,4,0,99,45,30,24,99,107.04,12.79,15.79,135.62
2015-09-19,5,1,99,45,30,24,75,183.55,19.73,32.97,236.25
2015-09-20,6,1,99,46,29,24,70,133.17,41.23,47.09,221.48999999999998
2015-09-21,0,0,98,46,28,24,98,305.99,18.73,9.38,334.1
2015-09-22,1,0,98,47,27,24,98,129.77,27.47,32.82,190.06
2015-09-23,2,0,98,47,27,24,98,223.8,20.26,29.07,273.13
2015-09-24,3,0,97,45,26,26,97,242.86,20.53,15.35,278.74
2015-09-25,4,0,99,46,27,26,99,170.69,34.86,25.37,230.92000000000002
2015-09-26,5,1,98,48,25,25,73,161.87,14.55,61.43,237.85000000000002
2015-09-27,6,1,97,48,25,24,65,45.18,7.18,27.79,80.15
2015-09-28,0,0,98,47,27,24,98,101.77,23.37,5.89,131.03
2015-09-29,1,0,98,46,28,24,98,254.64,22.18,31.0,307.82
2015-09-30,2,0,100,47,26,27,100,149.64,25.01,29.04,203.68999999999997
2015-10-01,3,0,98,44,27,27,98,225.82,4.19,52.2,282.21
2015-10-02,4,0,98,45,26,27,98,246.34,16.69,27.06,290.09000000000003
2015-10-03,5,1,99,45,27,27,73,184.76,20.66,56.16,261.58
2015-10-04,6,1,97,43,27,27,74,288.12,8.26,36.91,333.28999999999996
2015-10-05,0,0,98,42,30,26,98,464.94,34.72,27.19,526.85
2015-10-06,1,0,98,42,30,26,98,277.39,29.34,29.37,336.09999999999997
2015-10-07,2,0,97,43,28,26,97,289.44,24.23,38.48,352.15000000000003
2015-10-08,3,0,98,43,29,26,98,200.96,15.15,45.85,261.96000000000004
2015-10-09,4,0,99,45,28,26,99,185.91,40.06,10.59,236.56
2015-10-10,5,1,101,47,28,26,70,218.24,54.89,31.52,304.65
2015-10-11,6,1,100,47,27,26,71,331.47,22.12,52.97,406.56000000000006
2015-10-12,0,0,101,47,27,27,101,463.36,36.15,51.53,551.04
2015-10-13,1,0,106,50,27,29,106,453.38,18.97,22.44,494.79
2015-10-14,2,0,106,48,28,30,106,270.99,24.08,28.96,324.03
2015-10-15,3,0,105,47,26,32,105,453.57,11.48,31.97,497.02
2015-10-16,4,0,106,47,26,33,106,408.57,7.31,11.15,427.03
2015-10-17,5,1,106,47,26,33,84,417.0,24.45,67.47,508.91999999999996
2015-10-18,6,1,106,48,25,33,76,284.42,10.08,48.34,342.84000000000003
2015-10-19,0,0,105,48,23,34,105,440.22,9.66,80.65,530.5300000000001
2015-10-20,1,0,103,46,25,32,103,308.66,17.31,21.67,347.64000000000004
2015-10-21,2,0,102,45,23,34,102,255.79,30.66,58.33,344.78
2015-10-22,3,0,103,45,23,35,103,240.03,29.25,30.03,299.30999999999995
2015-10-23,4,0,104,46,24,34,104,287.7,11.81,47.32,346.83
2015-10-24,5,1,104,47,23,34,76,345.37,23.15,65.84,434.36
2015-10-25,6,1,104,46,24,34,80,343.53,13.98,21.4,378.90999999999997
2015-10-26,0,0,102,47,22,33,102,365.87,24.83,59.84,450.53999999999996
2015-10-27,1,0,103,48,22,33,103,443.51,23.19,27.75,494.45
2015-10-28,2,0,103,48,23,32,103,228.42,35.11,6.19,269.71999999999997
2015-10-29,3,0,101,44,26,31,101,261.65,26.13,14.8,302.58
2015-10-30,4,0,102,43,29,30,102,338.64,28.62,31.62,398.88
2015-10-31,5,1,102,43,29,30,74,291.32,19.79,33.2,344.31
2015-11-01,6,1,105,46,28,31,74,396.2,36.22,13.9,446.31999999999994
2015-11-02,0,0,105,47,28,30,105,318.94,23.13,26.99,369.06
2015-11-03,1,0,104,46,29,29,104,287.59,17.01,8.6,313.2
2015-11-04,2,0,103,44,30,29,103,417.35,59.52,49.21,526.08
2015-11-05,3,0,103,43,31,29,103,308.62,8.82,24.64,342.08
2015-11-06,4,0,103,42,32,29,103,216.66,16.8,19.5,252.96
2015-11-07,5,1,103,43,30,30,72,331.96,45.94,24.8,402.7
2015-11-08,6,1,100,40,30,30,79,255.96,23.37,37.96,317.28999999999996
2015-11-09,0,0,100,40,30,30,100,270.3,9.67,21.55,301.52000000000004
2015-11-10,1,0,101,41,28,32,101,282.43,27.31,39.85,349.59000000000003
2015-11-11,2,0,101,41,29,31,101,408.69,13.31,58.3,480.3
2015-11-12,3,0,101,42,28,31,101,163.39,37.67,36.75,237.81
2015-11-13,4,0,101,42,29,30,101,147.68,41.2,29.43,218.31
2015-11-14,5,1,102,44,30,28,73,92.1,15.31,28.72,136.13
2015-11-15,6,1,102,44,31,27,81,226.26,23.72,7.62,257.59999999999997
2015-11-16,0,0,103,45,31,27,103,348.1,30.66,30.12,408.88000000000005
2015-11-17,1,0,103,45,30,28,103,412.02,1.85,35.86,449.73
2015-11-18,2,0,102,43,32,27,102,168.4,37.05,34.09,239.54
2015-11-19,3,0,102,42,33,27,102,182.01,74.8,10.66,267.47
2015-11-20,4,0,102,43,33,26,102,173.54,6.29,29.21,209.04
2015-11-21,5,1,103,44,33,26,79,238.69,11.69,22.02,272.4
2015-11-22,6,1,102,42,35,25,77,213.77,19.26,10.29,243.32
2015-11-23,0,0,102,43,34,25,102,466.36,10.09,14.68,491.13
2015-11-24,1,0,104,45,34,25,104,137.68,41.5,23.76,202.94
2015-11-25,2,0,104,46,34,24,104,201.62,35.99,27.36,264.97
2015-11-26,3,0,104,48,32,24,104,176.56,25.83,20.24,222.63
2015-11-27,4,0,103,47,32,24,103,142.75,21.94,3.4,168.09
2015-11-28,5,1,103,48,31,24,71,221.06,9.36,29.62,260.04
2015-11-29,6,1,104,48,34,22,75,212.25,1.43,28.98,242.66
2015-11-30,0,0,103,48,31,24,103,243.73,15.36,35.67,294.76
2015-12-01,1,0,105,53,28,24,105,166.96,11.75,9.55,188.26000000000002
2015-12-02,2,0,105,52,29,24,105,291.47,70.26,4.91,366.64000000000004
2015-12-03,3,0,105,52,27,26,105,394.68,19.59,19.58,433.84999999999997
2015-12-04,4,0,105,53,26,26,105,178.44,29.03,16.34,223.81
2015-12-05,5,1,103,53,25,25,69,163.31,5.91,40.25,209.47
2015-12-06,6,1,103,53,24,26,69,276.57,13.1,28.89,318.56
2015-12-07,0,0,101,51,23,27,101,176.25,16.62,16.16,209.03
2015-12-08,1,0,102,52,23,27,102,278.12,23.17,10.64,311.93
2015-12-09,2,0,102,53,22,27,102,282.56,45.13,17.67,345.36
2015-12-10,3,0,104,54,22,28,104,222.35,26.06,64.72,313.13
2015-12-11,4,0,104,54,24,26,104,159.14,25.02,30.96,215.12
2015-12-12,5,1,101,52,27,22,75,214.52,12.34,27.55,254.41000000000003
2015-12-13,6,1,100,52,26,22,73,135.82,13.25,41.8,190.87
2015-12-14,0,0,99,51,26,22,99,247.82,31.35,22.8,301.97
2015-12-15,1,0,98,50,26,22,98,272.52,7.89,22.45,302.85999999999996
2015-12-16,2,0,98,50,26,22,98,275.05,27.88,28.88,331.81
2015-12-17,3,0,95,49,25,21,95,155.8,17.06,37.74,210.60000000000002
2015-12-18,4,0,100,55,24,21,100,179.49,29.75,17.79,227.03
2015-12-19,5,1,101,56,23,22,65,1.52,0.0,0.26,1.78
2015-12-20,6,1,100,56,22,22,74,209.23,7.69,13.07,229.98999999999998
2015-12-21,0,0,99,55,22,22,99,354.92,34.3,21.58,410.8
2015-12-22,1,0,97,53,21,23,97,310.42,14.05,25.53,350.0
2015-12-23,2,0,97,53,19,25,97,189.77,8.24,17.28,215.29000000000002
2015-12-24,3,0,98,53,19,26,98,184.44,12.89,37.88,235.20999999999998
2015-12-25,4,0,98,54,18,26,98,133.54,69.56,3.01,206.10999999999999
2015-12-26,5,1,99,52,21,26,73,425.99,36.71,24.1,486.8
2015-12-27,6,1,100,51,23,26,70,298.94,9.92,27.13,335.99
2015-12-28,0,0,101,53,22,26,101,413.35,49.55,20.56,483.46000000000004
2015-12-29,1,0,102,54,22,26,102,492.08,23.29,55.57,570.94
2015-12-30,2,0,101,53,23,25,101,383.13,32.87,32.6,448.6
2015-12-31,3,0,99,51,22,26,99,293.77,47.21,39.3,380.28
2016-01-01,4,0,100,52,23,25,100,0.0,0.86,0.07,0.9299999999999999
2016-01-02,5,1,101,53,23,25,70,238.4,0.57,1.73,240.7
2016-01-03,6,1,101,54,23,24,74,274.09,1.34,18.63,294.05999999999995
2016-01-04,0,0,101,52,26,23,101,315.96,16.46,33.51,365.92999999999995
2016-01-05,1,0,101,53,26,22,101,260.28,39.05,22.86,322.19
2016-01-06,2,0,102,55,27,20,102,423.41,5.11,26.38,454.90000000000003
2016-01-07,3,0,104,58,26,20,104,0.0,0.0,0.09,0.09
2016-01-08,4,0,104,55,28,21,104,272.74,21.92,32.47,327.13
2016-01-09,5,1,103,56,26,21,74,442.08,21.8,29.79,493.67
2016-01-10,6,1,102,55,26,21,71,318.64,19.63,29.48,367.75
2016-01-11,0,0,101,54,25,22,101,438.77,47.52,41.46,527.75
2016-01-12,1,0,102,55,25,22,102,420.86,19.57,51.63,492.06
2016-01-13,2,0,104,54,29,21,104,292.48,42.04,37.42,371.94000000000005
2016-01-14,3,0,103,52,30,21,103,475.19,53.53,8.36,537.08
2016-01-15,4,0,102,52,29,21,102,127.84,24.32,38.17,190.32999999999998
2016-01-16,5,1,102,54,26,22,71,306.21,26.84,15.15,348.19999999999993
2016-01-17,6,1,102,52,26,24,74,229.18,7.5,33.45,270.13
2016-01-18,0,0,100,51,25,24,100,416.56,8.03,16.61,441.2
2016-01-19,1,0,99,49,28,22,99,329.51,22.37,26.66,378.54
2016-01-20,2,0,100,50,29,21,100,103.02,82.64,9.76,195.42
2016-01-21,3,0,101,51,29,21,101,463.01,23.62,20.54,507.17
2016-01-22,4,0,101,51,30,20,101,270.7,30.28,4.49,305.47
2016-01-23,5,1,101,52,28,21,74,181.82,10.07,26.11,218.0
2016-01-24,6,1,104,53,28,23,77,250.48,6.09,19.04,275.61
2016-01-25,0,0,100,50,27,23,100,314.88,34.67,47.43,396.98
2016-01-26,1,0,103,53,27,23,103,211.44,27.95,25.69,265.08
2016-01-27,2,0,104,53,29,22,104,208.57,50.45,18.91,277.93
2016-01-28,3,0,106,55,28,23,106,231.52,9.92,33.88,275.32
2016-01-29,4,0,106,54,29,23,106,527.26,8.91,23.0,559.17
2016-01-30,5,1,105,52,30,23,76,241.01,8.85,41.53,291.39
2016-01-31,6,1,108,54,29,25,77,407.79,7.31,22.78,437.88
2016-02-01,0,0,108,55,28,25,108,128.8,21.25,31.46,181.51000000000002
2016-02-02,1,0,106,53,29,24,106,276.55,17.75,67.41,361.71000000000004
2016-02-03,2,0,106,51,30,25,106,275.53,34.91,39.59,350.03
2016-02-04,3,0,103,46,32,25,103,198.61,15.86,40.77,255.24000000000004
2016-02-05,4,0,102,48,29,25,102,348.34,21.8,27.67,397.81
2016-02-06,5,1,102,49,28,25,76,289.17,3.7,26.28,319.15
2016-02-07,6,1,101,48,28,25,75,442.53,3.87,19.28,465.67999999999995
2016-02-08,0,0,102,48,29,25,102,188.49,15.82,31.08,235.39
2016-02-09,1,0,102,49,28,25,102,330.27,47.44,35.71,413.41999999999996
2016-02-10,2,0,102,49,28,25,102,232.0,86.8,21.85,340.65000000000003
2016-02-11,3,0,102,49,27,26,102,258.53,31.06,8.46,298.04999999999995
2016-02-12,4,0,102,48,27,27,102,414.14,11.32,31.41,456.87
2016-02-13,5,1,104,50,28,26,76,215.54,7.69,13.83,237.06
2016-02-14,6,1,104,50,27,27,72,212.22,15.33,31.43,258.98
2016-02-15,0,0,104,48,29,27,104,363.74,20.19,28.52,412.45
2016-02-16,1,0,104,48,31,25,104,202.44,9.66,36.1,248.2
2016-02-17,2,0,105,49,30,26,105,189.63,36.31,16.46,242.4
2016-02-18,3,0,103,47,29,27,103,302.21,8.42,12.72,323.35
2016-02-19,4,0,104,48,29,27,104,194.52,56.16,21.23,271.91
2016-02-20,5,1,103,48,29,26,72,178.77,13.33,53.7,245.8
2016-02-21,6,1,102,46,31,25,71,267.41,15.83,30.93,314.17
2016-02-22,0,0,100,48,29,23,100,339.44,30.98,13.32,383.74
2016-02-23,1,0,100,49,28,23,100,276.59,30.56,13.16,320.31
2016-02-24,2,0,100,51,27,22,100,235.1,17.4,34.31,286.81
2016-02-25,3,0,102,51,29,22,102,278.89,64.27,35.02,378.17999999999995
2016-02-26,4,0,104,53,29,22,104,199.39,17.79,21.95,239.12999999999997
2016-02-27,5,1,103,54,27,22,69,122.19,7.21,34.24,163.64000000000001
2016-02-28,6,1,102,53,28,21,73,325.81,16.69,33.66,376.15999999999997
2016-02-29,0,0,102,51,32,19,102,315.59,37.76,26.35,379.7
2016-03-01,1,0,103,53,32,18,103,212.7,31.27,35.64,279.61
2016-03-02,2,0,103,49,36,18,103,146.47,45.47,10.93,202.87
2016-03-03,3,0,102,49,36,17,102,379.87,5.49,9.7,395.06
2016-03-04,4,0,102,48,36,18,102,181.49,9.93,17.69,209.11
2016-03-05,5,1,102,47,37,18,72,186.04,23.66,18.36,228.06
2016-03-06,6,1,104,49,37,18,75,400.73,5.37,17.3,423.40000000000003
2016-03-07,0,0,103,47,36,20,103,295.9,9.98,21.49,327.37
2016-03-08,1,0,106,49,36,21,106,311.26,22.61,16.93,350.8
2016-03-09,2,0,106,49,37,20,106,155.02,23.78,18.05,196.85000000000002
2016-03-10,3,0,105,49,36,20,105,165.67,25.28,24.88,215.82999999999998
2016-03-11,4,0,104,49,35,20,104,150.26,25.28,12.86,188.39999999999998
2016-03-12,5,1,104,49,34,21,79,221.17,11.43,11.71,244.31
2016-03-13,6,1,104,50,33,21,73,285.28,9.07,10.28,304.62999999999994
2016-03-14,0,0,104,52,31,21,104,251.56,34.85,18.93,305.34000000000003
2016-03-15,1,0,104,53,32,19,104,167.72,19.23,19.58,206.52999999999997
2016-03-16,2,0,103,52,32,19,103,255.57,46.24,19.91,321.72
2016-03-17,3,0,102,53,31,18,102,408.96,27.45,20.38,456.78999999999996
2016-03-18,4,0,102,51,34,17,102,171.45,43.08,10.72,225.24999999999997
2016-03-19,5,1,102,51,34,17,70,92.54,15.95,35.51,144.0
2016-03-20,6,1,103,54,31,18,67,187.04,2.39,28.47,217.89999999999998
2016-03-21,0,0,103,54,31,18,103,315.05,29.28,17.7,362.03000000000003
2016-03-22,1,0,102,54,32,16,102,289.01,30.98,7.22,327.21000000000004
2016-03-23,2,0,101,55,29,17,101,164.33,57.97,13.05,235.35000000000002
2016-03-24,3,0,101,57,28,16,101,214.71,9.33,22.5,246.54000000000002
2016-03-25,4,0,101,59,27,15,101,288.1,20.14,21.65,329.89
2016-03-26,5,1,103,59,28,16,73,157.22,9.18,7.84,174.24
2016-03-27,6,1,102,58,28,16,64,268.87,24.41,25.42,318.70000000000005
2016-03-28,0,0,102,60,27,15,102,169.29,47.43,10.06,226.78
2016-03-29,1,0,102,59,27,16,102,247.43,10.14,17.49,275.06
2016-03-30,2,0,103,60,25,18,103,149.9,8.44,25.55,183.89000000000001
2016-03-31,3,0,103,62,25,16,103,215.25,3.81,7.77,226.83
2016-04-01,4,0,102,62,24,16,102,341.54,7.35,20.07,368.96000000000004
2016-04-02,5,1,102,59,27,16,70,154.36,7.43,12.31,174.10000000000002
2016-04-03,6,1,104,60,27,17,72,355.3,12.03,33.42,400.75
2016-04-04,0,0,101,58,26,17,101,146.68,8.35,23.48,178.51
2016-04-05,1,0,101,57,27,17,101,273.47,12.44,20.57,306.48
2016-04-06,2,0,101,57,26,18,101,103.1,15.87,23.55,142.52
2016-04-07,3,0,102,57,26,19,102,142.7,17.31,23.64,183.64999999999998
2016-04-08,4,0,104,60,26,18,104,294.93,5.64,27.96,328.53
2016-04-09,5,1,102,59,25,18,72,188.97,15.04,32.81,236.82
2016-04-10,6,1,101,57,26,18,72,101.94,7.55,18.08,127.57
2016-04-11,0,0,102,56,27,19,102,175.27,27.05,2.01,204.33
2016-04-12,1,0,102,56,26,20,102,286.49,48.24,16.39,351.12
2016-04-13,2,0,105,58,25,22,105,241.09,59.81,27.36,328.26
2016-04-14,3,0,105,59,24,22,105,312.84,22.68,11.11,346.63
2016-04-15,4,0,105,58,25,22,105,165.55,16.58,18.96,201.09
2016-04-16,5,1,103,58,23,22,70,154.16,25.46,22.79,202.41
2016-04-17,6,1,101,57,22,22,73,258.11,4.16,18.51,280.78000000000003
2016-04-18,0,0,101,58,21,22,101,147.03,35.49,16.33,198.85000000000002
2016-04-19,1,0,100,57,22,21,100,161.15,15.13,12.3,188.58
2016-04-20,2,0,99,56,22,21,99,113.97,26.91,9.84,150.72
2016-04-21,3,0,98,55,21,22,98,145.42,13.58,12.73,171.73
2016-04-22,4,0,99,52,24,23,99,143.52,10.84,27.93,182.29000000000002
2016-04-23,5,1,97,51,22,24,72,158.87,18.33,64.9,242.1
2016-04-24,6,1,98,51,23,24,70,172.1,8.68,4.66,185.44
2016-04-25,0,0,97,51,22,24,97,140.78,51.79,31.97,224.54
2016-04-26,1,0,100,51,25,24,100,183.34,52.18,25.57,261.09000000000003
2016-04-27,2,0,101,50,27,24,101,318.86,78.1,26.58,423.54
2016-04-28,3,0,101,50,27,24,101,187.0,50.16,22.4,259.56
2016-04-29,4,0,101,52,25,24,101,250.16,42.21,32.07,324.44
2016-04-30,5,1,101,51,28,22,73,232.38,29.82,43.12,305.32
2016-05-01,6,1,101,51,28,22,73,0.0,0.0,0.87,0.87
2016-05-02,0,0,104,51,32,21,104,273.31,21.81,16.27,311.39
2016-05-03,1,0,104,52,31,21,104,164.22,8.89,27.13,200.24
2016-05-04,2,0,104,52,32,20,104,220.39,11.36,29.53,261.28
2016-05-05,3,0,105,50,34,21,105,288.56,49.66,19.39,357.61
2016-05-06,4,0,105,51,33,21,105,236.37,21.19,16.34,273.9
2016-05-07,5,1,105,52,30,23,76,235.56,13.87,18.37,267.8
2016-05-08,6,1,104,51,31,22,70,192.24,32.05,21.99,246.28000000000003
2016-05-09,0,0,106,55,28,23,106,207.27,7.62,26.83,241.72000000000003
2016-05-10,1,0,104,51,32,21,104,198.39,12.95,30.46,241.79999999999998
2016-05-11,2,0,103,51,32,20,103,157.97,37.77,21.69,217.43
2016-05-12,3,0,103,52,31,20,103,197.45,23.22,11.88,232.54999999999998
2016-05-13,4,0,102,51,31,20,102,252.95,25.35,9.65,287.95
2016-05-14,5,1,102,47,35,20,73,151.37,34.81,22.22,208.4
2016-05-15,6,1,103,47,35,21,72,210.29,17.12,23.31,250.72
2016-05-16,0,0,104,48,35,21,104,166.1,52.68,20.69,239.47
2016-05-17,1,0,105,50,34,21,105,271.3,12.11,17.31,300.72
2016-05-18,2,0,104,51,32,21,104,245.61,21.14,16.5,283.25
2016-05-19,3,0,104,51,32,21,104,211.15,30.34,26.96,268.45
2016-05-20,4,0,105,53,32,20,105,95.93,41.3,13.12,150.35000000000002
2016-05-21,5,1,104,52,32,20,79,224.32,6.89,7.91,239.11999999999998
2016-05-22,6,1,102,51,31,20,71,266.9,15.56,17.35,299.81
2016-05-23,0,0,99,52,27,20,99,364.27,51.11,19.96,435.34
2016-05-24,1,0,99,53,27,19,99,214.82,7.2,45.93,267.95
2016-05-25,2,0,98,52,27,19,98,165.36,43.05,30.97,239.38000000000002
2016-05-26,3,0,98,55,24,19,98,165.65,46.68,16.87,229.20000000000002
2016-05-27,4,0,100,54,28,18,100,113.16,36.82,31.3,181.28
2016-05-28,5,1,100,55,27,18,70,201.24,9.94,44.06,255.24
2016-05-29,6,1,99,55,27,17,65,136.68,4.11,29.28,170.07000000000002
2016-05-30,0,0,100,54,29,17,100,193.79,8.72,11.48,213.98999999999998
2016-05-31,1,0,101,54,30,17,101,139.64,8.3,20.03,167.97
2016-06-01,2,0,102,55,30,17,102,138.47,30.13,30.43,199.03
2016-06-02,3,0,104,56,30,18,104,149.42,49.16,8.1,206.67999999999998
2016-06-03,4,0,103,55,30,18,103,126.09,22.51,26.38,174.98
2016-06-04,5,1,103,57,28,18,65,91.02,3.56,12.37,106.95
2016-06-05,6,1,101,55,27,19,70,110.51,11.3,38.68,160.49
2016-06-06,0,0,103,55,27,21,103,178.79,13.09,22.15,214.03
2016-06-07,1,0,100,52,28,20,100,187.46,34.78,23.66,245.9
2016-06-08,2,0,100,53,28,19,100,300.15,25.29,32.47,357.90999999999997
2016-06-09,3,0,99,52,28,19,99,135.86,19.27,32.4,187.53000000000003
2016-06-10,4,0,101,53,29,19,101,175.78,29.79,31.6,237.17
2016-06-11,5,1,102,54,30,18,71,169.21,8.6,38.98,216.79
2016-06-12,6,1,102,55,29,18,73,231.87,19.89,29.64,281.4
2016-06-13,0,0,104,57,28,19,104,103.86,19.55,20.73,144.14
2016-06-14,1,0,102,55,28,19,102,119.96,45.41,9.45,174.82
2016-06-15,2,0,99,51,29,19,99,230.56,57.92,19.4,307.88
2016-06-16,3,0,98,51,28,19,98,135.62,9.89,15.13,160.64
2016-06-17,4,0,99,52,28,19,99,132.61,21.04,11.72,165.37
2016-06-18,5,1,99,52,27,20,72,181.01,3.18,8.14,192.32999999999998
2016-06-19,6,1,102,55,26,21,69,182.44,3.33,26.75,212.52
2016-06-20,0,0,101,56,25,20,101,152.22,12.95,28.57,193.73999999999998
2016-06-21,1,0,101,55,26,20,101,154.51,40.16,29.77,224.44
2016-06-22,2,0,101,55,26,20,101,282.39,15.7,8.55,306.64
2016-06-23,3,0,100,55,24,21,100,125.48,13.53,12.54,151.54999999999998
2016-06-24,4,0,102,54,26,22,102,126.15,40.58,26.64,193.37
2016-06-25,5,1,102,55,26,21,69,95.3,12.27,23.59,131.16
2016-06-26,6,1,103,55,27,21,74,87.03,48.26,12.59,147.88
2016-06-27,0,0,102,54,27,21,102,164.13,25.38,25.26,214.76999999999998
2016-06-28,1,0,104,55,27,22,104,164.92,53.96,6.2,225.07999999999998
2016-06-29,2,0,104,55,26,23,104,155.97,34.19,31.69,221.85
2016-06-30,3,0,103,55,27,21,103,63.1,16.16,16.65,95.91
2016-07-01,4,0,103,54,28,21,103,167.88,5.27,16.45,189.6
2016-07-02,5,1,104,56,27,21,76,129.7,21.33,19.01,170.03999999999996
2016-07-03,6,1,104,56,27,21,76,93.95,10.39,28.39,132.73000000000002
2016-07-04,0,0,102,55,26,21,102,95.62,22.29,34.25,152.16
2016-07-05,1,0,102,55,26,21,102,128.31,25.51,24.77,178.59
2016-07-06,2,0,103,56,27,20,103,203.73,13.5,37.44,254.67
2016-07-07,3,0,105,57,27,21,105,148.65,28.98,30.49,208.12
2016-07-08,4,0,105,57,26,22,105,197.13,32.74,6.1,235.97
2016-07-09,5,1,105,54,28,23,73,53.79,30.81,14.51,99.11
2016-07-10,6,1,104,51,30,23,70,138.2,14.99,26.09,179.28
2016-07-11,0,0,103,50,30,23,103,136.43,27.22,27.96,191.61
2016-07-12,1,0,102,50,28,24,102,184.87,41.87,26.82,253.56
2016-07-13,2,0,102,50,28,24,102,177.02,31.49,29.94,238.45000000000002
2016-07-14,3,0,100,48,26,26,100,81.29,8.84,11.96,102.09
2016-07-15,4,0,101,47,26,28,101,99.54,12.46,16.05,128.05
2016-07-16,5,1,102,47,27,28,73,112.62,16.76,51.47,180.85
2016-07-17,6,1,103,46,28,29,73,127.92,7.91,52.15,187.98000000000002
2016-07-18,0,0,101,48,26,27,101,168.32,6.6,32.62,207.54
2016-07-19,1,0,102,48,24,30,102,128.24,15.88,43.78,187.9
2016-07-20,2,0,101,48,24,29,101,167.63,17.55,58.99,244.17000000000002
2016-07-21,3,0,101,49,20,32,101,113.87,43.09,35.66,192.62
2016-07-22,4,0,98,47,19,32,98,89.94,11.58,22.16,123.67999999999999
2016-07-23,5,1,98,47,21,30,72,69.12,18.36,28.05,115.53
2016-07-24,6,1,98,48,21,29,74,156.71,8.92,13.47,179.1
2016-07-25,0,0,98,49,20,29,98,144.22,25.02,74.33,243.57
2016-07-26,1,0,100,51,20,29,100,65.96,44.82,48.38,159.16
2016-07-27,2,0,102,51,20,31,102,69.81,10.89,18.38,99.08
2016-07-28,3,0,101,50,22,29,101,157.75,35.04,55.72,248.51
2016-07-29,4,0,100,48,22,30,100,76.16,48.0,59.35,183.51
2016-07-30,5,1,98,47,21,30,70,175.63,19.11,38.25,232.99
2016-07-31,6,1,99,48,22,29,75,112.19,13.54,34.52,160.25
2016-08-01,0,0,97,48,22,27,97,90.43,20.95,44.2,155.58
2016-08-02,1,0,97,48,22,27,97,76.79,33.54,43.92,154.25
2016-08-03,2,0,98,48,23,27,98,135.86,32.36,42.93,211.15000000000003
2016-08-04,3,0,99,49,23,27,99,225.86,33.89,44.05,303.8
2016-08-05,4,0,100,49,25,26,100,140.37,68.47,52.84,261.68
2016-08-06,5,1,100,47,27,26,73,95.2,89.37,15.4,199.97
2016-08-07,6,1,101,46,28,27,74,196.79,34.37,42.14,273.3
2016-08-08,0,0,101,46,28,27,101,98.75,111.04,45.84,255.63000000000002
2016-08-09,1,0,101,48,25,28,101,197.58,76.24,35.44,309.26
2016-08-10,2,0,100,47,25,28,100,158.8,31.71,63.79,254.3
2016-08-11,3,0,99,46,26,27,99,163.84,2.92,30.69,197.45
2016-08-12,4,0,98,45,25,28,98,179.89,17.8,48.34,246.03
2016-08-13,5,1,98,44,24,30,71,151.37,6.65,48.28,206.3
2016-08-14,6,1,98,45,25,28,74,90.67,4.94,27.26,122.87
2016-08-15,0,0,97,44,25,28,97,133.22,33.49,27.63,194.34
2016-08-16,1,0,97,43,26,28,97,89.59,12.21,55.75,157.55
2016-08-17,2,0,98,43,27,28,98,61.75,20.98,47.69,130.42000000000002
2016-08-18,3,0,97,42,27,28,97,167.49,20.13,40.1,227.72
2016-08-19,4,0,100,43,28,29,100,177.17,37.13,5.57,219.86999999999998
2016-08-20,5,1,100,43,28,29,72,122.37,3.86,25.82,152.05
2016-08-21,6,1,101,45,27,29,73,188.85,9.0,46.68,244.53
2016-08-22,0,0,100,45,26,29,100,151.75,11.84,20.13,183.72
2016-08-23,1,0,99,43,29,27,99,95.75,23.14,15.71,134.6
2016-08-24,2,0,99,45,26,28,99,73.26,5.97,51.19,130.42000000000002
2016-08-25,3,0,100,46,26,28,100,128.74,12.5,23.93,165.17000000000002
2016-08-26,4,0,100,45,27,28,100,138.29,10.57,22.88,171.73999999999998
2016-08-27,5,1,101,44,30,27,73,84.43,7.78,48.39,140.60000000000002
2016-08-28,6,1,103,43,32,28,77,193.19,8.99,40.86,243.04000000000002
2016-08-29,0,0,103,42,34,27,103,98.17,13.98,49.01,161.16
2016-08-30,1,0,103,42,32,29,103,61.41,12.81,26.48,100.7
2016-08-31,2,0,104,44,30,30,104,160.52,11.5,35.96,207.98000000000002
2016-09-01,3,0,104,44,31,29,104,217.31,6.26,29.06,252.63
2016-09-02,4,0,105,44,33,28,105,70.66,85.5,51.6,207.76
2016-09-03,5,1,105,47,31,27,80,290.41,15.57,27.93,333.91
2016-09-04,6,1,105,48,30,27,71,144.92,29.35,45.41,219.67999999999998
2016-09-05,0,0,103,48,28,27,103,237.22,26.25,17.97,281.44000000000005
2016-09-06,1,0,104,50,27,27,104,225.9,43.53,27.17,296.6
2016-09-07,2,0,103,49,27,27,103,256.19,44.12,12.43,312.74
2016-09-08,3,0,103,49,27,27,103,227.89,23.19,31.76,282.84
2016-09-09,4,0,103,51,25,27,103,178.14,29.92,26.4,234.46
2016-09-10,5,1,102,52,21,29,73,165.41,22.71,48.19,236.31
2016-09-11,6,1,100,51,20,29,69,262.37,21.3,15.86,299.53000000000003
2016-09-12,0,0,99,49,21,29,99,161.81,28.03,40.84,230.68
2016-09-13,1,0,100,48,23,29,100,211.17,37.9,40.11,289.18
2016-09-14,2,0,99,47,23,29,99,161.67,21.3,34.97,217.94
2016-09-15,3,0,99,48,21,30,99,254.76,89.85,17.66,362.27000000000004
2016-09-16,4,0,100,49,20,31,100,176.18,47.84,11.44,235.46
2016-09-17,5,1,102,50,20,32,78,294.26,32.17,41.16,367.59000000000003
2016-09-18,6,1,100,51,19,30,73,116.71,9.53,36.05,162.29
2016-09-19,0,0,98,50,20,28,98,203.35,31.37,22.38,257.1
2016-09-20,1,0,98,50,21,27,98,217.85,38.64,24.73,281.22
2016-09-21,2,0,100,51,22,27,100,130.98,33.46,44.39,208.82999999999998
2016-09-22,3,0,100,52,21,27,100,197.16,15.93,33.52,246.61
2016-09-23,4,0,101,52,22,27,101,189.14,36.42,11.73,237.29
2016-09-24,5,1,102,52,23,27,76,314.05,20.64,10.03,344.71999999999997
2016-09-25,6,1,99,48,24,27,66,270.6,8.84,31.88,311.32
2016-09-26,0,0,98,47,24,27,98,374.73,11.79,31.83,418.35
2016-09-27,1,0,99,49,23,27,99,341.07,48.32,37.86,427.25
2016-09-28,2,0,100,48,26,26,100,428.74,9.21,69.77,507.71999999999997
2016-09-29,3,0,101,48,30,23,101,342.34,12.89,34.05,389.28
2016-09-30,4,0,102,50,29,23,102,159.9,14.29,31.02,205.21
2016-10-01,5,1,101,48,30,23,75,272.67,13.31,33.99,319.97
2016-10-02,6,1,100,48,29,23,75,403.6,15.15,76.71,495.46
2016-10-03,0,0,102,49,31,22,102,406.27,5.58,14.43,426.28
2016-10-04,1,0,101,51,29,21,101,319.06,24.45,26.4,369.90999999999997
2016-10-05,2,0,102,49,32,21,102,531.79,23.32,17.74,572.85
2016-10-06,3,0,101,49,31,21,101,296.14,11.09,19.02,326.24999999999994
2016-10-07,4,0,101,47,33,21,101,321.35,11.25,18.43,351.03000000000003
2016-10-08,5,1,104,50,33,21,71,250.01,6.7,30.83,287.53999999999996
2016-10-09,6,1,104,49,32,23,70,414.55,5.54,29.55,449.64000000000004
2016-10-10,0,0,105,49,32,24,105,224.64,4.18,9.24,238.06
2016-10-11,1,0,105,48,33,24,105,373.14,177.22,35.34,585.7
2016-10-12,2,0,105,47,35,23,105,320.93,57.62,37.59,416.14
2016-10-13,3,0,105,47,35,23,105,297.03,66.25,21.76,385.03999999999996
2016-10-14,4,0,105,47,34,24,105,272.09,72.1,33.27,377.4599999999999
2016-10-15,5,1,105,47,34,24,76,241.68,46.3,19.09,307.07
2016-10-16,6,1,103,47,33,23,78,464.67,7.51,38.0,510.18
2016-10-17,0,0,104,46,34,24,104,351.04,3.66,9.88,364.58000000000004
2016-10-18,1,0,103,45,34,24,103,290.15,30.16,13.91,334.22
2016-10-19,2,0,104,45,35,24,104,184.72,40.03,20.9,245.65
2016-10-20,3,0,105,45,35,25,105,368.74,6.32,8.01,383.07
2016-10-21,4,0,106,46,34,26,106,291.81,16.26,44.88,352.95
2016-10-22,5,1,105,46,32,27,74,146.02,11.04,36.9,193.96
2016-10-23,6,1,105,46,33,26,77,266.15,30.39,63.05,359.59
2016-10-24,0,0,105,44,35,26,105,260.93,3.16,13.05,277.14000000000004
2016-10-25,1,0,105,46,34,25,105,438.83,33.04,21.52,493.39
2016-10-26,2,0,106,46,35,25,106,204.0,33.32,10.58,247.9
2016-10-27,3,0,105,46,33,26,105,224.61,33.02,33.99,291.62
2016-10-28,4,0,105,46,33,26,105,241.43,28.7,36.46,306.59
2016-10-29,5,1,105,47,32,26,78,409.26,69.95,79.82,559.03
2016-10-30,6,1,104,49,29,26,72,353.77,12.73,23.78,390.28
2016-10-31,0,0,103,48,30,25,103,299.88,19.22,13.43,332.53000000000003
2016-11-01,1,0,102,47,30,25,102,179.18,55.78,10.99,245.95000000000002
2016-11-02,2,0,102,48,28,26,102,287.43,3.06,20.83,311.32
2016-11-03,3,0,102,48,28,26,102,288.17,9.33,10.44,307.94
2016-11-04,4,0,101,49,28,24,101,166.67,40.87,39.5,247.04
2016-11-05,5,1,104,51,28,25,72,169.77,25.69,38.5,233.96
2016-11-06,6,1,104,50,29,25,75,212.27,8.01,38.95,259.23
2016-11-07,0,0,103,49,30,24,103,241.55,28.36,23.93,293.84000000000003
2016-11-08,1,0,104,49,31,24,104,141.64,59.96,33.63,235.23
2016-11-09,2,0,104,50,30,24,104,175.95,54.89,11.25,242.08999999999997
2016-11-10,3,0,103,50,30,23,103,213.65,14.37,33.66,261.68
2016-11-11,4,0,101,47,32,22,101,223.93,19.38,46.29,289.6
2016-11-12,5,1,100,46,33,21,76,285.17,28.21,33.31,346.69
2016-11-13,6,1,98,45,32,21,73,295.11,2.6,25.27,322.98
2016-11-14,0,0,99,46,33,20,99,332.39,17.14,38.82,388.34999999999997
2016-11-15,1,0,101,50,31,20,101,205.19,77.94,21.15,304.28
2016-11-16,2,0,103,49,36,18,103,267.43,16.39,14.27,298.09
2016-11-17,3,0,104,50,34,20,104,283.59,0.0,20.6,304.19
2016-11-18,4,0,105,53,33,19,105,219.79,21.4,4.75,245.94
2016-11-19,5,1,104,54,31,19,74,175.16,7.43,18.32,200.91
2016-11-20,6,1,104,54,32,18,70,117.41,9.11,24.8,151.32
2016-11-21,0,0,105,54,32,19,105,207.26,4.43,5.31,217.0
2016-11-22,1,0,105,53,34,18,105,162.95,9.18,13.97,186.1
2016-11-23,2,0,105,52,34,19,105,306.11,13.65,11.75,331.51
2016-11-24,3,0,105,52,34,19,105,198.03,4.96,33.95,236.94
2016-11-25,4,0,103,52,32,19,103,142.15,57.74,27.7,227.59
2016-11-26,5,1,103,52,32,19,75,180.26,24.03,13.31,217.6
2016-11-27,6,1,105,53,31,21,78,318.09,12.47,37.96,368.52
2016-11-28,0,0,105,55,29,21,105,162.9,13.8,18.65,195.35000000000002
2016-11-29,1,0,105,54,27,24,105,321.96,15.56,27.38,364.9
2016-11-30,2,0,103,53,26,24,103,170.05,36.35,16.61,223.01
2016-12-01,3,0,102,52,30,20,102,382.89,24.79,18.2,425.88
2016-12-02,4,0,104,51,33,20,104,297.0,40.42,24.07,361.49
2016-12-03,5,1,105,53,32,20,79,227.25,4.59,12.68,244.52
2016-12-04,6,1,104,53,33,18,72,328.18,10.32,25.13,363.63
2016-12-05,0,0,104,52,34,18,104,160.29,18.36,33.74,212.39
2016-12-06,1,0,105,55,32,18,105,193.35,9.27,21.07,223.69
2016-12-07,2,0,103,55,29,19,103,321.34,22.43,16.22,359.99
2016-12-08,3,0,102,54,29,19,102,243.35,24.95,20.74,289.04
2016-12-09,4,0,103,57,27,19,103,240.77,4.71,21.5,266.98
2016-12-10,5,1,103,57,27,19,69,207.36,2.28,27.48,237.12
2016-12-11,6,1,102,55,29,18,66,274.85,17.19,12.64,304.68
2016-12-12,0,0,103,56,29,18,103,310.32,74.26,12.63,397.21
2016-12-13,1,0,104,56,29,19,104,303.17,0.0,3.21,306.38
2016-12-14,2,0,103,55,29,19,103,223.33,57.28,21.35,301.96000000000004
2016-12-15,3,0,102,54,30,18,102,155.88,19.84,34.8,210.51999999999998
2016-12-16,4,0,102,54,30,18,102,269.99,20.88,25.8,316.67
2016-12-17,5,1,102,55,28,19,71,283.51,24.09,23.18,330.78
2016-12-18,6,1,106,58,30,18,68,276.16,33.03,6.08,315.27000000000004
2016-12-19,0,0,105,57,30,18,105,0.03,0.18,0.31,0.52
2016-12-20,1,0,104,55,30,19,104,319.75,33.84,24.0,377.59000000000003
2016-12-21,2,0,104,54,30,20,104,258.11,12.94,5.26,276.31
2016-12-22,3,0,105,55,30,20,105,269.39,2.73,17.65,289.77
2016-12-23,4,0,104,56,29,19,104,222.14,16.5,19.43,258.07
2016-12-24,5,1,105,52,33,20,80,441.74,11.64,24.98,478.36
2016-12-25,6,1,105,52,32,21,73,389.41,0.44,10.56,400.41
2016-12-26,0,0,104,52,31,21,104,411.12,18.41,43.36,472.89000000000004
2016-12-27,1,0,105,53,31,21,105,381.87,23.66,24.21,429.74
2016-12-28,2,0,104,51,32,21,104,395.85,21.42,17.52,434.79
2016-12-29,3,0,102,48,34,20,102,553.03,12.92,43.79,609.7399999999999
2016-12-30,4,0,104,49,36,19,104,1120.32,42.34,21.52,1184.1799999999998
2016-12-31,5,1,102,47,35,20,75,545.74,21.37,32.92,600.03
2017-01-01,6,1,103,47,36,20,69,119.83,24.05,14.17,158.04999999999998
2017-01-02,0,0,102,45,39,18,102,218.05,0.08,2.02,220.15000000000003
2017-01-03,1,0,102,45,39,18,102,456.33,28.17,22.5,507.0
2017-01-04,2,0,102,46,37,19,102,387.99,32.7,25.81,446.5
2017-01-05,3,0,101,46,37,18,101,421.63,45.63,27.67,494.93
2017-01-06,4,0,102,44,40,18,102,444.29,35.48,15.31,495.08000000000004
2017-01-07,5,1,102,46,37,19,71,166.81,23.61,11.68,202.10000000000002
2017-01-08,6,1,100,44,38,18,77,135.22,28.04,19.87,183.13
2017-01-09,0,0,102,45,38,19,102,381.92,30.43,14.03,426.38
2017-01-10,1,0,104,47,38,19,104,373.28,80.39,24.67,478.34
2017-01-11,2,0,103,47,37,19,103,350.35,62.37,34.75,447.47
2017-01-12,3,0,101,45,37,19,101,445.76,43.6,32.48,521.84
2017-01-13,4,0,101,45,35,21,101,366.48,61.47,27.73,455.68000000000006
2017-01-14,5,1,100,44,34,22,75,238.69,47.71,26.23,312.63
2017-01-15,6,1,100,44,34,22,75,194.34,44.02,35.56,273.92
2017-01-16,0,0,101,46,29,26,101,431.07,39.1,33.86,504.03000000000003
2017-01-17,1,0,101,45,30,26,101,322.33,41.86,37.6,401.79
2017-01-18,2,0,101,47,28,26,101,308.85,51.59,34.36,394.80000000000007
2017-01-19,3,0,101,50,25,26,101,256.59,46.53,26.11,329.23
2017-01-20,4,0,103,51,25,27,103,260.56,69.19,19.5,349.25
2017-01-21,5,1,104,53,24,27,77,258.06,40.27,30.51,328.84
2017-01-22,6,1,104,52,24,28,78,195.71,50.1,24.75,270.56
2017-01-23,0,0,103,50,24,29,103,287.16,48.15,29.94,365.25
2017-01-24,1,0,103,49,25,29,103,279.18,33.59,35.34,348.11
2017-01-25,2,0,104,51,24,29,104,357.09,54.9,45.25,457.23999999999995
2017-01-26,3,0,103,50,24,29,103,254.89,42.69,33.64,331.21999999999997
2017-01-27,4,0,101,47,26,28,101,288.35,65.1,43.34,396.7900000000001
2017-01-28,5,1,103,48,27,28,79,171.19,26.61,32.32,230.12
2017-01-29,6,1,103,48,27,28,80,289.59,48.02,28.98,366.59
2017-01-30,0,0,105,51,28,26,105,250.38,50.32,41.5,342.2
2017-01-31,1,0,105,49,29,27,105,331.4,42.87,23.89,398.15999999999997
2017-02-01,2,0,104,48,30,26,104,220.9,33.24,37.71,291.85
2017-02-02,3,0,103,47,30,26,103,289.25,28.21,42.39,359.84999999999997
2017-02-03,4,0,104,48,28,28,104,298.28,49.55,42.01,389.84
2017-02-04,5,1,104,48,28,28,73,134.12,33.68,42.91,210.71
2017-02-05,6,1,102,46,28,28,70,180.17,3.05,59.19,242.41
2017-02-06,0,0,100,45,26,29,100,89.22,9.33,57.61,156.16
2017-02-07,1,0,99,44,26,29,99,89.13,8.88,17.55,115.55999999999999
2017-02-08,2,0,100,44,27,29,100,239.97,20.89,62.8,323.66
2017-02-09,3,0,102,46,26,30,102,137.46,21.94,24.47,183.87
2017-02-10,4,0,102,45,26,31,102,156.6,16.95,24.88,198.42999999999998
2017-02-11,5,1,100,43,26,31,71,62.21,33.49,33.03,128.73000000000002
2017-02-12,6,1,98,41,26,31,73,134.2,11.85,61.42,207.46999999999997
2017-02-13,0,0,98,44,25,29,98,2.07,0.85,0.27,3.19
2017-02-14,1,0,99,44,24,31,99,144.89,1.36,25.98,172.23
2017-02-15,2,0,101,44,26,31,101,127.83,2.89,36.77,167.49
2017-02-16,3,0,105,48,26,31,105,220.54,4.85,22.72,248.10999999999999
2017-02-17,4,0,105,51,24,30,105,84.2,13.79,16.65,114.64000000000001
2017-02-18,5,1,104,51,23,30,75,150.14,26.29,41.46,217.89
2017-02-19,6,1,102,52,21,29,69,58.72,1.26,20.88,80.86
2017-02-20,0,0,100,50,20,30,100,222.84,5.53,29.08,257.45
2017-02-21,1,0,102,50,21,31,102,157.78,40.81,30.82,229.41
2017-02-22,2,0,102,50,21,31,102,144.69,28.7,23.07,196.45999999999998
2017-02-23,3,0,102,50,22,30,102,161.47,16.87,39.16,217.5
2017-02-24,4,0,104,52,22,30,104,207.63,29.55,6.27,243.45000000000002
2017-02-25,5,1,104,48,25,31,72,115.21,20.9,36.41,172.51999999999998
2017-02-26,6,1,108,49,27,32,82,88.6,8.17,34.37,131.14
2017-02-27,0,0,107,47,30,30,107,114.14,48.28,33.89,196.31
2017-02-28,1,0,107,47,31,29,107,186.04,30.29,30.6,246.92999999999998
2017-03-01,2,0,107,50,27,30,107,105.54,55.12,24.72,185.38
2017-03-02,3,0,106,49,28,29,106,93.67,3.38,28.07,125.12
2017-03-03,4,0,105,49,28,28,105,89.77,28.57,50.33,168.67000000000002
2017-03-04,5,1,103,46,29,28,75,84.21,1.2,27.15,112.56
2017-03-05,6,1,103,46,29,28,79,173.44,9.24,68.13,250.81
2017-03-06,0,0,101,46,28,27,101,133.96,4.43,37.0,175.39000000000001
2017-03-07,1,0,101,46,26,29,101,103.09,13.26,13.09,129.44
2017-03-08,2,0,101,46,27,28,101,105.12,12.44,5.85,123.41
2017-03-09,3,0,101,44,29,28,101,184.84,18.17,62.8,265.81
2017-03-10,4,0,101,45,27,29,101,174.41,28.07,10.65,213.13
2017-03-11,5,1,101,43,29,29,74,101.31,4.57,36.31,142.19
2017-03-12,6,1,100,41,27,32,73,231.84,18.96,48.11,298.91
2017-03-13,0,0,102,41,30,31,102,121.74,8.71,13.78,144.23
2017-03-14,1,0,101,40,30,31,101,103.09,18.5,16.97,138.56
2017-03-15,2,0,101,41,29,31,101,100.81,13.26,22.13,136.20000000000002
2017-03-16,3,0,101,40,29,32,101,192.03,13.06,37.54,242.63
2017-03-17,4,0,102,41,30,31,102,71.06,47.08,26.81,144.95
2017-03-18,5,1,102,44,27,31,77,105.19,8.78,30.45,144.42
2017-03-19,6,1,103,44,28,31,79,210.59,8.17,62.13,280.89
2017-03-20,0,0,105,45,29,31,105,112.96,9.47,10.38,132.81
2017-03-21,1,0,105,44,30,31,105,85.76,15.31,57.01,158.08
2017-03-22,2,0,103,43,30,30,103,113.79,22.82,9.88,146.49
2017-03-23,3,0,103,42,33,28,103,91.71,29.24,42.03,162.98
2017-03-24,4,0,105,40,37,28,105,87.4,26.72,9.56,123.68
2017-03-25,5,1,105,42,35,28,75,170.85,8.85,56.36,236.06
2017-03-26,6,1,105,41,36,28,80,98.89,13.65,29.41,141.95000000000002
2017-03-27,0,0,103,39,36,28,103,101.83,19.0,26.77,147.6
2017-03-28,1,0,102,38,36,28,102,155.5,51.9,14.88,222.28
2017-03-29,2,0,105,41,36,28,105,90.43,10.57,36.67,137.67000000000002
2017-03-30,3,0,104,41,36,27,104,67.03,32.41,6.61,106.05
2017-03-31,4,0,103,41,36,26,103,152.57,6.95,21.0,180.51999999999998
2017-04-01,5,1,104,41,36,27,79,179.23,6.95,12.21,198.39
2017-04-02,6,1,103,42,35,26,75,115.47,12.76,35.3,163.52999999999997
2017-04-03,0,0,101,41,35,25,101,172.59,25.26,31.15,229.0
2017-04-04,1,0,102,43,34,25,102,56.46,7.03,1.64,65.13
2017-04-05,2,0,100,42,33,25,100,92.62,30.7,24.88,148.20000000000002
2017-04-06,3,0,101,43,33,25,101,72.14,13.11,25.53,110.78
2017-04-07,4,0,103,45,34,24,103,110.43,16.21,17.11,143.75
2017-04-08,5,1,103,45,34,24,73,112.44,9.35,35.31,157.1
2017-04-09,6,1,105,44,36,25,74,111.34,10.36,23.88,145.58
2017-04-10,0,0,104,43,36,25,104,191.26,2.39,43.09,236.73999999999998
2017-04-11,1,0,105,44,36,25,105,117.81,17.01,19.91,154.73
2017-04-12,2,0,106,45,35,26,106,78.01,34.51,61.71,174.23000000000002
2017-04-13,3,0,105,44,35,26,105,213.4,4.09,25.27,242.76000000000002
2017-04-14,4,0,104,45,34,25,104,88.89,9.17,37.14,135.2
2017-04-15,5,1,102,43,34,25,75,136.66,4.05,58.59,199.3
2017-04-16,6,1,102,43,34,25,72,0.0,0.0,0.07,0.07
2017-04-17,0,0,103,42,37,24,103,127.42,4.2,19.0,150.62
2017-04-18,1,0,102,41,38,23,102,104.66,26.31,33.08,164.05
2017-04-19,2,0,102,41,37,24,102,93.73,6.66,4.45,104.84
2017-04-20,3,0,100,37,40,23,100,65.6,36.14,21.71,123.44999999999999
2017-04-21,4,0,102,37,41,24,102,200.2,11.29,17.14,228.63
2017-04-22,5,1,102,36,41,25,73,92.62,22.16,12.67,127.45
2017-04-23,6,1,103,35,42,26,80,136.59,24.67,46.65,207.91
2017-04-24,0,0,102,36,40,26,102,91.72,34.45,47.69,173.86
2017-04-25,1,0,101,35,39,27,101,159.93,12.09,43.33,215.35000000000002
2017-04-26,2,0,101,38,38,25,101,70.27,9.76,14.97,95.0
2017-04-27,3,0,101,40,36,25,101,72.65,33.59,16.55,122.79
2017-04-28,4,0,101,42,33,26,101,104.5,7.98,17.49,129.97
2017-04-29,5,1,100,41,33,26,77,77.33,9.5,25.93,112.75999999999999
2017-04-30,6,1,100,42,33,25,73,88.38,5.28,4.55,98.21
2017-05-01,0,0,103,42,35,26,103,9.78,0.0,2.59,12.37
2017-05-02,1,0,104,43,35,26,104,159.04,16.35,10.97,186.35999999999999
2017-05-03,2,0,103,40,36,27,103,124.57,21.79,7.59,153.95
2017-05-04,3,0,104,39,39,26,104,78.48,15.72,30.34,124.54
2017-05-05,4,0,102,40,37,25,102,46.53,26.51,11.41,84.45
2017-05-06,5,1,105,43,38,24,76,72.33,11.34,34.65,118.32
2017-05-07,6,1,105,43,38,24,77,89.77,8.85,30.06,128.67999999999998
2017-05-08,0,0,105,43,39,23,105,54.22,27.7,10.8,92.72
2017-05-09,1,0,105,44,39,22,105,79.22,15.26,32.4,126.88
2017-05-10,2,0,105,44,38,23,105,105.43,12.96,39.04,157.43
2017-05-11,3,0,104,45,37,22,104,109.8,21.43,26.39,157.62
2017-05-12,4,0,103,47,34,22,103,113.81,10.86,21.44,146.11
2017-05-13,5,1,104,50,32,22,76,57.4,12.58,21.62,91.60000000000001
2017-05-14,6,1,104,49,32,23,74,156.17,17.14,22.06,195.37
2017-05-15,0,0,104,50,31,23,104,119.35,1.76,25.17,146.28
2017-05-16,1,0,103,48,33,22,103,110.84,6.3,10.89,128.03
2017-05-17,2,0,103,47,32,24,103,62.01,16.72,30.77,109.49999999999999
2017-05-18,3,0,103,46,34,23,103,195.61,13.79,14.73,224.13
2017-05-19,4,0,102,45,34,23,102,216.34,34.23,20.14,270.71
2017-05-20,5,1,104,45,37,22,78,87.94,14.3,17.21,119.44999999999999
2017-05-21,6,1,103,42,39,22,77,170.38,15.99,26.63,213.0
2017-05-22,0,0,104,44,38,22,104,154.78,16.35,22.11,193.24
2017-05-23,1,0,103,45,35,23,103,77.14,29.06,13.75,119.95
2017-05-24,2,0,104,47,34,23,104,98.81,27.83,30.14,156.78
2017-05-25,3,0,104,45,36,23,104,122.97,9.83,25.54,158.34
2017-05-26,4,0,104,45,36,23,104,200.25,14.43,9.51,224.19
2017-05-27,5,1,105,45,37,23,77,119.39,15.36,32.62,167.37
2017-05-28,6,1,105,46,38,21,80,59.97,8.0,7.85,75.82
2017-05-29,0,0,105,44,39,22,105,197.61,16.48,14.12,228.21
2017-05-30,1,0,105,43,39,23,105,174.07,8.15,36.7,218.92000000000002
2017-05-31,2,0,105,43,36,26,105,81.16,20.77,20.22,122.14999999999999
2017-06-01,3,0,105,45,35,25,105,150.69,33.46,7.48,191.63
2017-06-02,4,0,103,43,36,24,103,121.91,30.5,11.99,164.4
2017-06-03,5,1,103,43,35,25,76,49.53,10.18,25.05,84.76
2017-06-04,6,1,102,41,37,24,77,119.38,8.96,33.29,161.63
2017-06-05,0,0,103,42,37,24,103,68.0,17.31,16.15,101.46000000000001
2017-06-06,1,0,104,42,39,23,104,125.41,9.83,5.63,140.87
2017-06-07,2,0,103,41,39,23,103,142.8,46.82,24.55,214.17000000000002
2017-06-08,3,0,102,38,39,25,102,140.16,14.48,24.29,178.92999999999998
2017-06-09,4,0,102,38,39,25,102,68.63,6.51,6.63,81.77
2017-06-10,5,1,102,37,39,26,81,77.6,5.92,46.62,130.14
2017-06-11,6,1,102,37,39,26,73,139.13,26.61,27.5,193.24
2017-06-12,0,0,101,37,38,26,101,92.45,11.34,22.77,126.56
2017-06-13,1,0,101,36,39,26,101,58.26,32.76,16.36,107.38
2017-06-14,2,0,101,36,39,26,101,59.39,21.43,6.68,87.5
2017-06-15,3,0,103,38,39,26,103,102.24,37.79,14.91,154.94
2017-06-16,4,0,102,37,38,27,102,84.21,22.82,21.72,128.75
2017-06-17,5,1,102,37,37,28,81,62.34,14.45,11.39,88.18
2017-06-18,6,1,102,37,38,27,74,131.0,5.11,21.35,157.46
2017-06-19,0,0,103,38,39,26,103,125.99,4.05,7.19,137.23
2017-06-20,1,0,102,38,38,26,102,80.72,16.86,48.54,146.12
2017-06-21,2,0,105,39,38,28,105,147.03,13.25,21.59,181.87
2017-06-22,3,0,105,40,36,29,105,46.45,15.36,5.8,67.61
2017-06-23,4,0,105,40,37,28,105,107.21,18.74,5.83,131.78
2017-06-24,5,1,105,40,37,28,80,174.34,25.6,27.99,227.93
2017-06-25,6,1,103,40,34,29,78,114.81,14.41,37.16,166.38
2017-06-26,0,0,102,41,32,29,102,67.89,37.94,44.14,149.97
2017-06-27,1,0,101,39,33,29,101,91.34,32.19,22.44,145.97
2017-06-28,2,0,101,37,35,29,101,124.42,25.92,23.62,173.96
2017-06-29,3,0,102,40,33,29,102,112.42,5.3,23.48,141.2
2017-06-30,4,0,101,39,34,28,101,119.95,6.98,37.01,163.94
2017-07-01,5,1,101,40,33,28,76,51.38,17.8,18.61,87.79
2017-07-02,6,1,102,41,32,29,74,41.73,20.69,28.98,91.4
2017-07-03,0,0,102,41,31,30,102,52.8,36.63,21.94,111.37
2017-07-04,1,0,103,43,29,31,103,125.38,24.65,65.22,215.25
2017-07-05,2,0,103,41,30,32,103,111.68,69.43,28.58,209.69
2017-07-06,3,0,105,43,30,32,105,145.87,10.98,27.76,184.60999999999999
2017-07-07,4,0,105,42,33,30,105,122.35,21.86,30.1,174.30999999999997
2017-07-08,5,1,104,43,32,29,79,82.35,38.54,28.88,149.76999999999998
2017-07-09,6,1,104,43,33,28,77,77.5,11.89,13.7,103.09
2017-07-10,0,0,105,44,33,28,105,81.34,18.03,11.05,110.42
2017-07-11,1,0,104,43,34,27,104,128.67,6.63,16.51,151.80999999999997
2017-07-12,2,0,102,43,33,26,102,104.6,39.05,10.87,154.51999999999998
2017-07-13,3,0,102,43,32,27,102,64.09,14.83,18.39,97.31
2017-07-14,4,0,101,44,31,26,101,106.64,26.23,12.14,145.01
2017-07-15,5,1,101,44,32,25,72,99.85,8.64,17.26,125.75
2017-07-16,6,1,102,43,33,26,80,99.37,20.3,58.84,178.51
2017-07-17,0,0,102,44,32,26,102,110.74,19.79,46.63,177.16
2017-07-18,1,0,104,47,31,26,104,96.16,24.9,50.52,171.58
2017-07-19,2,0,104,48,30,26,104,145.16,17.7,32.76,195.61999999999998
2017-07-20,3,0,103,47,30,26,103,122.14,34.35,25.42,181.91000000000003
2017-07-21,4,0,104,47,31,26,104,96.77,14.96,12.66,124.38999999999999
2017-07-22,5,1,103,47,31,25,78,115.87,8.81,15.47,140.15
2017-07-23,6,1,102,47,29,26,77,62.66,10.43,33.01,106.1
2017-07-24,0,0,102,48,29,25,102,103.27,19.26,18.89,141.42000000000002
2017-07-25,1,0,100,48,27,25,100,95.14,13.63,31.13,139.9
2017-07-26,2,0,101,49,27,25,101,102.79,32.76,16.48,152.03
2017-07-27,3,0,102,47,30,25,102,85.63,24.53,24.92,135.07999999999998
2017-07-28,4,0,102,47,30,25,102,116.11,30.12,19.61,165.83999999999997
2017-07-29,5,1,102,45,32,25,72,70.56,4.27,14.92,89.75
2017-07-30,6,1,102,46,31,25,78,68.9,30.19,19.86,118.95
2017-07-31,0,0,99,42,31,26,99,141.35,27.43,38.17,206.95
2017-08-01,1,0,101,45,31,25,101,105.31,8.98,35.73,150.02
2017-08-02,2,0,101,44,32,25,101,171.78,6.18,29.22,207.18
2017-08-03,3,0,102,43,33,26,102,67.69,26.17,32.79,126.65
2017-08-04,4,0,104,43,36,25,104,102.4,38.06,39.06,179.52
2017-08-05,5,1,102,43,34,25,75,65.42,6.43,23.4,95.25
2017-08-06,6,1,101,42,34,25,74,66.31,18.0,9.41,93.72
2017-08-07,0,0,102,42,36,24,102,112.05,30.06,5.34,147.45
2017-08-08,1,0,103,41,37,25,103,75.71,27.43,30.82,133.95999999999998
2017-08-09,2,0,103,40,38,25,103,89.96,55.79,11.56,157.31
2017-08-10,3,0,104,41,37,26,104,63.0,66.67,0.23,129.9
2017-08-11,4,0,105,43,36,26,105,56.53,21.43,22.03,99.99000000000001
2017-08-12,5,1,105,44,34,27,77,117.37,13.53,14.72,145.62
2017-08-13,6,1,105,45,33,27,74,117.03,14.18,20.11,151.32
2017-08-14,0,0,105,46,33,26,105,92.87,13.39,58.81,165.07
2017-08-15,1,0,104,46,32,26,104,240.74,36.61,12.03,289.38
2017-08-16,2,0,104,45,35,24,104,75.25,43.24,25.55,144.04000000000002
2017-08-17,3,0,104,45,36,23,104,83.94,25.58,24.21,133.73
2017-08-18,4,0,105,47,34,24,105,103.18,13.18,12.24,128.60000000000002
2017-08-19,5,1,102,44,32,26,74,80.78,29.51,26.0,136.29000000000002
2017-08-20,6,1,103,44,33,26,77,76.17,19.44,20.9,116.50999999999999
2017-08-21,0,0,102,45,31,26,102,132.11,12.75,48.22,193.08
2017-08-22,1,0,104,46,33,25,104,154.09,9.64,30.4,194.13000000000002
2017-08-23,2,0,103,45,32,26,103,289.22,27.4,16.57,333.19
2017-08-24,3,0,103,42,34,27,103,182.33,45.25,43.09,270.67
2017-08-25,4,0,103,41,35,27,103,138.46,60.07,32.81,231.34
2017-08-26,5,1,102,41,34,27,75,96.55,32.78,26.71,156.04
2017-08-27,6,1,103,40,36,27,75,109.43,18.39,16.45,144.27
2017-08-28,0,0,102,40,33,29,102,109.99,43.19,46.08,199.26
2017-08-29,1,0,103,40,34,29,103,115.49,18.6,40.48,174.57
2017-08-30,2,0,102,38,33,31,102,119.84,15.31,47.41,182.56
2017-08-31,3,0,102,41,32,29,102,116.83,13.24,96.32,226.39
2017-09-01,4,0,103,40,34,29,103,141.07,28.41,19.9,189.38
2017-09-02,5,1,100,39,31,30,76,91.46,26.26,37.55,155.26999999999998
2017-09-03,6,1,101,40,32,29,75,90.34,22.33,38.25,150.92000000000002
2017-09-04,0,0,102,43,30,29,102,162.95,24.69,37.96,225.6
2017-09-05,1,0,100,41,29,30,100,130.28,22.53,36.53,189.34
2017-09-06,2,0,101,41,29,31,101,216.05,20.14,26.24,262.43
2017-09-07,3,0,101,39,28,34,101,119.35,7.87,20.19,147.41
2017-09-08,4,0,102,39,29,34,102,233.62,28.65,58.91,321.17999999999995
2017-09-09,5,1,103,39,30,34,78,107.27,22.95,40.98,171.2
2017-09-10,6,1,103,40,29,34,81,193.54,22.86,23.18,239.57999999999998
2017-09-11,0,0,103,40,30,33,103,83.47,56.34,12.71,152.52
2017-09-12,1,0,103,40,30,33,103,128.56,21.54,7.0,157.1
2017-09-13,2,0,105,40,32,33,105,177.02,58.85,25.72,261.59000000000003
2017-09-14,3,0,105,40,32,33,105,156.17,22.22,32.78,211.17
2017-09-15,4,0,104,39,34,31,104,109.32,43.82,18.37,171.51
2017-09-16,5,1,104,38,36,30,76,136.23,37.94,42.11,216.27999999999997
2017-09-17,6,1,104,38,36,30,78,163.47,22.05,28.9,214.42000000000002
2017-09-18,0,0,104,38,35,31,104,187.04,25.54,54.35,266.93
2017-09-19,1,0,107,40,36,31,107,310.74,21.42,21.24,353.40000000000003
2017-09-20,2,0,105,41,34,30,105,246.0,22.3,11.76,280.06
2017-09-21,3,0,104,43,33,28,104,135.1,26.93,40.65,202.68
2017-09-22,4,0,103,42,33,28,103,188.38,7.34,26.05,221.77
2017-09-23,5,1,105,42,33,30,74,72.1,39.92,59.83,171.85
2017-09-24,6,1,103,43,30,30,77,267.72,23.65,21.61,312.98
2017-09-25,0,0,103,44,31,28,103,267.73,23.35,5.39,296.47
2017-09-26,1,0,101,43,33,25,101,262.41,9.47,10.98,282.86000000000007
2017-09-27,2,0,102,45,32,25,102,263.52,23.17,19.93,306.62
2017-09-28,3,0,102,44,33,25,102,259.11,9.55,16.46,285.12
2017-09-29,4,0,102,45,33,24,102,239.27,23.57,4.82,267.66
2017-09-30,5,1,103,44,36,23,72,299.53,18.11,24.58,342.21999999999997
2017-10-01,6,1,104,43,38,23,80,386.02,23.41,18.37,427.8
2017-10-02,0,0,104,45,38,21,104,127.72,10.02,34.6,172.34
2017-10-03,1,0,104,46,38,20,104,398.51,69.78,1.65,469.93999999999994
2017-10-04,2,0,101,46,35,20,101,251.07,18.46,7.58,277.10999999999996
2017-10-05,3,0,104,49,34,21,104,282.21,16.58,22.84,321.62999999999994
2017-10-06,4,0,104,49,33,22,104,274.86,21.85,17.9,314.61
2017-10-07,5,1,105,50,33,22,70,166.3,12.01,16.85,195.16
2017-10-08,6,1,104,48,35,21,75,383.64,5.13,36.22,424.99
2017-10-09,0,0,105,49,34,22,105,0.0,0.0,0.0,0.0
2017-10-10,1,0,105,50,32,23,105,175.09,24.54,46.44,246.07
2017-10-11,2,0,104,50,30,24,104,275.42,5.98,15.99,297.39000000000004
2017-10-12,3,0,104,50,30,24,104,285.25,27.18,18.74,331.17
2017-10-13,4,0,103,50,30,23,103,259.95,23.74,23.71,307.4
2017-10-14,5,1,103,49,30,24,77,214.97,24.04,22.25,261.26
2017-10-15,6,1,103,51,27,25,78,193.71,15.02,30.65,239.38000000000002
2017-10-16,0,0,102,50,27,25,102,309.22,27.08,12.3,348.6
2017-10-17,1,0,102,52,26,24,102,172.79,27.39,15.51,215.69
2017-10-18,2,0,101,54,22,25,101,358.77,40.37,27.25,426.39
2017-10-19,3,0,102,56,23,23,102,172.77,19.77,19.65,212.19000000000003
2017-10-20,4,0,100,53,24,23,100,243.99,39.6,12.63,296.22
2017-10-21,5,1,103,56,25,22,77,129.93,22.36,15.38,167.67000000000002
2017-10-22,6,1,101,54,25,22,70,269.47,21.24,34.61,325.32000000000005
2017-10-23,0,0,100,54,25,21,100,190.18,10.89,13.46,214.53
2017-10-24,1,0,100,55,24,21,100,434.71,7.36,7.83,449.9
2017-10-25,2,0,100,55,23,22,100,180.43,11.35,27.48,219.26
2017-10-26,3,0,102,57,23,22,102,257.55,22.46,6.95,286.96
2017-10-27,4,0,101,56,23,22,101,179.06,34.94,27.44,241.44
2017-10-28,5,1,100,53,25,22,72,116.06,28.93,21.52,166.51000000000002
2017-10-29,6,1,99,53,24,22,66,155.0,5.65,33.08,193.73000000000002
2017-10-30,0,0,99,53,24,22,99,216.94,18.38,5.84,241.16
2017-10-31,1,0,100,54,24,22,100,249.97,4.0,20.62,274.59
2017-11-01,2,0,105,57,24,24,105,161.37,12.18,3.0,176.55
2017-11-02,3,0,101,55,23,23,101,146.56,11.37,18.39,176.32
2017-11-03,4,0,99,54,21,24,99,246.81,24.64,11.23,282.68
2017-11-04,5,1,100,55,21,24,74,164.46,12.61,49.5,226.57
2017-11-05,6,1,100,56,20,24,70,165.24,2.73,29.27,197.24
2017-11-06,0,0,101,57,19,25,101,137.37,27.13,41.9,206.4
2017-11-07,1,0,101,57,18,26,101,136.08,11.4,3.64,151.12
2017-11-08,2,0,101,57,18,26,101,58.61,2.72,31.48,92.81
2017-11-09,3,0,102,56,19,27,102,198.21,3.58,14.1,215.89000000000001
2017-11-10,4,0,102,56,19,27,102,232.57,23.4,50.34,306.31
2017-11-11,5,1,102,55,21,26,69,150.71,18.37,43.56,212.64000000000001
2017-11-12,6,1,104,56,22,26,76,202.33,24.33,26.04,252.70000000000002
2017-11-13,0,0,104,54,23,27,104,306.66,13.31,50.44,370.41
2017-11-14,1,0,103,53,24,26,103,47.54,39.59,15.37,102.5
2017-11-15,2,0,104,54,24,26,104,120.73,22.37,28.02,171.12
2017-11-16,3,0,103,52,26,25,103,119.04,9.82,26.58,155.44
2017-11-17,4,0,104,52,26,26,104,239.03,13.5,14.86,267.39
2017-11-18,5,1,102,49,26,27,73,206.36,3.6,28.86,238.82
2017-11-19,6,1,101,49,25,27,78,149.67,7.17,20.81,177.64999999999998
2017-11-20,0,0,101,49,24,28,101,195.17,31.38,12.49,239.04
2017-11-21,1,0,101,49,25,27,101,150.56,15.01,72.14,237.70999999999998
2017-11-22,2,0,100,49,24,27,100,173.63,58.42,10.76,242.81
2017-11-23,3,0,99,48,25,26,99,224.2,39.63,49.14,312.96999999999997
2017-11-24,4,0,100,50,25,25,100,229.25,12.92,40.23,282.4
2017-11-25,5,1,100,50,26,24,69,123.5,19.77,25.48,168.75
2017-11-26,6,1,101,50,27,24,74,154.08,4.88,27.42,186.38
2017-11-27,0,0,101,52,25,24,101,232.25,9.33,6.84,248.42000000000002
2017-11-28,1,0,99,50,26,23,99,268.34,13.48,22.23,304.05
2017-11-29,2,0,100,51,26,23,100,220.12,19.34,28.32,267.78000000000003
2017-11-30,3,0,100,51,28,21,100,197.84,6.28,23.56,227.68
2017-12-01,4,0,99,50,28,21,99,165.39,8.11,43.78,217.28
2017-12-02,5,1,100,53,26,21,72,107.15,26.35,18.06,151.56
2017-12-03,6,1,102,54,28,20,74,166.18,7.0,19.95,193.13
2017-12-04,0,0,101,54,28,19,101,107.35,7.5,4.43,119.28
2017-12-05,1,0,100,54,25,21,100,112.93,2.66,14.97,130.56
2017-12-06,2,0,99,51,28,20,99,191.16,31.53,16.15,238.84
2017-12-07,3,0,100,52,29,19,100,169.15,21.03,11.41,201.59
2017-12-08,4,0,99,50,31,18,99,292.99,12.91,18.8,324.70000000000005
2017-12-09,5,1,96,47,30,19,68,162.12,34.25,19.24,215.61
2017-12-10,6,1,100,49,31,20,74,239.41,16.49,19.92,275.82
2017-12-11,0,0,99,47,32,20,99,226.75,29.22,32.02,287.99
2017-12-12,1,0,98,47,30,21,98,289.33,18.73,4.89,312.95
2017-12-13,2,0,101,50,30,21,101,196.83,23.95,17.28,238.06
2017-12-14,3,0,103,53,29,21,103,204.43,12.93,12.45,229.81
2017-12-15,4,0,105,54,31,20,105,203.57,16.21,16.09,235.87
2017-12-16,5,1,103,54,30,19,77,186.41,15.08,42.1,243.59
2017-12-17,6,1,104,56,30,18,68,167.63,29.07,25.04,221.73999999999998
2017-12-18,0,0,105,57,29,19,105,224.26,21.93,2.08,248.27
2017-12-19,1,0,103,55,29,19,103,0.0,0.0,0.0,0.0
2017-12-20,2,0,106,55,32,19,106,188.31,9.49,8.1,205.9
2017-12-21,3,0,106,55,34,17,106,160.47,13.28,6.8,180.55
2017-12-22,4,0,105,54,34,17,105,179.97,37.89,20.71,238.57000000000002
2017-12-23,5,1,105,56,33,16,70,131.56,15.4,18.73,165.69
2017-12-24,6,1,105,57,32,16,72,152.79,10.22,24.02,187.03
2017-12-25,0,0,106,58,29,19,106,108.49,11.21,3.52,123.21999999999998
2017-12-26,1,0,105,56,30,19,105,403.06,24.05,11.18,438.29
2017-12-27,2,0,104,54,29,21,104,226.28,24.61,30.58,281.46999999999997
2017-12-28,3,0,104,55,29,20,104,248.63,33.41,29.77,311.80999999999995
2017-12-29,4,0,105,53,32,20,105,294.41,51.74,37.1,383.25000000000006
2017-12-30,5,1,104,52,32,20,69,232.89,21.35,35.49,289.72999999999996
2017-12-31,6,1,100,49,31,20,66,309.53,24.94,54.53,389.0
2018-01-01,0,0,101,50,30,21,101,0.0,0.0,0.51,0.51
2018-01-02,1,0,102,52,28,22,102,259.11,7.27,3.7,270.08
2018-01-03,2,0,104,54,29,21,104,377.14,11.9,19.46,408.49999999999994
2018-01-04,3,0,105,55,29,21,105,272.89,25.24,24.66,322.79
2018-01-05,4,0,105,55,28,22,105,181.42,28.6,51.58,261.59999999999997
2018-01-06,5,1,107,55,30,22,72,352.04,9.46,19.51,381.01
2018-01-07,6,1,106,54,29,23,74,1.4,0.0,0.13,1.5299999999999998
2018-01-08,0,0,103,52,28,23,103,202.98,13.59,11.03,227.6
2018-01-09,1,0,104,51,28,25,104,233.51,26.25,26.61,286.37
2018-01-10,2,0,104,52,29,23,104,311.41,35.38,43.1,389.89000000000004
2018-01-11,3,0,103,53,27,23,103,262.17,19.57,17.64,299.38
2018-01-12,4,0,103,52,28,23,103,287.86,30.95,24.8,343.61
2018-01-13,5,1,103,53,26,24,71,152.74,14.93,15.92,183.59
2018-01-14,6,1,103,53,25,25,73,177.62,5.57,21.86,205.05
2018-01-15,0,0,104,55,24,25,104,177.85,21.98,34.73,234.55999999999997
2018-01-16,1,0,104,56,21,27,104,127.38,4.2,33.36,164.94
2018-01-17,2,0,103,57,21,25,103,209.29,24.53,33.02,266.84
2018-01-18,3,0,104,58,21,25,104,407.46,23.41,22.05,452.92
2018-01-19,4,0,104,57,22,25,104,164.72,30.38,31.44,226.54
2018-01-20,5,1,103,54,22,27,76,196.29,5.22,13.5,215.01
2018-01-21,6,1,101,52,23,26,68,153.96,14.83,17.76,186.55
2018-01-22,0,0,102,53,23,26,102,199.67,15.02,31.9,246.59
2018-01-23,1,0,104,54,24,26,104,266.56,12.23,4.82,283.61
2018-01-24,2,0,103,55,22,26,103,218.46,35.16,37.9,291.52
2018-01-25,3,0,104,53,23,28,104,254.05,41.76,19.86,315.67
2018-01-26,4,0,103,52,24,27,103,426.53,24.75,16.02,467.29999999999995
2018-01-27,5,1,102,50,25,27,76,266.38,20.65,17.6,304.63
2018-01-28,6,1,102,51,26,25,68,248.14,30.05,6.58,284.77
2018-01-29,0,0,102,52,26,24,102,323.73,28.28,10.72,362.73
2018-01-30,1,0,102,51,30,21,102,253.87,30.26,19.29,303.42
2018-01-31,2,0,102,52,27,23,102,210.25,35.7,0.81,246.76
2018-02-01,3,0,102,53,26,23,102,210.56,20.12,23.79,254.47
2018-02-02,4,0,101,53,25,23,101,372.73,15.85,10.13,398.71000000000004
2018-02-03,5,1,102,54,24,24,77,346.57,30.77,21.69,399.03
2018-02-04,6,1,101,53,23,25,71,241.82,13.47,38.96,294.25
2018-02-05,0,0,103,55,23,25,103,363.98,47.91,36.68,448.57
2018-02-06,1,0,103,53,25,25,103,357.33,22.06,21.76,401.15
2018-02-07,2,0,101,52,25,24,101,302.88,21.53,23.28,347.68999999999994
2018-02-08,3,0,100,51,25,24,100,314.37,19.18,29.34,362.89
2018-02-09,4,0,100,52,24,24,100,312.66,46.48,14.21,373.35
2018-02-10,5,1,101,53,24,24,67,270.49,14.89,48.26,333.64
2018-02-11,6,1,100,52,24,24,67,285.22,30.19,29.77,345.18
2018-02-12,0,0,101,53,26,22,101,246.7,38.59,34.53,319.81999999999994
2018-02-13,1,0,100,51,27,22,100,120.3,28.33,26.22,174.85
2018-02-14,2,0,100,49,29,22,100,333.56,42.36,4.58,380.5
2018-02-15,3,0,103,51,30,22,103,513.69,17.49,6.58,537.7600000000001
2018-02-16,4,0,104,52,29,23,104,451.78,30.83,34.97,517.5799999999999
2018-02-17,5,1,103,49,31,23,75,251.88,15.48,6.09,273.45
2018-02-18,6,1,105,49,33,23,73,213.49,5.15,27.05,245.69000000000003
2018-02-19,0,0,105,50,35,20,105,191.96,19.35,3.39,214.7
2018-02-20,1,0,105,51,33,21,105,213.63,20.38,16.6,250.60999999999999
2018-02-21,2,0,105,52,30,23,105,193.79,15.42,5.78,214.98999999999998
2018-02-22,3,0,105,52,29,24,105,206.56,17.41,24.59,248.56
2018-02-23,4,0,105,51,31,23,105,240.59,17.1,26.93,284.62
2018-02-24,5,1,105,50,31,24,80,234.05,27.42,38.3,299.77000000000004
2018-02-25,6,1,104,50,31,23,75,185.16,28.45,18.34,231.95
2018-02-26,0,0,103,51,30,22,103,323.76,26.64,4.33,354.72999999999996
2018-02-27,1,0,105,53,29,23,105,184.55,59.06,14.37,257.98
2018-02-28,2,0,105,52,30,23,105,309.67,62.82,4.41,376.90000000000003
2018-03-01,3,0,105,51,32,22,105,187.21,80.21,5.0,272.42
2018-03-02,4,0,105,51,33,21,105,268.76,73.13,16.78,358.66999999999996
2018-03-03,5,1,105,50,34,21,77,205.75,34.81,33.14,273.7
2018-03-04,6,1,107,51,34,22,79,175.91,8.08,4.11,188.10000000000002
2018-03-05,0,0,107,51,33,23,107,180.29,20.29,18.95,219.52999999999997
2018-03-06,1,0,104,49,33,22,104,154.72,67.39,41.61,263.72
2018-03-07,2,0,104,48,33,23,104,138.96,98.17,21.11,258.24
2018-03-08,3,0,106,50,33,23,106,184.66,29.7,5.88,220.23999999999998
2018-03-09,4,0,106,50,34,22,106,287.3,33.82,27.57,348.69
2018-03-10,5,1,104,50,32,22,74,107.46,31.92,24.96,164.34
2018-03-11,6,1,104,50,31,23,73,329.71,0.0,21.46,351.16999999999996
2018-03-12,0,0,108,53,32,23,108,161.31,28.2,40.8,230.31
2018-03-13,1,0,108,53,32,23,108,111.8,57.84,9.65,179.29
2018-03-14,2,0,106,52,30,24,106,218.67,42.99,11.03,272.68999999999994
2018-03-15,3,0,104,49,29,26,104,165.9,31.09,17.28,214.27
2018-03-16,4,0,103,49,28,26,103,198.79,20.38,17.44,236.60999999999999
2018-03-17,5,1,104,51,27,26,75,324.69,29.75,20.19,374.63
2018-03-18,6,1,103,49,29,25,75,105.16,22.67,36.46,164.29
2018-03-19,0,0,102,48,30,24,102,134.08,33.31,21.05,188.44000000000003
2018-03-20,1,0,102,48,29,25,102,330.09,21.98,13.23,365.3
2018-03-21,2,0,103,48,29,26,103,182.23,12.38,10.34,204.95
2018-03-22,3,0,103,50,29,24,103,171.55,9.81,14.05,195.41000000000003
2018-03-23,4,0,102,49,29,24,102,228.32,24.4,24.12,276.84
2018-03-24,5,1,104,50,27,27,73,195.23,19.46,37.56,252.25
2018-03-25,6,1,100,47,28,25,71,225.27,24.11,20.04,269.42
2018-03-26,0,0,100,49,25,26,100,186.51,43.11,25.62,255.24
2018-03-27,1,0,102,50,26,26,102,189.91,40.08,21.83,251.82
2018-03-28,2,0,106,54,25,27,106,80.8,67.23,29.76,177.79
2018-03-29,3,0,106,55,24,27,106,200.64,15.47,37.11,253.21999999999997
2018-03-30,4,0,106,54,25,27,106,299.21,96.94,28.72,424.87
2018-03-31,5,1,105,53,25,27,79,264.09,21.93,48.0,334.02
2018-04-01,6,1,103,53,23,27,73,182.08,49.78,36.84,268.70000000000005
2018-04-02,0,0,104,52,25,27,104,210.38,89.72,30.92,331.02000000000004
2018-04-03,1,0,105,52,26,27,105,266.94,30.1,4.78,301.82
2018-04-04,2,0,105,51,28,26,105,203.18,25.64,30.97,259.78999999999996
2018-04-05,3,0,104,50,29,25,104,272.45,49.26,31.1,352.81
2018-04-06,4,0,106,49,30,27,106,239.96,41.72,19.3,300.98
2018-04-07,5,1,106,50,30,26,75,201.3,11.83,83.48,296.61
2018-04-08,6,1,106,52,28,26,77,0.46,0.0,0.38,0.8400000000000001
2018-04-09,0,0,106,53,27,26,106,180.98,17.53,26.24,224.75
2018-04-10,1,0,105,53,26,26,105,270.29,53.58,10.46,334.33
2018-04-11,2,0,105,54,24,27,105,195.52,36.11,36.48,268.11
2018-04-12,3,0,104,53,23,28,104,120.84,26.04,27.93,174.81
2018-04-13,4,0,103,52,24,27,103,156.99,35.0,23.98,215.97
2018-04-14,5,1,102,51,23,28,75,119.72,7.18,43.72,170.62
2018-04-15,6,1,103,51,24,28,79,104.87,14.93,41.94,161.74
2018-04-16,0,0,103,49,25,29,103,274.59,30.52,10.43,315.53999999999996
2018-04-17,1,0,103,49,25,29,103,110.95,29.84,19.14,159.93
2018-04-18,2,0,106,50,26,30,106,177.51,15.68,29.84,223.03
2018-04-19,3,0,104,50,24,30,104,215.47,8.11,29.52,253.1
2018-04-20,4,0,103,52,22,29,103,102.31,29.57,28.02,159.9
2018-04-21,5,1,101,50,24,27,72,192.52,18.31,20.32,231.15
2018-04-22,6,1,102,53,22,27,69,192.9,17.41,32.12,242.43
2018-04-23,0,0,102,52,22,28,102,103.27,17.8,39.05,160.12
2018-04-24,1,0,102,52,22,28,102,137.37,23.96,33.81,195.14000000000001
2018-04-25,2,0,101,51,23,27,101,123.72,25.18,47.29,196.19
2018-04-26,3,0,102,52,24,26,102,122.34,22.74,27.27,172.35000000000002
2018-04-27,4,0,101,52,22,27,101,291.1,32.22,35.56,358.88000000000005
2018-04-28,5,1,102,51,23,28,71,130.33,28.67,52.54,211.54
2018-04-29,6,1,103,52,23,28,75,70.34,14.25,41.09,125.68
2018-04-30,0,0,102,49,28,25,102,96.66,35.87,25.33,157.86
2018-05-01,1,0,103,50,28,25,103,44.36,1.0,11.85,57.21
2018-05-02,2,0,103,51,28,24,103,262.25,20.6,28.68,311.53000000000003
2018-05-03,3,0,101,50,27,24,101,184.86,28.78,11.37,225.01000000000002
2018-05-04,4,0,100,50,26,24,100,56.17,18.37,4.54,79.08000000000001
2018-05-05,5,1,99,48,26,25,74,118.36,23.28,45.17,186.81
2018-05-06,6,1,98,49,25,24,66,78.74,24.78,16.14,119.66
2018-05-07,0,0,98,48,25,25,98,146.34,36.68,48.12,231.14000000000001
2018-05-08,1,0,99,49,25,25,99,99.93,38.33,52.52,190.78
2018-05-09,2,0,101,47,28,26,101,161.62,24.62,47.72,233.96
2018-05-10,3,0,102,46,29,27,102,264.31,38.57,46.96,349.84
2018-05-11,4,0,103,49,27,27,103,133.8,21.19,50.4,205.39000000000001
2018-05-12,5,1,104,49,28,27,73,131.03,29.02,7.08,167.13000000000002
2018-05-13,6,1,102,50,27,25,69,68.88,6.62,26.39,101.89
2018-05-14,0,0,102,50,26,26,102,137.11,10.8,31.8,179.71000000000004
2018-05-15,1,0,102,47,29,26,102,98.84,33.56,20.6,153.0
2018-05-16,2,0,103,48,30,25,103,92.92,25.87,19.52,138.31
2018-05-17,3,0,104,48,32,24,104,109.91,33.25,9.44,152.6
2018-05-18,4,0,105,49,33,23,105,210.79,36.03,10.18,257.0
2018-05-19,5,1,106,49,33,24,78,95.97,22.26,11.45,129.68
2018-05-20,6,1,105,48,33,24,82,248.18,18.17,32.97,299.32000000000005
2018-05-21,0,0,105,51,31,23,105,101.98,56.79,56.1,214.87
2018-05-22,1,0,104,49,31,24,104,57.03,21.74,17.7,96.47
2018-05-23,2,0,104,47,33,24,104,77.3,23.94,7.16,108.39999999999999
2018-05-24,3,0,104,48,32,24,104,137.54,21.22,9.57,168.32999999999998
2018-05-25,4,0,102,48,31,23,102,114.77,26.84,10.45,152.05999999999997
2018-05-26,5,1,103,48,32,23,77,82.13,22.26,13.8,118.19
2018-05-27,6,1,105,48,34,23,78,257.27,17.22,28.57,303.06
2018-05-28,0,0,105,48,34,23,105,139.43,21.98,32.35,193.76
2018-05-29,1,0,105,50,32,23,105,149.87,22.28,41.04,213.19
2018-05-30,2,0,102,46,33,23,102,113.19,27.67,19.47,160.33
2018-05-31,3,0,102,48,30,24,102,80.51,28.73,17.32,126.56
2018-06-01,4,0,103,50,28,25,103,204.27,27.66,60.82,292.75
2018-06-02,5,1,103,49,28,26,77,120.65,24.7,41.85,187.2
2018-06-03,6,1,102,47,30,25,75,113.97,23.8,24.74,162.51000000000002
2018-06-04,0,0,102,48,28,26,102,128.98,8.66,17.0,154.64
2018-06-05,1,0,101,47,28,26,101,133.6,21.24,22.81,177.65
2018-06-06,2,0,102,49,27,26,102,117.14,49.29,29.76,196.19
2018-06-07,3,0,102,47,28,27,102,125.75,33.71,11.04,170.5
2018-06-08,4,0,101,46,28,27,101,61.89,17.58,21.62,101.09
2018-06-09,5,1,102,48,28,26,73,104.37,31.72,41.92,178.01
2018-06-10,6,1,102,48,28,26,73,164.49,19.66,13.65,197.8
2018-06-11,0,0,104,49,28,27,104,116.11,53.34,43.57,213.01999999999998
2018-06-12,1,0,105,50,29,26,105,125.96,9.61,12.38,147.95
2018-06-13,2,0,103,46,30,27,103,153.64,4.35,64.05,222.03999999999996
2018-06-14,3,0,103,47,31,25,103,149.02,34.54,1.06,184.62
2018-06-15,4,0,101,46,31,24,101,75.07,30.77,4.88,110.71999999999998
2018-06-16,5,1,101,46,31,24,71,51.69,14.91,15.27,81.86999999999999
2018-06-17,6,1,102,47,32,23,73,115.18,29.75,20.95,165.88
2018-06-18,0,0,102,45,34,23,102,94.16,13.66,20.49,128.31
2018-06-19,1,0,105,47,34,24,105,160.21,27.94,19.13,207.28
2018-06-20,2,0,101,45,31,25,101,100.69,25.73,18.58,145.0
2018-06-21,3,0,101,45,32,24,101,241.68,16.6,16.46,274.74
2018-06-22,4,0,101,45,32,24,101,82.6,10.17,23.42,116.19
2018-06-23,5,1,101,46,32,23,68,63.95,19.86,23.61,107.42
2018-06-24,6,1,101,45,34,22,73,141.82,28.22,7.51,177.54999999999998
2018-06-25,0,0,102,44,34,24,102,210.09,40.48,14.93,265.5
2018-06-26,1,0,103,45,35,23,103,103.15,19.19,47.0,169.34
2018-06-27,2,0,106,48,35,23,106,81.59,32.82,8.74,123.14999999999999
2018-06-28,3,0,106,49,35,22,106,70.32,41.23,13.52,125.06999999999998
2018-06-29,4,0,104,45,36,23,104,70.06,26.0,3.84,99.9
2018-06-30,5,1,105,49,33,23,73,124.12,29.52,30.74,184.38000000000002
2018-07-01,6,1,104,46,35,23,74,107.82,22.18,9.5,139.5
2018-07-02,0,0,103,44,35,24,103,168.67,59.6,15.97,244.23999999999998
2018-07-03,1,0,102,42,36,24,102,91.34,29.12,29.98,150.44
2018-07-04,2,0,101,42,35,24,101,111.61,20.92,4.88,137.41
2018-07-05,3,0,101,43,34,24,101,100.96,17.82,20.19,138.97
2018-07-06,4,0,101,43,36,22,101,132.52,49.49,9.02,191.03000000000003
2018-07-07,5,1,102,42,38,22,73,92.67,41.83,27.0,161.5
2018-07-08,6,1,101,40,37,24,78,143.37,30.9,34.69,208.96
2018-07-09,0,0,102,41,38,23,102,212.06,41.93,14.84,268.83
2018-07-10,1,0,101,41,37,23,101,229.35,31.09,27.21,287.65
2018-07-11,2,0,100,42,34,24,100,197.76,42.31,47.43,287.5
2018-07-12,3,0,98,41,33,24,98,159.45,36.71,13.42,209.57999999999998
2018-07-13,4,0,100,42,35,23,100,148.03,16.45,6.98,171.45999999999998
2018-07-14,5,1,103,45,36,22,76,133.9,21.48,0.0,155.38
2018-07-15,6,1,100,46,32,22,74,112.78,11.13,44.37,168.28
2018-07-16,0,0,99,47,30,22,99,145.77,23.36,40.38,209.51
2018-07-17,1,0,99,46,31,22,99,194.91,39.66,10.44,245.01
2018-07-18,2,0,100,45,33,22,100,63.72,52.9,11.47,128.09
2018-07-19,3,0,100,47,31,22,100,108.16,43.28,29.71,181.15
2018-07-20,4,0,102,49,31,22,102,239.24,5.16,21.95,266.35
2018-07-21,5,1,102,48,31,23,76,110.7,18.08,18.88,147.66
2018-07-22,6,1,101,47,32,22,77,158.04,12.97,15.83,186.84
2018-07-23,0,0,101,48,30,23,101,82.03,46.34,39.52,167.89000000000001
2018-07-24,1,0,101,49,31,21,101,150.13,13.07,40.73,203.92999999999998
2018-07-25,2,0,102,47,32,23,102,110.21,19.73,23.31,153.25
2018-07-26,3,0,102,47,32,23,102,165.4,12.61,20.36,198.37
2018-07-27,4,0,102,45,33,24,102,132.11,35.56,11.11,178.78000000000003
2018-07-28,5,1,103,45,36,22,72,118.85,27.01,26.21,172.07
2018-07-29,6,1,103,44,37,22,77,47.02,22.1,15.19,84.31
2018-07-30,0,0,104,44,34,26,104,179.59,29.02,15.63,224.24
2018-07-31,1,0,105,47,31,27,105,95.67,15.86,39.22,150.75
2018-08-01,2,0,105,48,30,27,105,96.2,28.02,5.68,129.9
2018-08-02,3,0,104,48,29,27,104,76.47,32.69,0.0,109.16
2018-08-03,4,0,106,49,29,28,106,148.55,27.79,22.62,198.96
2018-08-04,5,1,106,51,27,28,81,43.44,31.21,27.97,102.62
2018-08-05,6,1,105,50,26,29,74,66.8,11.22,33.35,111.37
2018-08-06,0,0,103,49,24,30,103,148.66,21.25,50.73,220.64
2018-08-07,1,0,104,49,22,33,104,102.04,21.06,14.93,138.03
2018-08-08,2,0,104,46,24,34,104,69.45,42.94,29.15,141.54
2018-08-09,3,0,104,44,25,35,104,202.96,43.04,18.7,264.7
2018-08-10,4,0,103,43,24,36,103,129.34,14.44,42.81,186.59
2018-08-11,5,1,102,43,23,36,79,194.38,50.2,29.18,273.76
2018-08-12,6,1,102,44,22,36,81,87.23,17.87,78.21,183.31
2018-08-13,0,0,103,45,24,34,103,161.65,48.11,22.19,231.95
2018-08-14,1,0,102,46,24,32,102,77.71,27.21,8.52,113.43999999999998
2018-08-15,2,0,103,47,24,32,103,218.32,42.08,53.3,313.7
2018-08-16,3,0,103,47,24,32,103,191.9,18.82,21.39,232.11
2018-08-17,4,0,102,47,22,33,102,157.85,16.14,15.85,189.84
2018-08-18,5,1,102,45,24,33,74,160.31,15.85,41.41,217.57
2018-08-19,6,1,103,47,22,34,80,108.14,10.31,43.01,161.46
2018-08-20,0,0,104,47,23,34,104,147.67,20.64,27.43,195.74
2018-08-21,1,0,103,46,24,33,103,179.75,13.67,15.47,208.89
2018-08-22,2,0,104,48,24,32,104,123.2,12.48,31.59,167.27
2018-08-23,3,0,102,47,24,31,102,236.22,24.04,30.88,291.14
2018-08-24,4,0,103,48,25,30,103,262.51,21.36,23.72,307.59000000000003
2018-08-25,5,1,103,47,26,30,77,138.9,11.65,22.03,172.58
2018-08-26,6,1,103,46,28,29,78,300.35,31.56,64.88,396.79
2018-08-27,0,0,104,46,29,29,104,107.6,19.94,18.61,146.14999999999998
2018-08-28,1,0,105,46,29,30,105,187.09,21.74,12.5,221.33
2018-08-29,2,0,103,44,29,30,103,193.6,32.72,40.46,266.78
2018-08-30,3,0,103,44,31,28,103,263.74,23.24,12.56,299.54
2018-08-31,4,0,103,43,33,27,103,117.49,42.86,23.76,184.10999999999999
2018-09-01,5,1,103,44,35,24,78,98.52,18.03,11.27,127.82
2018-09-02,6,1,101,44,31,26,76,95.95,15.53,34.13,145.61
2018-09-03,0,0,100,42,32,26,100,182.17,40.06,5.79,228.01999999999998
2018-09-04,1,0,100,42,31,27,100,147.42,22.35,21.89,191.65999999999997
2018-09-05,2,0,99,43,29,27,99,183.63,33.97,35.41,253.01
2018-09-06,3,0,101,43,31,27,101,123.27,42.71,34.93,200.91
2018-09-07,4,0,102,44,31,27,102,289.13,20.27,10.77,320.16999999999996
2018-09-08,5,1,102,44,32,26,72,169.28,36.93,51.91,258.12
2018-09-09,6,1,100,43,32,25,74,244.05,6.07,19.41,269.53000000000003
2018-09-10,0,0,101,43,33,25,101,333.62,45.47,35.01,414.1
2018-09-11,1,0,101,42,35,24,101,346.46,49.77,42.56,438.78999999999996
2018-09-12,2,0,101,39,37,25,101,240.07,62.26,19.53,321.86
2018-09-13,3,0,100,38,39,23,100,137.81,16.74,12.99,167.54000000000002
2018-09-14,4,0,100,39,37,24,100,360.69,24.45,38.13,423.27
2018-09-15,5,1,100,40,35,25,77,103.69,18.95,29.74,152.38
2018-09-16,6,1,102,41,36,25,73,121.15,20.22,16.61,157.98000000000002
2018-09-17,0,0,101,41,36,24,101,297.9,34.49,13.87,346.26
2018-09-18,1,0,100,40,36,24,100,132.47,20.14,21.59,174.20000000000002
2018-09-19,2,0,101,40,37,24,101,178.36,32.51,28.64,239.51
2018-09-20,3,0,100,40,37,23,100,161.49,43.95,9.97,215.41
2018-09-21,4,0,101,42,36,23,101,223.92,33.9,22.3,280.12
2018-09-22,5,1,101,42,37,22,76,162.94,19.21,25.64,207.79000000000002
2018-09-23,6,1,102,43,37,22,77,222.11,25.71,32.22,280.04
2018-09-24,0,0,101,42,37,22,101,364.78,23.85,32.33,420.96
2018-09-25,1,0,101,42,36,23,101,361.2,37.01,27.51,425.71999999999997
2018-09-26,2,0,101,41,37,23,101,280.77,31.71,14.21,326.68999999999994
2018-09-27,3,0,102,42,37,23,102,132.07,37.77,18.54,188.38
2018-09-28,4,0,104,47,32,25,104,283.59,9.75,10.02,303.35999999999996
2018-09-29,5,1,105,47,33,25,78,300.69,10.41,17.51,328.61
2018-09-30,6,1,105,47,33,25,81,293.41,26.92,54.11,374.44000000000005
2018-10-01,0,0,105,47,32,26,105,371.64,32.84,15.34,419.82
2018-10-02,1,0,104,46,33,25,104,130.72,24.61,29.91,185.23999999999998
2018-10-03,2,0,105,46,33,26,105,243.65,39.22,30.57,313.44
2018-10-04,3,0,103,47,30,26,103,219.69,37.58,30.62,287.89
2018-10-05,4,0,102,45,30,27,102,156.89,22.88,26.1,205.86999999999998
2018-10-06,5,1,104,45,31,28,77,302.91,12.63,11.1,326.64000000000004
2018-10-07,6,1,104,44,32,28,76,216.46,24.13,15.42,256.01
2018-10-08,0,0,105,44,35,26,105,212.98,61.74,21.94,296.65999999999997
2018-10-09,1,0,105,44,36,25,105,209.38,61.33,9.17,279.88
2018-10-10,2,0,105,45,34,26,105,288.69,44.44,45.97,379.1
2018-10-11,3,0,103,45,31,27,103,215.62,49.15,11.6,276.37
2018-10-12,4,0,104,45,32,27,104,186.25,22.12,34.03,242.4
2018-10-13,5,1,103,45,32,26,78,155.21,24.32,36.64,216.17000000000002
2018-10-14,6,1,102,44,32,26,72,248.29,26.88,11.41,286.58000000000004
2018-10-15,0,0,102,45,30,27,102,324.56,39.11,38.84,402.51
2018-10-16,1,0,103,46,29,28,103,186.23,15.93,33.48,235.64
2018-10-17,2,0,103,45,29,29,103,357.47,16.9,12.0,386.37
2018-10-18,3,0,102,44,29,29,102,93.88,28.86,24.76,147.5
2018-10-19,4,0,102,43,29,30,102,68.49,17.76,24.1,110.35
2018-10-20,5,1,103,44,27,32,80,175.07,26.51,14.86,216.44
2018-10-21,6,1,104,43,29,32,73,274.43,15.66,41.75,331.84000000000003
2018-10-22,0,0,106,45,30,31,106,134.82,28.63,16.15,179.6
2018-10-23,1,0,106,45,29,32,106,317.69,31.96,15.39,365.03999999999996
2018-10-24,2,0,106,45,31,30,106,266.87,23.46,23.74,314.07
2018-10-25,3,0,106,45,29,32,106,370.38,41.4,33.81,445.59
2018-10-26,4,0,105,43,31,31,105,307.57,48.19,23.73,379.49
2018-10-27,5,1,105,42,32,31,77,253.23,40.15,51.56,344.94
2018-10-28,6,1,104,43,32,29,78,280.53,27.34,30.02,337.88999999999993
2018-10-29,0,0,104,43,32,29,104,224.94,15.37,31.02,271.33
2018-10-30,1,0,103,41,33,29,103,127.7,25.22,54.22,207.14000000000001
2018-10-31,2,0,103,41,33,29,103,235.15,27.3,12.01,274.46
2018-11-01,3,0,104,41,33,30,104,172.26,20.35,46.88,239.48999999999998
2018-11-02,4,0,104,44,30,30,104,226.74,27.66,30.64,285.04
2018-11-03,5,1,103,42,31,30,73,223.36,7.63,18.02,249.01000000000002
2018-11-04,6,1,104,43,32,29,73,251.63,20.15,80.56,352.34
2018-11-05,0,0,105,43,32,30,105,203.65,48.62,37.74,290.01
2018-11-06,1,0,105,43,33,29,105,260.71,28.58,19.59,308.87999999999994
2018-11-07,2,0,104,42,34,28,104,270.28,50.6,39.71,360.59
2018-11-08,3,0,103,40,34,29,103,259.47,16.7,17.64,293.81
2018-11-09,4,0,104,41,34,29,104,299.18,27.78,30.17,357.13000000000005
2018-11-10,5,1,105,42,33,30,84,199.27,24.91,25.35,249.53
2018-11-11,6,1,105,43,31,31,82,188.58,46.04,68.21,302.83
2018-11-12,0,0,105,45,28,32,105,246.1,50.18,14.04,310.32
2018-11-13,1,0,106,48,26,32,106,212.2,59.46,40.29,311.95
2018-11-14,2,0,106,48,26,32,106,202.19,30.04,37.07,269.3
2018-11-15,3,0,105,48,27,30,105,346.18,9.69,11.86,367.73
2018-11-16,4,0,105,48,27,30,105,149.44,18.82,50.23,218.48999999999998
2018-11-17,5,1,104,45,29,30,76,200.06,15.68,47.09,262.83000000000004
2018-11-18,6,1,105,44,32,29,82,179.19,21.7,28.09,228.98
2018-11-19,0,0,105,45,32,28,105,328.33,19.38,33.46,381.16999999999996
2018-11-20,1,0,105,47,31,27,105,223.26,12.99,28.01,264.26
2018-11-21,2,0,104,44,32,28,104,151.82,16.31,38.96,207.09
2018-11-22,3,0,104,44,30,30,104,154.65,30.84,47.38,232.87
2018-11-23,4,0,104,44,32,28,104,209.23,42.73,33.31,285.27
2018-11-24,5,1,106,45,33,28,75,149.16,35.99,30.98,216.13
2018-11-25,6,1,105,44,34,27,78,99.02,19.33,27.55,145.9
2018-11-26,0,0,105,45,33,27,105,254.18,51.12,28.2,333.5
2018-11-27,1,0,105,42,38,25,105,294.2,7.1,39.45,340.75
2018-11-28,2,0,106,45,37,24,106,172.19,51.03,13.63,236.85
2018-11-29,3,0,104,43,38,23,104,157.55,24.64,20.12,202.31
2018-11-30,4,0,104,43,39,22,104,160.59,8.84,4.86,174.29000000000002
2018-12-01,5,1,102,41,38,23,75,204.9,19.71,32.33,256.94
2018-12-02,6,1,102,40,39,23,77,336.22,18.01,13.93,368.16
2018-12-03,0,0,104,41,41,22,104,306.74,45.52,26.29,378.55
2018-12-04,1,0,104,41,41,22,104,225.44,41.74,10.41,277.59000000000003
2018-12-05,2,0,104,41,41,22,104,287.1,46.97,24.03,358.1
2018-12-06,3,0,103,40,39,24,103,0.0,1.0,0.0,1.0
2018-12-07,4,0,103,40,40,23,103,322.53,50.42,22.76,395.71
2018-12-08,5,1,103,40,40,23,78,0.0,0.4,0.38,0.78
2018-12-09,6,1,104,40,40,24,76,291.76,28.1,22.16,342.02000000000004
2018-12-10,0,0,102,39,41,22,102,163.04,43.78,18.0,224.82
2018-12-11,1,0,102,38,40,24,102,190.14,42.01,19.13,251.27999999999997
2018-12-12,2,0,101,39,37,25,101,255.38,38.35,21.27,315.0
2018-12-13,3,0,101,39,37,25,101,319.01,19.94,17.93,356.88
2018-12-14,4,0,101,39,39,23,101,162.83,6.13,9.98,178.94
2018-12-15,5,1,101,39,40,22,75,315.92,15.9,17.24,349.06
2018-12-16,6,1,100,40,38,22,79,143.38,8.31,6.15,157.84
2018-12-17,0,0,101,40,39,22,101,359.57,20.03,28.3,407.90000000000003
2018-12-18,1,0,101,43,36,22,101,235.61,39.03,2.1,276.74
2018-12-19,2,0,101,45,33,23,101,0.0,0.0,0.52,0.52
2018-12-20,3,0,101,45,32,24,101,181.71,39.1,40.35,261.16
2018-12-21,4,0,100,44,33,23,100,232.62,37.13,9.2,278.95
2018-12-22,5,1,100,43,35,22,72,209.29,8.42,36.19,253.89999999999998
2018-12-23,6,1,102,45,35,22,79,252.23,23.29,53.85,329.37
2018-12-24,0,0,105,48,33,24,105,224.76,63.87,41.73,330.36
2018-12-25,1,0,105,48,33,24,105,299.34,29.74,38.5,367.58
2018-12-26,2,0,105,48,33,24,105,352.55,25.65,4.24,382.44
2018-12-27,3,0,105,48,33,24,105,284.64,27.2,17.88,329.71999999999997
2018-12-28,4,0,104,48,32,24,104,394.04,34.58,55.46,484.08
2018-12-29,5,1,103,47,33,23,77,353.43,14.48,30.53,398.44000000000005
2018-12-30,6,1,102,47,33,22,74,296.73,16.45,23.31,336.49
2018-12-31,0,0,104,48,34,22,104,307.79,29.82,34.33,371.94
2019-01-01,1,0,102,46,33,23,102,1.75,0.35,0.95,3.05
2019-01-02,2,0,102,47,31,24,102,247.36,11.53,25.06,283.95
2019-01-03,3,0,103,48,32,23,103,291.44,17.55,19.89,328.88
2019-01-04,4,0,104,49,33,22,104,386.04,31.48,31.11,448.63000000000005
2019-01-05,5,1,105,51,31,23,71,298.53,28.58,36.98,364.09
2019-01-06,6,1,105,51,30,24,78,246.74,32.45,39.15,318.34
2019-01-07,0,0,105,50,32,23,105,0.0,0.0,0.74,0.74
2019-01-08,1,0,105,49,35,21,105,295.77,18.58,18.3,332.65
2019-01-09,2,0,105,49,34,22,105,454.23,76.46,12.84,543.5300000000001
2019-01-10,3,0,103,48,35,20,103,271.1,37.5,32.15,340.75
2019-01-11,4,0,103,48,34,21,103,424.87,37.92,23.31,486.1
2019-01-12,5,1,103,49,33,21,76,377.88,61.43,27.28,466.59000000000003
2019-01-13,6,1,102,48,31,23,69,339.09,11.2,37.23,387.52
2019-01-14,0,0,102,49,30,23,102,346.52,29.48,41.37,417.37
2019-01-15,1,0,99,48,28,23,99,200.16,25.24,20.39,245.79000000000002
2019-01-16,2,0,99,49,28,22,99,322.54,32.88,33.62,389.04
2019-01-17,3,0,100,52,27,21,100,372.13,26.2,22.45,420.78
2019-01-18,4,0,102,53,27,22,102,191.23,35.81,27.51,254.54999999999998
2019-01-19,5,1,101,52,27,22,69,356.61,23.52,30.0,410.13
2019-01-20,6,1,101,51,28,22,75,464.27,14.72,51.11,530.1
2019-01-21,0,0,102,51,29,22,102,453.61,32.2,18.9,504.71
2019-01-22,1,0,102,53,26,23,102,508.69,35.16,31.0,574.85
2019-01-23,2,0,101,53,25,23,101,396.31,8.54,15.14,419.99
2019-01-24,3,0,102,55,25,22,102,320.33,19.31,17.92,357.56
2019-01-25,4,0,102,55,25,22,102,222.69,28.88,9.35,260.92
2019-01-26,5,1,102,56,25,21,73,475.73,26.3,29.61,531.64
2019-01-27,6,1,103,58,24,21,74,492.95,28.26,43.6,564.8100000000001
2019-01-28,0,0,103,55,26,22,103,310.31,29.88,37.08,377.27
2019-01-29,1,0,101,52,26,23,101,260.15,27.12,23.0,310.27
2019-01-30,2,0,103,54,24,25,103,357.43,21.62,31.88,410.93
2019-01-31,3,0,106,56,25,25,106,439.9,22.45,7.77,470.11999999999995
2019-02-01,4,0,105,55,25,25,105,273.36,24.84,56.02,354.21999999999997
2019-02-02,5,1,105,56,24,25,76,328.71,19.94,66.58,415.22999999999996
2019-02-03,6,1,103,55,23,25,76,240.44,24.71,31.15,296.29999999999995
2019-02-04,0,0,103,57,21,25,103,326.4,12.49,31.19,370.08
2019-02-05,1,0,104,56,23,25,104,235.0,5.42,26.73,267.15
2019-02-06,2,0,102,56,22,24,102,194.46,10.73,30.74,235.93
2019-02-07,3,0,102,56,22,24,102,289.61,29.02,11.61,330.24
2019-02-08,4,0,103,56,24,23,103,347.02,25.51,8.61,381.14
2019-02-09,5,1,104,54,26,24,70,240.78,27.28,31.63,299.69
2019-02-10,6,1,103,52,28,23,69,199.48,21.69,15.59,236.76
2019-02-11,0,0,103,54,26,23,103,207.79,29.67,36.07,273.53
2019-02-12,1,0,104,54,26,24,104,238.68,22.58,30.56,291.82
2019-02-13,2,0,104,53,26,25,104,190.19,47.85,20.57,258.61
2019-02-14,3,0,102,52,25,25,102,375.41,24.62,11.74,411.77000000000004
2019-02-15,4,0,100,52,24,24,100,349.39,42.94,24.55,416.88
2019-02-16,5,1,102,54,24,24,68,163.7,19.66,29.82,213.17999999999998
2019-02-17,6,1,102,54,25,23,69,69.75,26.88,10.29,106.91999999999999
2019-02-18,0,0,101,54,24,23,101,181.25,18.01,14.3,213.56
2019-02-19,1,0,99,53,24,22,99,181.85,40.57,14.02,236.44
2019-02-20,2,0,99,53,26,20,99,201.27,35.74,8.73,245.74
2019-02-21,3,0,101,55,26,20,101,308.57,40.82,6.55,355.94
2019-02-22,4,0,100,54,25,21,100,106.14,14.17,9.94,130.25
2019-02-23,5,1,100,54,23,23,74,191.39,31.25,24.12,246.76
2019-02-24,6,1,98,54,22,22,63,81.09,4.93,18.71,104.73000000000002
2019-02-25,0,0,99,55,22,22,99,168.78,9.69,22.68,201.15
2019-02-26,1,0,99,55,23,21,99,181.56,18.85,8.58,208.99
2019-02-27,2,0,99,53,25,21,99,88.39,23.97,20.55,132.91
2019-02-28,3,0,99,54,24,21,99,228.17,3.49,3.14,234.79999999999998
2019-03-01,4,0,96,51,24,21,96,144.67,32.15,5.96,182.78
2019-03-02,5,1,97,51,25,21,64,197.15,22.99,16.32,236.46
2019-03-03,6,1,97,52,24,21,70,93.93,11.72,33.85,139.5
2019-03-04,0,0,99,53,25,21,99,270.69,8.05,22.42,301.16
2019-03-05,1,0,100,56,24,20,100,135.8,18.78,12.28,166.86
2019-03-06,2,0,102,57,25,20,102,209.77,42.77,0.96,253.50000000000003
2019-03-07,3,0,102,56,26,20,102,70.59,62.62,29.41,162.62
2019-03-08,4,0,101,55,27,19,101,226.59,10.75,8.3,245.64000000000001
2019-03-09,5,1,102,56,25,21,67,203.94,26.19,26.17,256.3
2019-03-10,6,1,103,55,26,22,70,240.26,13.41,25.45,279.12
2019-03-11,0,0,103,54,27,22,103,180.2,27.44,63.23,270.87
2019-03-12,1,0,104,54,31,19,104,222.48,32.28,16.16,270.92
2019-03-13,2,0,104,55,30,19,104,155.1,29.23,10.09,194.42
2019-03-14,3,0,105,55,30,20,105,332.77,31.06,16.44,380.27
2019-03-15,4,0,105,54,28,23,105,277.81,21.63,13.47,312.91
2019-03-16,5,1,103,53,27,23,77,151.84,21.3,38.39,211.53000000000003
2019-03-17,6,1,103,53,27,23,68,251.95,13.6,29.88,295.43
2019-03-18,0,0,102,53,26,23,102,159.23,32.29,9.92,201.43999999999997
2019-03-19,1,0,102,54,25,23,102,180.88,26.06,40.78,247.72
2019-03-20,2,0,104,55,24,25,104,201.44,21.98,28.14,251.56
2019-03-21,3,0,105,56,25,24,105,130.03,36.95,11.54,178.52
2019-03-22,4,0,105,57,24,24,105,287.84,34.12,22.04,344.0
2019-03-23,5,1,105,58,22,25,68,70.39,16.6,29.45,116.44000000000001
2019-03-24,6,1,105,57,24,24,78,221.89,15.96,29.06,266.90999999999997
2019-03-25,0,0,105,57,23,25,105,189.76,29.26,24.63,243.64999999999998
2019-03-26,1,0,105,57,23,25,105,256.02,28.13,19.99,304.14
2019-03-27,2,0,105,58,23,24,105,178.41,33.04,30.6,242.04999999999998
2019-03-28,3,0,108,59,25,24,108,99.44,16.7,6.28,122.42
2019-03-29,4,0,108,59,25,24,108,180.31,27.25,14.76,222.32
2019-03-30,5,1,108,58,26,24,71,83.38,28.39,22.32,134.09
2019-03-31,6,1,108,58,25,25,81,143.38,21.54,35.1,200.01999999999998
2019-04-01,0,0,105,56,24,25,105,242.06,31.51,14.48,288.05
2019-04-02,1,0,105,58,21,26,105,171.76,19.34,40.27,231.37
2019-04-03,2,0,105,59,21,25,105,130.4,30.43,26.61,187.44
2019-04-04,3,0,105,59,22,24,105,272.98,21.36,21.5,315.84000000000003
2019-04-05,4,0,105,59,23,23,105,173.0,19.7,28.54,221.23999999999998
2019-04-06,5,1,104,56,24,24,67,61.24,32.62,15.84,109.7
2019-04-07,6,1,103,55,25,23,75,93.97,8.66,27.87,130.5
2019-04-08,0,0,102,52,28,22,102,66.05,20.77,21.39,108.21
2019-04-09,1,0,103,51,30,22,103,77.91,28.91,10.91,117.72999999999999
2019-04-10,2,0,105,52,31,22,105,240.2,47.76,10.05,298.01
2019-04-11,3,0,104,50,32,22,104,109.43,46.64,31.78,187.85
2019-04-12,4,0,103,48,33,22,103,115.7,49.78,19.18,184.66000000000003
2019-04-13,5,1,102,49,31,22,71,66.85,13.74,19.22,99.80999999999999
2019-04-14,6,1,101,50,30,21,67,102.25,9.81,17.16,129.22
2019-04-15,0,0,101,51,29,21,101,55.25,46.16,20.14,121.55
2019-04-16,1,0,101,50,31,20,101,185.25,33.97,6.61,225.83
2019-04-17,2,0,100,49,31,20,100,92.45,31.03,27.87,151.35
2019-04-18,3,0,98,46,32,20,98,1.1,0.0,0.18,1.28
2019-04-19,4,0,99,46,32,21,99,162.77,51.1,13.47,227.34
2019-04-20,5,1,99,45,33,21,68,106.54,33.88,37.34,177.76000000000002
2019-04-21,6,1,99,45,35,19,69,96.75,30.83,13.96,141.54
2019-04-22,0,0,99,44,35,20,99,337.73,36.77,33.92,408.42
2019-04-23,1,0,99,45,34,20,99,118.33,18.12,35.55,172.0
2019-04-24,2,0,99,47,33,19,99,260.7,38.43,8.88,308.01
2019-04-25,3,0,99,49,30,20,99,97.66,48.43,55.73,201.82
2019-04-26,4,0,98,50,28,20,98,211.06,17.36,25.16,253.58
2019-04-27,5,1,98,51,28,19,65,112.42,33.15,65.49,211.06
2019-04-28,6,1,99,50,31,18,65,0.0,1.24,0.0,1.24
2019-04-29,0,0,99,50,32,17,99,181.14,12.6,18.78,212.51999999999998
2019-04-30,1,0,100,51,34,15,100,146.21,35.89,6.5,188.60000000000002
2019-05-01,2,0,101,54,32,15,101,53.31,2.5,7.15,62.96
2019-05-02,3,0,101,55,30,16,101,135.27,39.78,5.75,180.8
2019-05-03,4,0,101,56,30,15,101,158.34,26.0,12.17,196.51
2019-05-04,5,1,100,56,29,15,67,111.14,11.75,27.28,150.17000000000002
2019-05-05,6,1,99,55,27,17,71,146.26,4.46,23.58,174.3
2019-05-06,0,0,99,56,26,17,99,151.66,26.14,16.27,194.07000000000002
2019-05-07,1,0,98,56,26,16,98,221.38,44.41,9.27,275.05999999999995
2019-05-08,2,0,100,58,25,17,100,87.61,38.0,30.24,155.85
2019-05-09,3,0,100,58,23,19,100,84.47,23.93,17.64,126.04
2019-05-10,4,0,100,58,22,20,100,74.23,30.45,19.02,123.7
2019-05-11,5,1,99,56,23,20,66,70.91,20.67,21.06,112.64
2019-05-12,6,1,100,59,21,20,70,185.35,6.2,19.07,210.61999999999998
2019-05-13,0,0,101,61,21,19,101,178.88,25.4,18.21,222.49
2019-05-14,1,0,101,60,22,19,101,172.48,11.12,25.35,208.95
2019-05-15,2,0,104,62,22,20,104,193.52,15.21,15.65,224.38000000000002
2019-05-16,3,0,104,62,23,19,104,86.82,21.9,18.79,127.50999999999999
2019-05-17,4,0,105,62,24,19,105,198.99,44.27,9.19,252.45000000000002
2019-05-18,5,1,105,62,24,19,65,64.28,20.53,37.84,122.65
2019-05-19,6,1,105,62,23,20,77,136.25,20.43,27.36,184.04000000000002
2019-05-20,0,0,105,62,23,20,105,149.77,27.4,15.09,192.26000000000002
2019-05-21,1,0,105,62,23,20,105,121.45,30.25,20.71,172.41
2019-05-22,2,0,105,62,24,19,105,195.59,17.59,30.57,243.75
2019-05-23,3,0,104,63,22,19,104,180.69,10.08,9.08,199.85000000000002
2019-05-24,4,0,103,61,22,20,103,248.41,19.39,21.16,288.96000000000004
2019-05-25,5,1,102,61,21,20,68,162.72,11.11,43.98,217.80999999999997
2019-05-26,6,1,102,61,20,21,72,143.62,5.95,26.75,176.32
2019-05-27,0,0,101,60,20,21,101,130.47,18.76,19.36,168.58999999999997
2019-05-28,1,0,99,58,20,21,99,120.29,23.12,18.05,161.46
2019-05-29,2,0,98,56,21,21,98,100.87,24.0,24.12,148.99
2019-05-30,3,0,98,57,20,21,98,110.8,13.45,21.62,145.87
2019-05-31,4,0,97,56,20,21,97,148.27,5.55,25.26,179.08
2019-06-01,5,1,97,55,21,21,68,95.4,1.7,13.3,110.4
2019-06-02,6,1,100,55,24,21,66,123.23,9.28,16.52,149.03
2019-06-03,0,0,100,56,23,21,100,105.65,8.98,1.6,116.23
2019-06-04,1,0,104,57,27,20,104,194.4,23.47,25.16,243.03
2019-06-05,2,0,106,58,28,20,106,185.37,17.74,20.18,223.29000000000002
2019-06-06,3,0,106,57,29,20,106,188.82,21.24,30.47,240.53
2019-06-07,4,0,106,56,30,20,106,157.62,17.24,24.66,199.52
2019-06-08,5,1,106,58,28,20,66,98.23,30.34,10.97,139.54
2019-06-09,6,1,105,57,27,21,75,82.16,18.1,38.01,138.26999999999998
2019-06-10,0,0,106,55,30,21,106,103.79,20.53,11.92,136.24
2019-06-11,1,0,105,53,32,20,105,175.42,26.34,46.09,247.85
2019-06-12,2,0,105,54,31,20,105,119.1,30.62,32.74,182.46
2019-06-13,3,0,106,53,32,21,106,138.6,5.49,2.73,146.82
2019-06-14,4,0,105,53,31,21,105,106.91,7.21,13.18,127.29999999999998
2019-06-15,5,1,103,52,30,21,79,77.51,36.13,29.86,143.5
2019-06-16,6,1,105,53,32,20,73,89.87,4.95,16.2,111.02000000000001
2019-06-17,0,0,103,53,30,20,103,125.31,16.7,26.32,168.32999999999998
2019-06-18,1,0,103,52,31,20,103,203.11,22.17,19.57,244.85000000000002
2019-06-19,2,0,103,53,30,20,103,126.3,17.32,14.72,158.34
2019-06-20,3,0,103,52,31,20,103,102.22,26.61,19.62,148.45
2019-06-21,4,0,104,50,33,21,104,174.27,23.1,12.83,210.20000000000002
2019-06-22,5,1,104,52,31,21,77,127.39,28.3,12.15,167.84
2019-06-23,6,1,105,53,31,21,78,94.01,3.67,39.1,136.78
2019-06-24,0,0,106,54,32,20,106,134.92,26.46,39.2,200.57999999999998
2019-06-25,1,0,106,54,35,17,106,84.27,29.11,6.98,120.36
2019-06-26,2,0,105,54,35,16,105,77.96,13.92,5.43,97.31
2019-06-27,3,0,105,55,34,16,105,105.29,12.98,25.62,143.89000000000001
2019-06-28,4,0,102,53,33,16,102,104.02,14.77,13.99,132.78
2019-06-29,5,1,99,51,32,16,68,83.79,7.17,3.33,94.29
2019-06-30,6,1,101,56,29,16,66,176.87,11.0,19.46,207.33
2019-07-01,0,0,101,56,27,18,101,91.55,17.85,18.49,127.89
2019-07-02,1,0,102,58,26,18,102,95.59,21.44,19.9,136.93
2019-07-03,2,0,102,58,26,18,102,204.52,21.7,14.61,240.82999999999998
2019-07-04,3,0,103,59,24,20,103,93.93,16.9,20.7,131.53
2019-07-05,4,0,105,61,25,19,105,141.44,26.18,16.46,184.08
2019-07-06,5,1,105,61,25,19,74,77.58,3.69,16.53,97.8
2019-07-07,6,1,104,59,26,19,73,121.18,3.73,21.82,146.73000000000002
2019-07-08,0,0,105,60,26,19,105,151.24,21.61,23.29,196.14000000000001
2019-07-09,1,0,105,59,27,19,105,105.14,31.47,10.34,146.95000000000002
2019-07-10,2,0,103,57,28,18,103,135.25,26.69,37.07,199.01
2019-07-11,3,0,103,56,29,18,103,131.65,18.42,12.13,162.2
2019-07-12,4,0,104,57,28,19,104,240.59,19.31,42.79,302.69
2019-07-13,5,1,104,57,28,19,72,84.96,12.29,18.49,115.74
2019-07-14,6,1,104,56,30,18,76,112.8,6.61,21.33,140.74
2019-07-15,0,0,104,57,27,20,104,165.54,14.19,29.4,209.13
2019-07-16,1,0,103,57,26,20,103,95.9,16.35,27.61,139.86
2019-07-17,2,0,105,59,27,19,105,180.91,18.7,14.82,214.42999999999998
2019-07-18,3,0,106,58,26,22,106,166.92,30.93,47.88,245.73
2019-07-19,4,0,106,56,27,23,106,200.54,42.23,32.68,275.45
2019-07-20,5,1,106,55,28,23,71,83.68,9.1,19.75,112.53
2019-07-21,6,1,105,56,26,23,74,76.68,12.07,30.21,118.96000000000001
2019-07-22,0,0,105,58,25,22,105,97.67,27.0,3.67,128.34
2019-07-23,1,0,104,58,25,21,104,49.39,28.12,4.37,81.88000000000001
2019-07-24,2,0,105,56,28,21,105,216.53,51.65,33.71,301.89
2019-07-25,3,0,104,55,28,21,104,139.08,24.21,25.93,189.22000000000003
2019-07-26,4,0,102,53,28,21,102,117.07,33.47,52.69,203.23
2019-07-27,5,1,102,53,27,22,71,103.61,15.34,14.87,133.82
2019-07-28,6,1,103,55,25,23,73,61.24,5.72,20.52,87.48
2019-07-29,0,0,103,55,25,23,103,176.24,33.37,41.61,251.22000000000003
2019-07-30,1,0,101,53,26,22,101,127.29,24.13,41.17,192.59000000000003
2019-07-31,2,0,101,53,26,22,101,141.63,10.79,0.15,152.57
2019-08-01,3,0,100,53,25,22,100,246.76,17.33,38.37,302.46
2019-08-02,4,0,102,53,27,22,102,124.64,19.69,21.65,165.98000000000002
2019-08-03,5,1,102,51,28,23,67,55.88,16.18,24.15,96.21000000000001
2019-08-04,6,1,100,50,26,24,71,114.63,24.07,30.6,169.29999999999998
2019-08-05,0,0,99,46,29,24,99,41.78,20.01,19.29,81.08000000000001
2019-08-06,1,0,100,48,28,24,100,115.75,10.32,47.88,173.95
2019-08-07,2,0,99,47,27,25,99,58.8,20.37,29.29,108.46000000000001
2019-08-08,3,0,100,49,26,25,100,97.61,27.85,38.53,163.99
2019-08-09,4,0,99,48,26,25,99,53.95,36.1,15.71,105.76000000000002
2019-08-10,5,1,97,46,26,25,70,68.96,29.84,16.57,115.37
2019-08-11,6,1,97,46,26,25,73,78.27,14.25,34.52,127.03999999999999
2019-08-12,0,0,97,46,26,25,97,235.38,31.82,41.75,308.95
2019-08-13,1,0,97,47,26,24,97,97.61,6.58,37.64,141.82999999999998
2019-08-14,2,0,98,48,26,24,98,132.0,17.62,21.13,170.75
2019-08-15,3,0,101,50,28,23,101,78.3,25.93,38.98,143.20999999999998
2019-08-16,4,0,102,50,30,22,102,88.0,46.05,14.46,148.51000000000002
2019-08-17,5,1,104,53,29,22,77,94.17,12.66,32.94,139.76999999999998
2019-08-18,6,1,102,53,29,20,68,53.9,10.01,19.8,83.71
2019-08-19,0,0,101,53,28,20,101,55.43,29.66,14.72,99.81
2019-08-20,1,0,101,53,28,20,101,90.49,21.61,7.14,119.24
2019-08-21,2,0,100,53,26,21,100,128.4,27.53,17.91,173.84
2019-08-22,3,0,101,53,27,21,101,136.65,22.43,21.17,180.25
2019-08-23,4,0,101,51,29,21,101,81.0,29.81,40.38,151.19
2019-08-24,5,1,101,51,28,22,75,126.56,23.69,61.29,211.54
2019-08-25,6,1,104,52,28,24,75,84.78,11.05,14.02,109.85
2019-08-26,0,0,105,54,27,24,105,127.61,32.23,12.97,172.81
2019-08-27,1,0,105,54,28,23,105,147.59,8.4,10.38,166.37
2019-08-28,2,0,106,54,29,23,106,71.52,16.32,14.49,102.33
2019-08-29,3,0,105,54,28,23,105,122.47,26.3,41.5,190.27
2019-08-30,4,0,105,54,27,24,105,135.1,6.22,30.55,171.87
2019-08-31,5,1,105,56,25,24,79,81.56,14.01,21.74,117.31
2019-09-01,6,1,105,56,25,24,74,81.37,21.02,9.4,111.79
2019-09-02,0,0,104,57,24,23,104,120.22,17.01,24.97,162.2
2019-09-03,1,0,104,57,26,21,104,83.42,20.52,38.84,142.78
2019-09-04,2,0,105,59,26,20,105,201.16,18.76,8.2,228.11999999999998
2019-09-05,3,0,104,57,26,21,104,99.81,1.16,29.01,129.98
2019-09-06,4,0,104,57,25,22,104,196.77,19.19,7.26,223.22
2019-09-07,5,1,105,56,26,23,69,128.94,35.92,37.94,202.8
2019-09-08,6,1,104,56,25,23,66,116.67,17.73,32.86,167.26
2019-09-09,0,0,104,56,26,22,104,183.52,11.09,4.93,199.54000000000002
2019-09-10,1,0,103,56,25,22,103,148.84,47.17,37.68,233.69
2019-09-11,2,0,103,55,26,22,103,288.61,13.94,12.19,314.74
2019-09-12,3,0,104,56,26,22,104,150.71,30.91,10.14,191.76
2019-09-13,4,0,104,58,24,22,104,118.12,30.49,26.83,175.44
2019-09-14,5,1,106,61,24,21,73,115.01,27.27,37.51,179.79
2019-09-15,6,1,105,59,26,20,70,116.99,14.96,21.58,153.52999999999997
2019-09-16,0,0,105,59,26,20,105,155.23,14.47,37.05,206.75
2019-09-17,1,0,105,59,26,20,105,137.06,22.66,17.16,176.88
2019-09-18,2,0,105,60,25,20,105,155.87,11.34,25.38,192.59
2019-09-19,3,0,105,57,28,20,105,228.82,12.84,29.06,270.71999999999997
2019-09-20,4,0,104,56,28,20,104,352.15,7.9,21.25,381.29999999999995
2019-09-21,5,1,105,57,28,20,68,198.73,8.83,41.68,249.24
2019-09-22,6,1,104,55,29,20,78,293.03,8.05,12.91,313.99
2019-09-23,0,0,105,57,29,19,105,388.59,17.07,20.43,426.09
2019-09-24,1,0,105,59,27,19,105,426.92,31.61,7.68,466.21000000000004
2019-09-25,2,0,105,60,26,19,105,230.62,36.55,22.51,289.68
2019-09-26,3,0,105,61,26,18,105,223.6,30.03,18.97,272.6
2019-09-27,4,0,103,61,25,17,103,282.85,9.48,15.45,307.78000000000003
2019-09-28,5,1,103,60,26,17,66,211.37,12.73,23.49,247.59
2019-09-29,6,1,102,59,24,19,72,322.3,11.99,13.83,348.12
2019-09-30,0,0,102,61,21,20,102,338.27,21.69,7.37,367.33
2019-10-01,1,0,103,61,22,20,103,321.77,35.15,45.78,402.69999999999993
2019-10-02,2,0,105,62,22,21,105,214.2,22.1,20.88,257.18
2019-10-03,3,0,105,61,24,20,105,280.27,24.22,19.97,324.46000000000004
2019-10-04,4,0,104,61,23,20,104,151.85,32.78,29.43,214.06
2019-10-05,5,1,105,61,22,22,69,117.94,16.18,17.13,151.25
2019-10-06,6,1,105,60,23,22,72,166.71,15.13,17.38,199.22
2019-10-07,0,0,104,59,23,22,104,351.24,15.5,32.06,398.8
2019-10-08,1,0,107,62,24,21,107,317.67,50.59,0.97,369.23
