fecha,dia_semana,es_fin_de_semana,n_total,n_low,n_medium,n_high,n_presentes,N02BE_demand,N05B_demand,M01AB_demand,total_demand
2014-01-02,3,0,103,63,24,16,103,222.17,15.35,15.0,237.64
2014-01-03,4,0,104,64,24,16,104,261.085,25.475,20.240000000000002,409.05000000000007
2014-01-04,5,1,101,60,26,15,65,263.6333333333333,23.596666666666668,18.493333333333336,294.94
2014-01-05,6,1,101,60,26,15,69,244.51,21.875,17.62,216.3
2014-01-06,0,0,100,60,26,14,100,225.03400000000002,24.914,17.096,197.69
2014-01-07,1,0,102,61,27,14,102,207.86166666666668,28.331666666666667,16.84,1.13
2014-01-08,2,0,103,61,28,14,103,204.07285714285715,30.772857142857145,16.657142857142855,242.32
2014-01-09,3,0,103,60,28,15,103,196.7785714285714,34.03,17.47142857142857,229.96
2014-01-10,4,0,103,60,28,15,103,196.7785714285714,34.03285714285715,15.974285714285713,416.76
2014-01-11,5,1,100,58,29,13,70,193.46714285714285,35.612857142857145,15.974285714285713,290.59
2014-01-12,6,1,99,58,28,13,63,174.17857142857142,35.42,16.09857142857143,73.35
2014-01-13,0,0,101,59,30,12,101,196.01714285714283,33.02142857142857,16.488571428571426,386.31000000000006
2014-01-14,1,0,102,58,31,13,102,211.48142857142855,28.849999999999998,16.408571428571427,261.16
2014-01-15,2,0,105,62,28,15,105,212.40285714285713,26.565714285714282,16.328571428571426,228.78
2014-01-16,3,0,104,61,28,15,104,216.39714285714288,27.59,15.994285714285715,262.75
2014-01-17,4,0,103,61,28,14,103,193.72428571428574,27.624285714285715,16.134285714285713,183.13
2014-01-18,5,1,103,60,29,14,68,186.63714285714286,28.15285714285714,16.134285714285713,233.56
2014-01-19,6,1,103,59,30,14,66,188.05857142857144,28.101428571428574,16.009999999999998,82.18
2014-01-20,0,0,106,60,31,15,106,157.52,31.97714285714286,16.00857142857143,151.36
2014-01-21,1,0,105,59,31,15,105,166.96,35.167142857142856,16.15142857142857,340.88
2014-01-22,2,0,105,60,30,15,105,158.96571428571428,34.857142857142854,17.085714285714285,180.63
2014-01-23,3,0,105,58,33,14,105,157.03714285714287,30.525714285714287,16.60571428571429,202.94
2014-01-24,4,0,104,57,33,14,104,156.9257142857143,30.479999999999997,16.465714285714288,188.28
2014-01-25,5,1,105,59,32,14,71,154.42714285714285,31.455714285714286,16.617142857142856,235.94
2014-01-26,6,1,105,60,31,14,66,160.62999999999997,31.455714285714286,16.617142857142856,126.96
2014-01-27,0,0,105,61,30,14,105,172.01285714285714,30.648571428571426,16.228571428571428,219.84
2014-01-28,1,0,105,62,30,13,105,143.3542857142857,32.817142857142855,16.214285714285715,165.35
2014-01-29,2,0,102,58,30,14,102,138.3385714285714,32.44142857142857,15.332857142857142,136.72
2014-01-30,3,0,102,58,31,13,102,136.76142857142858,32.76428571428571,15.332857142857142,199.64
2014-01-31,4,0,102,57,32,13,102,143.06285714285715,30.965714285714284,15.332857142857142,209.81
2014-02-01,5,1,102,59,30,13,72,147.00285714285715,29.065714285714282,15.181428571428572,244.62
2014-02-02,6,1,103,60,28,15,74,141.07142857142858,29.065714285714282,15.998571428571429,97.89
2014-02-03,0,0,102,59,28,15,102,149.12857142857143,28.592857142857145,16.0,275.77
2014-02-04,1,0,102,58,26,18,102,165.26571428571427,24.07,15.87142857142857,235.1
2014-02-05,2,0,103,58,28,17,103,182.94285714285712,26.25857142857143,15.818571428571428,271.13000000000005
2014-02-06,3,0,101,54,30,17,101,197.8085714285714,30.240000000000002,16.0,334.98999999999995
2014-02-07,4,0,102,55,29,18,102,191.84285714285716,34.348571428571425,16.0,204.25000000000003
2014-02-08,5,1,102,56,29,17,66,185.58142857142857,34.49285714285715,16.0,202.93
2014-02-09,6,1,102,56,29,17,69,197.6657142857143,35.46,15.182857142857143,182.99
2014-02-10,0,0,101,57,27,17,101,204.56999999999996,37.11857142857143,15.384285714285713,337.12
2014-02-11,1,0,100,56,26,18,100,217.20142857142858,40.95142857142857,18.342857142857145,381.71
2014-02-12,2,0,100,56,26,18,100,228.56428571428572,38.42285714285715,20.78142857142857,544.2800000000001
2014-02-13,3,0,101,56,27,18,101,231.62285714285716,36.74,20.888571428571428,383.05
2014-02-14,4,0,101,56,27,18,101,252.33571428571426,33.980000000000004,20.888571428571428,334.0
2014-02-15,5,1,101,56,27,18,71,254.00285714285715,32.66857142857143,21.322857142857142,197.87
2014-02-16,6,1,101,59,24,18,72,256.70428571428573,31.701428571428572,21.75142857142857,178.53
2014-02-17,0,0,98,58,22,18,98,243.4542857142857,28.60571428571429,23.162857142857145,232.58
2014-02-18,1,0,98,58,21,19,98,243.34285714285716,26.17571428571429,21.954285714285714,355.46
2014-02-19,2,0,98,58,21,19,98,243.34285714285716,28.40142857142857,19.51571428571429,490.47
2014-02-20,3,0,98,57,22,19,98,220.28571428571428,28.941428571428567,20.84714285714286,202.07
2014-02-21,4,0,100,59,22,19,100,203.7657142857143,29.87857142857143,21.794285714285714,232.79
2014-02-22,5,1,102,60,22,20,67,195.27571428571426,30.851428571428574,23.16,168.81
2014-02-23,6,1,103,60,23,20,66,184.88428571428568,31.78142857142857,22.731428571428573,120.08
2014-02-24,0,0,103,59,25,19,103,185.25857142857143,29.868571428571432,22.85571428571429,215.84
2014-02-25,1,0,105,61,24,20,105,178.06,30.12,21.914285714285715,300.24
2014-02-26,2,0,104,60,24,20,104,168.82571428571427,26.85857142857143,22.578571428571426,267.28000000000003
2014-02-27,3,0,102,58,24,20,102,181.27,24.63285714285714,20.958571428571425,259.05
2014-02-28,4,0,101,56,25,20,101,191.92857142857142,23.38714285714286,21.762857142857143,304.31
2014-03-01,5,1,102,60,22,20,75,211.6914285714286,22.095714285714283,21.400000000000002,295.57
2014-03-02,6,1,103,61,22,20,68,202.87428571428572,21.165714285714284,21.400000000000002,52.25999999999999
2014-03-03,0,0,103,61,23,19,103,198.47714285714284,21.165714285714284,19.66142857142857,167.79
2014-03-04,1,0,103,61,22,20,103,206.20142857142855,19.454285714285714,19.65142857142857,367.03
2014-03-05,2,0,103,62,20,21,103,196.80428571428573,19.454285714285714,18.987142857142857,193.49
2014-03-06,3,0,102,63,18,21,102,207.41714285714286,21.768571428571427,18.987142857142857,353.51000000000005
2014-03-07,4,0,99,59,20,20,99,195.85,19.592857142857145,17.392857142857142,187.75
2014-03-08,5,1,101,60,20,21,69,177.44000000000003,20.342857142857145,16.40142857142857,165.01
2014-03-09,6,1,101,61,19,21,66,179.57571428571427,20.342857142857145,16.40142857142857,61.45
2014-03-10,0,0,101,59,21,21,101,201.04285714285717,21.922857142857143,18.365714285714287,372.52
2014-03-11,1,0,101,58,23,20,101,187.48714285714286,23.078571428571426,18.842857142857145,258.8
2014-03-12,2,0,101,57,23,21,101,181.78571428571428,28.807142857142853,19.92142857142857,211.32
2014-03-13,3,0,104,59,23,22,104,154.20000000000002,27.0,19.92142857142857,142.21
2014-03-14,4,0,105,61,22,22,105,146.41428571428568,28.774285714285714,20.407142857142862,158.26999999999998
2014-03-15,5,1,107,61,21,25,78,145.68571428571428,31.75,20.584285714285716,181.98
2014-03-16,6,1,106,60,19,27,68,147.05714285714285,31.75,20.584285714285716,85.92000000000002
2014-03-17,0,0,105,61,18,26,105,141.35,30.22714285714286,22.90285714285714,320.43
2014-03-18,1,0,107,61,20,26,107,133.29,29.23714285714286,25.43285714285714,213.16
2014-03-19,2,0,107,61,20,26,107,137.19714285714286,23.50857142857143,25.102857142857143,183.54
2014-03-20,3,0,106,60,21,25,106,160.6257142857143,22.065714285714282,25.104285714285712,298.38
2014-03-21,4,0,105,57,22,26,105,184.99857142857144,20.291428571428575,26.804285714285715,325.30999999999995
2014-03-22,5,1,105,57,23,25,78,187.76142857142855,17.53,26.34857142857143,178.8
2014-03-23,6,1,106,56,25,25,74,193.32571428571427,22.53,28.74285714285714,128.27
2014-03-24,0,0,104,55,23,26,104,179.63000000000002,23.045714285714286,26.521428571428572,212.62
2014-03-25,1,0,101,53,23,25,101,195.58285714285716,22.204285714285714,23.462857142857143,297.53000000000003
2014-03-26,2,0,102,54,21,27,102,179.98714285714286,22.93285714285715,22.714285714285715,81.16
2014-03-27,3,0,101,54,19,28,101,161.51,23.03571428571429,23.697142857142858,179.17000000000002
2014-03-28,4,0,104,56,20,28,104,131.96428571428572,23.035714285714285,21.368571428571432,99.62
2014-03-29,5,1,104,56,21,27,72,128.55,22.585714285714285,22.104285714285716,156.89999999999998
2014-03-30,6,1,105,57,22,26,78,123.69428571428571,17.585714285714285,19.77857142857143,90.57
2014-03-31,0,0,104,55,23,26,104,115.48428571428573,17.137142857142855,19.528571428571432,150.26
2014-04-01,1,0,104,55,23,26,104,105.29999999999998,21.238571428571426,19.867142857142856,227.32
2014-04-02,2,0,104,54,23,27,104,121.20285714285716,24.514285714285712,19.867142857142856,172.41
2014-04-03,3,0,104,54,24,26,104,119.89857142857143,28.324285714285715,18.882857142857144,149.93
2014-04-04,4,0,105,55,24,26,105,132.7642857142857,32.58714285714286,18.997142857142858,205.94
2014-04-05,5,1,105,56,24,25,78,135.56428571428572,35.254285714285714,18.094285714285714,157.33
2014-04-06,6,1,105,57,23,25,73,140.10999999999999,40.25428571428571,18.025714285714283,106.01
2014-04-07,0,0,105,59,21,25,105,156.25,43.9,18.534285714285716,262.32
2014-04-08,1,0,105,59,22,24,105,148.53428571428572,44.06571428571429,18.34857142857143,173.17000000000002
2014-04-09,2,0,105,58,22,25,105,143.82,44.49571428571428,20.467142857142854,162.04000000000002
2014-04-10,3,0,105,58,24,23,105,142.99142857142857,43.72571428571428,20.488571428571426,168.78
2014-04-11,4,0,105,58,24,23,105,144.77142857142857,42.45142857142857,22.05857142857143,210.47
2014-04-12,5,1,106,55,27,24,79,143.69571428571427,43.95857142857143,24.74285714285714,210.66
2014-04-13,6,1,101,51,28,22,70,133.90285714285713,42.15571428571429,24.74285714285714,46.760000000000005
2014-04-14,0,0,100,51,27,22,100,129.47714285714284,41.62714285714286,22.42285714285714,221.71
2014-04-15,1,0,100,52,26,22,100,127.63,39.82142857142857,22.16142857142857,175.77
2014-04-16,2,0,100,52,27,21,100,133.6757142857143,37.68285714285714,20.042857142857144,178.42000000000002
2014-04-17,3,0,98,51,26,21,98,131.25714285714287,39.709999999999994,21.08142857142857,183.31
2014-04-18,4,0,98,53,25,20,98,127.40142857142858,40.90857142857143,21.225714285714282,202.88
2014-04-19,5,1,99,55,24,20,66,123.81000000000002,41.49,20.595714285714283,145.18
2014-04-20,6,1,102,55,26,21,66,134.4114285714286,41.00714285714286,21.45285714285714,145.0
2014-04-21,0,0,101,53,27,21,101,120.73,38.81142857142857,22.995714285714286,121.06
2014-04-22,1,0,101,53,27,21,101,133.92000000000002,37.26285714285715,23.517142857142858,260.91
2014-04-23,2,0,100,54,25,21,100,133.47142857142856,35.71,25.080000000000002,211.49
2014-04-24,3,0,102,56,25,21,102,143.47857142857143,30.539999999999996,24.617142857142856,203.31
2014-04-25,4,0,103,57,27,19,103,146.56714285714287,27.815714285714282,23.48,209.47
2014-04-26,5,1,105,58,28,19,75,157.3842857142857,24.215714285714284,21.567142857142862,222.31
2014-04-27,6,1,105,60,26,19,70,160.2328571428571,21.50142857142857,20.724285714285717,139.81
2014-04-28,0,0,106,60,26,20,106,176.11857142857144,21.470000000000002,19.231428571428573,231.59
2014-04-29,1,0,105,58,27,20,105,175.91428571428568,20.414285714285715,18.071428571428573,241.54
2014-04-30,2,0,106,60,27,19,106,195.15000000000003,21.59,16.62,347.75
2014-05-01,3,0,105,58,28,19,105,171.61428571428573,21.59,16.165714285714284,1.2
2014-05-02,4,0,104,56,32,16,104,185.84285714285716,24.148571428571426,16.56714285714286,337.79
2014-05-03,5,1,104,56,31,17,69,169.67714285714285,22.08857142857143,16.425714285714285,88.28999999999999
2014-05-04,6,1,102,53,31,18,75,166.74142857142857,22.08857142857143,16.538571428571426,111.85
2014-05-05,0,0,99,51,31,17,99,156.97714285714287,21.555714285714284,16.48857142857143,165.2
2014-05-06,1,0,102,54,32,16,102,148.54999999999998,23.169999999999998,17.65285714285714,204.43
2014-05-07,2,0,104,56,31,17,104,122.43142857142857,22.375714285714285,17.628571428571426,151.64999999999998
2014-05-08,3,0,104,56,33,15,104,140.45857142857145,24.069999999999997,17.717142857142857,174.67000000000002
2014-05-09,4,0,103,55,36,12,103,117.51428571428572,22.630000000000003,16.65285714285714,149.65
2014-05-10,5,1,105,57,35,13,66,133.48857142857142,25.48714285714286,16.65285714285714,223.39
2014-05-11,6,1,107,57,36,14,71,130.89714285714285,26.118571428571432,16.607142857142858,106.24
2014-05-12,0,0,107,57,36,14,107,123.85428571428572,26.85,16.607142857142858,121.74
2014-05-13,1,0,104,54,36,14,104,133.76857142857145,25.885714285714283,15.442857142857145,254.89
2014-05-14,2,0,105,54,35,16,105,140.98285714285714,24.76142857142857,15.355714285714287,181.03
2014-05-15,3,0,103,56,31,16,103,139.56285714285715,23.81857142857143,15.418571428571429,158.57
2014-05-16,4,0,104,58,31,15,104,146.04857142857142,23.074285714285715,15.622857142857143,201.27
2014-05-17,5,1,106,59,31,16,77,146.98000000000002,22.810000000000002,15.961428571428572,222.6
2014-05-18,6,1,105,58,33,14,72,141.47857142857143,22.178571428571427,16.39142857142857,65.9
2014-05-19,0,0,104,57,32,15,104,141.5,20.965714285714284,17.785714285714285,125.7
2014-05-20,1,0,104,56,32,16,104,136.6542857142857,22.02285714285714,17.785714285714285,220.77000000000004
2014-05-21,2,0,104,57,32,15,104,127.68285714285715,22.205714285714286,17.907142857142855,127.0
2014-05-22,3,0,103,56,31,16,103,116.83142857142857,22.18285714285714,17.61285714285714,86.21000000000001
2014-05-23,4,0,102,54,34,14,102,111.20285714285716,21.142857142857142,17.365714285714287,152.05
2014-05-24,5,1,102,54,32,16,72,104.73571428571428,20.514285714285712,17.654285714285713,174.95
2014-05-25,6,1,104,55,33,16,72,103.48714285714286,21.475714285714286,17.341428571428573,62.120000000000005
2014-05-26,0,0,105,56,32,17,105,109.05714285714285,22.172857142857143,16.548571428571428,154.72
2014-05-27,1,0,103,53,33,17,103,110.10714285714286,23.177142857142858,17.298571428571428,232.04
2014-05-28,2,0,103,53,31,19,103,105.45714285714287,24.454285714285714,18.527142857142856,101.99
2014-05-29,3,0,100,51,32,17,100,123.37714285714284,26.64428571428571,19.705714285714286,229.41
2014-05-30,4,0,102,50,34,18,102,127.22714285714285,29.541428571428572,20.537142857142857,195.91
2014-05-31,5,1,103,52,32,19,69,126.05714285714285,29.132857142857144,22.092857142857145,174.79
2014-06-01,6,1,102,50,34,18,74,128.4857142857143,28.17142857142857,23.01142857142857,65.69
2014-06-02,0,0,103,50,33,20,103,133.81285714285715,32.11571428571428,24.004285714285714,226.57
2014-06-03,1,0,102,48,35,19,102,129.36142857142858,29.988571428571426,24.21,197.43
2014-06-04,2,0,103,48,35,20,103,142.82857142857142,29.021428571428572,22.859999999999996,188.54
2014-06-05,3,0,103,47,34,22,103,139.39714285714285,26.102857142857147,21.94142857142857,170.65
2014-06-06,4,0,103,48,33,22,103,135.03571428571428,26.69142857142857,22.14428571428571,180.92
2014-06-07,5,1,103,49,33,21,75,140.32142857142858,26.024285714285714,21.701428571428572,224.02
2014-06-08,6,1,103,49,33,21,73,140.71428571428572,27.10571428571429,20.584285714285716,80.61
2014-06-09,0,0,102,49,32,21,102,134.90142857142857,27.247142857142858,20.650000000000002,197.33
2014-06-10,1,0,103,51,31,21,103,133.8942857142857,31.06714285714286,22.577142857142857,240.61
2014-06-11,2,0,102,51,30,21,102,122.58142857142857,34.93285714285714,23.055714285714284,151.26
2014-06-12,3,0,103,52,29,22,103,116.51714285714286,37.67,23.315714285714286,167.06
2014-06-13,4,0,105,53,31,21,105,110.34285714285716,35.77142857142857,22.28142857142857,105.99
2014-06-14,5,1,105,53,31,21,79,92.81714285714284,36.637142857142855,22.242857142857144,87.13
2014-06-15,6,1,105,52,31,22,75,90.85857142857144,35.55571428571429,22.24285714285714,55.09
2014-06-16,0,0,105,52,31,22,105,85.09285714285716,33.401428571428575,21.21,134.66000000000005
2014-06-17,1,0,107,55,30,22,107,77.18571428571428,31.865714285714287,19.235714285714288,160.69
2014-06-18,2,0,107,55,31,21,107,83.51714285714286,28.06857142857143,19.334285714285716,159.69
2014-06-19,3,0,106,54,31,21,106,81.90714285714286,26.478571428571428,19.884285714285713,138.51
2014-06-20,4,0,106,54,29,23,106,86.18999999999998,25.689999999999998,21.21857142857143,160.97
2014-06-21,5,1,105,56,28,21,67,89.85428571428572,25.74285714285714,20.988571428571426,121.54
2014-06-22,6,1,103,54,29,20,76,96.61571428571428,26.388571428571428,22.482857142857142,122.35
2014-06-23,0,0,104,53,30,21,104,110.03285714285714,26.682857142857138,21.85571428571429,221.99
2014-06-24,1,0,104,53,30,21,104,111.68714285714285,30.306785714285716,20.947142857142858,193.43
2014-06-25,2,0,104,53,32,19,104,126.02714285714285,35.29964285714286,22.587142857142858,316.5
2014-06-26,3,0,103,52,31,20,103,130.09142857142857,37.93678571428571,21.517142857142858,184.75
2014-06-27,4,0,102,50,31,21,102,147.76285714285714,39.61821428571428,20.694285714285716,280.68
2014-06-28,5,1,102,50,32,20,67,151.07571428571427,40.89964285714286,20.19142857142857,130.18
2014-06-29,6,1,105,54,31,20,75,145.70285714285714,40.253928571428574,18.697142857142858,51.92
2014-06-30,0,0,105,52,31,22,105,145.62142857142857,37.848214285714285,20.367142857142856,220.53
2014-07-01,1,0,105,52,31,22,105,148.21714285714285,33.45428571428572,20.914285714285715,182.52
2014-07-02,2,0,104,51,33,20,104,136.6942857142857,28.75142857142857,19.75714285714286,184.82
2014-07-03,3,0,105,53,32,20,105,130.24,25.888571428571428,20.234285714285715,116.05
2014-07-04,4,0,105,54,32,19,105,108.73857142857142,26.18142857142857,21.360000000000003,130.10000000000002
2014-07-05,5,1,105,53,34,18,75,122.42285714285715,24.937142857142856,20.391428571428573,227.34
2014-07-06,6,1,105,52,33,20,76,122.98714285714286,26.23428571428571,20.524285714285718,93.72
2014-07-07,0,0,105,53,31,21,105,110.95142857142856,28.124285714285712,18.854285714285716,131.16
2014-07-08,1,0,105,53,31,21,105,106.15285714285714,25.89142857142857,19.919999999999998,135.81
2014-07-09,2,0,104,51,32,21,104,97.7942857142857,25.578571428571426,18.860000000000003,124.75
2014-07-10,3,0,104,52,32,20,104,106.13714285714286,31.28392857142857,18.382857142857144,246.21
2014-07-11,4,0,105,52,33,20,105,112.14,32.842499999999994,16.745714285714286,174.79
2014-07-12,5,1,103,52,33,18,76,105.72714285714288,33.17821428571428,18.877142857142854,202.86
2014-07-13,6,1,102,51,34,17,73,110.09714285714287,31.88107142857143,18.744285714285716,95.68
2014-07-14,0,0,102,51,34,17,102,108.32857142857144,35.22535714285714,19.017142857142858,150.76
2014-07-15,1,0,103,51,35,17,103,109.09285714285714,40.859642857142866,17.404285714285713,169.95999999999998
2014-07-16,2,0,101,51,33,17,101,108.59857142857143,42.86392857142857,17.404285714285713,135.7
2014-07-17,3,0,102,51,34,17,102,112.22857142857141,39.67857142857143,17.404285714285713,216.14
2014-07-18,4,0,98,50,33,15,98,109.10000000000001,34.628571428571426,19.104285714285712,136.22
2014-07-19,5,1,98,53,31,14,65,93.99857142857141,33.36142857142857,17.74142857142857,78.74
2014-07-20,6,1,98,53,32,13,62,87.13857142857144,33.36142857142857,17.74142857142857,54.45
2014-07-21,0,0,99,53,33,13,99,94.43714285714285,30.062857142857144,17.46857142857143,169.72000000000003
2014-07-22,1,0,100,53,35,12,100,88.10142857142857,24.72142857142857,17.46857142857143,89.46
2014-07-23,2,0,100,54,35,11,100,82.73,27.224285714285713,17.46857142857143,108.41
2014-07-24,3,0,101,55,35,11,101,80.53571428571429,23.782857142857146,17.46857142857143,179.22000000000003
2014-07-25,4,0,101,55,33,13,101,77.08142857142857,27.234285714285715,15.768571428571429,121.74
2014-07-26,5,1,101,55,33,13,69,95.7757142857143,28.374285714285715,15.0,207.02
2014-07-27,6,1,101,55,33,13,65,96.66857142857144,28.374285714285715,15.0,61.17
2014-07-28,0,0,102,55,34,13,102,86.51571428571428,26.964285714285715,15.0,86.47
2014-07-29,1,0,104,54,36,14,104,90.66857142857144,30.675714285714285,15.0,138.81
2014-07-30,2,0,105,54,36,15,105,96.95000000000002,29.145714285714288,15.0,138.2
2014-07-31,3,0,104,54,34,16,104,85.79714285714286,30.235714285714288,15.0,108.69
2014-08-01,4,0,102,52,34,16,102,89.57000000000001,31.474285714285713,15.0,151.14
2014-08-02,5,1,101,51,34,16,74,86.44571428571429,31.515714285714285,15.214285714285714,192.12
2014-08-03,6,1,101,51,33,17,71,84.19000000000001,31.515714285714285,15.565714285714284,58.01
2014-08-04,0,0,103,53,34,16,103,97.39857142857143,33.89,15.565714285714284,202.38
2014-08-05,1,0,104,54,34,16,104,102.07714285714287,31.361428571428572,15.565714285714284,154.07
2014-08-06,2,0,104,55,33,16,104,105.61,28.61428571428571,16.034285714285712,159.23
2014-08-07,3,0,106,57,33,16,106,128.33285714285714,30.397142857142853,16.034285714285712,282.27
2014-08-08,4,0,103,55,32,16,103,127.16,28.11285714285714,16.192857142857143,136.29000000000002
2014-08-09,5,1,104,55,33,16,77,120.33428571428571,32.64,15.978571428571428,172.53
2014-08-10,6,1,105,55,34,16,75,118.78,32.64,15.627142857142857,38.04
2014-08-11,0,0,105,56,32,17,105,117.31285714285715,34.348571428571425,17.512857142857143,219.88
2014-08-12,1,0,104,55,31,18,104,109.60142857142857,34.13857142857143,17.512857142857143,93.17
2014-08-13,2,0,105,54,32,19,105,112.51428571428573,35.682857142857145,17.044285714285714,177.93
2014-08-14,3,0,105,53,33,19,105,93.32142857142857,36.144285714285715,17.044285714285714,154.44
2014-08-15,4,0,106,52,33,21,106,94.23714285714287,37.88857142857143,17.231428571428573,156.22000000000003
2014-08-16,5,1,106,54,30,22,76,94.26571428571428,37.89392857142857,20.112857142857145,204.17
2014-08-17,6,1,106,55,30,21,80,97.14,38.47821428571429,20.112857142857145,57.35999999999999
2014-08-18,0,0,104,53,30,21,104,93.44428571428571,39.6325,18.57,191.29
2014-08-19,1,0,102,51,30,21,102,99.53999999999999,41.72821428571429,23.261428571428574,197.35
2014-08-20,2,0,102,51,31,20,102,88.2942857142857,41.2725,24.115714285714287,111.22
2014-08-21,3,0,103,50,33,20,103,91.15428571428572,42.479642857142856,24.115714285714287,180.5
2014-08-22,4,0,102,50,33,19,102,96.13714285714286,42.605357142857144,25.069999999999997,198.66
2014-08-23,5,1,100,48,33,19,67,98.37857142857142,35.97857142857143,22.18857142857143,139.19
2014-08-24,6,1,99,49,32,18,72,97.99857142857142,37.61714285714286,22.18857142857143,75.49
2014-08-25,0,0,101,50,33,18,101,101.94857142857144,37.941428571428574,21.845714285714283,218.46
2014-08-26,1,0,104,50,35,19,104,116.85714285714286,38.36285714285714,17.154285714285713,265.16
2014-08-27,2,0,103,50,34,19,103,128.89000000000001,40.381428571428565,16.3,200.97
2014-08-28,3,0,105,53,34,18,105,144.02285714285716,41.76857142857143,16.3,291.40000000000003
2014-08-29,4,0,105,53,34,18,105,152.11285714285714,42.67857142857143,15.955714285714285,259.25
2014-08-30,5,1,105,53,35,17,72,144.94714285714286,45.42285714285714,15.955714285714285,110.31
2014-08-31,6,1,105,53,38,14,67,149.96857142857144,45.527142857142856,15.955714285714285,99.76
2014-09-01,0,0,105,53,37,15,105,145.52428571428572,43.16285714285715,15.955714285714285,166.64
2014-09-02,1,0,102,52,35,15,102,134.95714285714286,40.16142857142857,15.955714285714285,168.89
2014-09-03,2,0,100,48,37,15,100,135.37428571428572,39.15428571428572,16.79285714285714,205.33
2014-09-04,3,0,100,48,36,16,100,119.34571428571428,39.83571428571429,17.358571428571427,195.33
2014-09-05,4,0,103,52,35,16,103,108.20428571428572,38.709999999999994,16.40285714285714,163.53
2014-09-06,5,1,102,51,34,17,69,109.73857142857142,42.59250000000001,16.907142857142855,171.91
2014-09-07,6,1,101,54,31,16,73,104.9357142857143,41.14392857142857,16.907142857142855,62.02
2014-09-08,0,0,104,56,32,16,104,109.61999999999999,40.42535714285714,16.907142857142855,186.71
2014-09-09,1,0,104,56,32,16,104,118.67857142857143,44.02964285714286,17.505714285714287,269.67
2014-09-10,2,0,103,56,31,16,103,134.47714285714287,43.446785714285724,16.66857142857143,304.76
2014-09-11,3,0,104,56,31,17,104,149.89714285714285,40.61821428571428,16.102857142857143,265.12
2014-09-12,4,0,104,55,32,17,104,154.41142857142856,41.80821428571428,16.102857142857143,201.2
2014-09-13,5,1,104,56,30,18,70,181.15285714285713,40.26142857142857,15.598571428571429,322.67999999999995
2014-09-14,6,1,107,58,31,18,78,190.81571428571428,39.42714285714285,15.598571428571429,122.83
2014-09-15,0,0,105,57,30,18,105,198.63857142857142,37.42428571428571,15.598571428571429,229.12
2014-09-16,1,0,103,55,30,18,103,212.24142857142857,35.971428571428575,15.0,458.98
2014-09-17,2,0,104,55,30,19,104,214.47285714285712,35.58714285714286,15.0,313.13000000000005
2014-09-18,3,0,103,54,30,19,103,225.46714285714285,32.424285714285716,15.0,333.84
2014-09-19,4,0,102,53,29,20,102,227.83999999999997,28.294285714285714,15.0,187.0
2014-09-20,5,1,100,50,30,20,67,203.71857142857144,26.05142857142857,15.374285714285715,145.47
2014-09-21,6,1,99,48,30,21,65,196.52,26.541428571428572,15.374285714285715,75.45
2014-09-22,0,0,101,47,32,22,101,201.49714285714285,27.282857142857143,15.374285714285715,278.7
2014-09-23,1,0,103,49,31,23,103,183.94428571428574,26.812857142857144,15.374285714285715,223.54
2014-09-24,2,0,103,50,31,22,103,168.8014285714286,28.93,16.958571428571428,238.82
2014-09-25,3,0,103,51,30,22,103,168.8014285714286,32.47714285714286,17.82857142857143,405.5
2014-09-26,4,0,101,51,27,23,101,182.93714285714285,37.90535714285714,18.302857142857142,335.2
2014-09-27,5,1,102,51,30,21,73,202.00571428571428,39.71821428571428,18.192857142857143,290.87
2014-09-28,6,1,102,53,30,19,69,208.48857142857145,39.29821428571428,18.192857142857143,113.9
2014-09-29,0,0,101,53,30,18,101,203.65714285714284,39.691071428571426,19.517142857142858,257.88
2014-09-30,1,0,100,51,32,17,100,221.21,39.06535714285714,22.231428571428573,465.99
2014-10-01,2,0,102,53,32,17,102,239.8385714285714,38.856785714285714,20.647142857142853,350.53000000000003
2014-10-02,3,0,101,53,32,16,101,220.0985714285714,36.76678571428572,19.777142857142856,197.32
2014-10-03,4,0,102,55,31,16,102,226.25142857142856,32.59285714285714,19.302857142857142,344.76
2014-10-04,5,1,101,52,33,16,68,226.31,30.169999999999998,19.06,272.61999999999995
2014-10-05,6,1,101,53,33,15,66,223.80285714285714,30.055714285714288,19.06,87.55
2014-10-06,0,0,100,51,36,13,100,238.08285714285714,30.38,17.735714285714288,518.5600000000001
2014-10-07,1,0,99,49,34,16,99,234.28285714285715,33.339999999999996,15.021428571428572,331.73999999999995
2014-10-08,2,0,98,49,33,16,98,234.28285714285715,34.25714285714286,15.021428571428572,384.44
2014-10-09,3,0,99,50,34,15,99,254.02285714285716,33.932857142857145,15.021428571428572,349.35
2014-10-10,4,0,100,51,32,17,100,238.95285714285714,38.106785714285714,15.021428571428572,273.13
2014-10-11,5,1,99,50,31,18,74,231.08142857142857,39.12964285714286,15.0,220.95
2014-10-12,6,1,98,49,32,17,70,234.23857142857145,39.41535714285715,15.0,129.24
2014-10-13,0,0,98,49,31,18,98,220.81857142857143,38.5725,15.0,242.5
2014-10-14,1,0,97,48,31,18,97,211.36714285714285,34.526785714285715,15.0,239.14
2014-10-15,2,0,99,47,33,19,99,190.98142857142855,33.7125,15.0,204.23
2014-10-16,3,0,99,46,33,20,99,190.98142857142855,33.93107142857143,16.81142857142857,445.08
2014-10-17,4,0,98,45,33,20,98,203.18714285714285,33.93107142857143,16.81142857142857,356.5
2014-10-18,5,1,98,45,32,21,75,193.69285714285712,37.30785714285714,17.18857142857143,189.66
2014-10-19,6,1,98,45,33,20,71,188.49285714285716,38.54785714285714,17.18857142857143,104.76
2014-10-20,0,0,98,46,32,20,98,191.97714285714287,43.04035714285715,17.18857142857143,315.90000000000003
2014-10-21,1,0,98,47,31,20,98,175.82142857142858,44.76464285714286,17.18857142857143,135.67000000000002
2014-10-22,2,0,97,46,31,20,97,172.46142857142857,41.75607142857143,17.18857142857143,168.41000000000005
2014-10-23,3,0,98,46,32,20,98,159.56142857142854,40.53892857142857,15.377142857142857,236.0
2014-10-24,4,0,100,49,32,19,100,162.71857142857144,39.20642857142857,15.377142857142857,390.67
2014-10-25,5,1,100,49,32,19,76,170.76857142857145,38.255357142857136,15.0,225.01
2014-10-26,6,1,99,50,30,19,73,182.70571428571427,36.72964285714285,15.0,175.29000000000002
2014-10-27,0,0,101,51,31,19,101,173.79714285714286,34.79571428571428,17.39,247.67
2014-10-28,1,0,101,53,29,19,101,199.82857142857142,38.94571428571429,17.52,353.66
2014-10-29,2,0,102,53,31,18,102,220.67857142857142,43.50142857142857,17.964285714285715,351.06000000000006
2014-10-30,3,0,101,50,33,18,101,210.02285714285716,45.03000000000001,17.964285714285715,167.06
2014-10-31,4,0,100,50,32,18,100,196.29,43.901428571428575,17.964285714285715,255.04
2014-11-01,5,1,100,50,32,18,72,203.03571428571428,44.54857142857143,17.964285714285715,276.54999999999995
2014-11-02,6,1,103,52,33,18,68,183.86571428571432,44.54857142857143,17.964285714285715,32.8
2014-11-03,0,0,102,53,31,18,102,186.21,45.127142857142864,16.978571428571428,261.23
2014-11-04,1,0,100,53,29,18,100,171.86285714285714,42.035714285714285,17.97,238.53
2014-11-05,2,0,100,52,28,20,100,157.80714285714288,42.11571428571428,17.525714285714287,235.56
2014-11-06,3,0,101,53,28,20,101,161.0442857142857,46.46107142857142,18.76142857142857,242.96
2014-11-07,4,0,101,53,28,20,101,147.04142857142855,48.922142857142866,20.16,219.08
2014-11-08,5,1,102,54,26,22,65,138.4242857142857,48.75071428571429,25.502857142857142,259.03
2014-11-09,6,1,99,51,26,22,71,151.8542857142857,53.87214285714286,25.544285714285714,175.15
2014-11-10,0,0,102,54,26,22,102,149.31,51.415,24.140000000000004,206.02
2014-11-11,1,0,101,56,24,21,101,146.91428571428574,52.27928571428571,25.647142857142853,238.36
2014-11-12,2,0,102,57,26,19,102,145.4857142857143,50.473571428571425,25.647142857142853,223.41000000000005
2014-11-13,3,0,99,54,26,19,99,154.45857142857145,45.251071428571436,26.49857142857143,275.02000000000004
2014-11-14,4,0,99,53,27,19,99,167.32857142857142,43.787142857142854,25.83285714285714,267.21
2014-11-15,5,1,99,52,29,18,71,162.0614285714286,42.480000000000004,20.73857142857143,177.35000000000002
2014-11-16,6,1,99,52,29,18,72,158.65285714285716,39.791428571428575,20.697142857142858,124.81
2014-11-17,0,0,99,52,28,19,99,156.6,43.43714285714286,23.36142857142857,246.19
2014-11-18,1,0,99,52,28,19,99,152.13000000000002,40.692857142857136,20.732857142857142,164.18999999999997
2014-11-19,2,0,98,52,27,19,98,157.34,41.45428571428571,20.732857142857142,258.6
2014-11-20,3,0,97,51,29,17,97,143.34,42.69857142857143,18.645714285714284,169.22
2014-11-21,4,0,98,53,28,17,98,136.10714285714286,41.207142857142856,17.912857142857142,190.59
2014-11-22,5,1,96,50,29,17,64,134.24285714285713,39.23142857142857,18.274285714285714,153.00000000000003
2014-11-23,6,1,98,51,28,19,66,136.14857142857142,38.542857142857144,18.321428571428573,141.03
2014-11-24,0,0,99,51,28,20,99,143.43714285714287,37.37714285714286,15.817142857142857,271.52
2014-11-25,1,0,98,49,29,20,98,142.90285714285716,40.74857142857143,16.73857142857143,195.77
2014-11-26,2,0,98,51,27,20,98,133.1642857142857,39.16428571428571,16.73857142857143,186.37
2014-11-27,3,0,98,50,29,19,98,135.72857142857143,37.88428571428572,18.458571428571428,192.15
2014-11-28,4,0,99,51,29,19,99,130.35142857142858,36.86857142857143,18.458571428571428,153.1
2014-11-29,5,1,99,51,30,18,65,135.41285714285715,37.46142857142858,17.84857142857143,184.71
2014-11-30,6,1,100,51,32,17,69,136.18428571428572,36.75428571428572,18.47,145.83
2014-12-01,0,0,100,50,32,18,100,142.3857142857143,36.69285714285714,18.39428571428571,313.97
2014-12-02,1,0,101,54,30,17,101,131.97142857142856,38.29392857142857,18.725714285714282,144.54000000000002
2014-12-03,2,0,101,54,30,17,101,128.08285714285714,42.00928571428572,18.725714285714282,188.0
2014-12-04,3,0,102,53,31,18,102,136.02857142857144,44.825,17.005714285714287,250.68
2014-12-05,4,0,102,53,32,17,102,148.39285714285714,45.84499999999999,17.005714285714287,241.39
2014-12-06,5,1,104,54,32,18,78,138.17714285714285,43.41357142857144,17.005714285714287,96.96
2014-12-07,6,1,103,53,31,19,73,155.03857142857143,42.40071428571429,16.872857142857143,255.84
2014-12-08,0,0,101,51,31,19,101,139.08571428571426,38.510714285714286,16.78857142857143,162.56000000000003
2014-12-09,1,0,103,53,30,20,103,158.14285714285714,34.40107142857143,15.535714285714286,220.34
2014-12-10,2,0,103,53,30,20,103,184.94,34.40107142857143,15.535714285714286,444.33
2014-12-11,3,0,105,54,31,20,105,173.31571428571425,36.575357142857136,15.535714285714286,183.39
2014-12-12,4,0,105,55,30,20,105,187.42285714285714,38.25678571428572,16.92142857142857,370.17
2014-12-13,5,1,105,54,32,19,75,196.8642857142857,39.11392857142857,16.92142857142857,160.57
2014-12-14,6,1,105,54,32,19,71,191.98142857142855,40.8125,19.66857142857143,252.78
2014-12-15,0,0,104,56,30,18,104,214.53714285714287,42.7125,20.295714285714286,350.06
2014-12-16,1,0,103,56,31,16,103,210.71571428571426,46.535357142857144,21.084285714285716,237.79
2014-12-17,2,0,105,56,35,14,105,195.6985714285714,44.65,21.084285714285716,251.3
2014-12-18,3,0,104,56,32,16,104,205.68571428571428,39.55285714285714,21.17285714285714,224.14
2014-12-19,4,0,103,54,33,16,103,165.97571428571428,34.19571428571429,19.787142857142857,4.71
2014-12-20,5,1,104,57,32,15,72,169.33285714285714,33.11857142857143,19.787142857142857,175.89999999999998
2014-12-21,6,1,102,57,30,15,69,177.4557142857143,31.43,16.504285714285714,272.47
2014-12-22,0,0,104,59,31,14,104,155.16,34.813928571428576,15.877142857142857,256.73
2014-12-23,1,0,105,59,32,14,105,173.2642857142857,31.1025,17.06714285714286,346.87
2014-12-24,2,0,105,60,31,14,105,187.24142857142857,30.05392857142857,17.06714285714286,336.6
2014-12-25,3,0,105,60,31,14,105,192.35714285714286,32.7325,18.094285714285714,285.89
2014-12-26,4,0,102,58,30,14,102,219.5257142857143,39.35928571428571,18.094285714285714,277.06
2014-12-27,5,1,102,58,28,16,66,222.47428571428574,45.00928571428572,19.18,255.62
2014-12-28,6,1,102,57,29,16,75,230.38857142857142,47.89357142857143,19.18,444.76
2014-12-29,0,0,102,58,28,16,102,249.77142857142857,41.26678571428572,19.18,294.41
2014-12-30,1,0,102,59,27,16,102,251.96857142857144,42.849642857142854,19.03,420.4500000000001
2014-12-31,2,0,102,60,26,16,102,250.25428571428571,41.652499999999996,19.474285714285713,331.30000000000007
2015-01-01,3,0,104,63,25,16,104,220.89714285714285,37.71249999999999,18.358571428571427,0.6799999999999999
2015-01-02,4,0,104,63,24,17,104,234.44285714285712,33.18714285714286,19.08857142857143,405.12
2015-01-03,5,1,106,65,23,18,71,248.25571428571428,28.071428571428573,20.45,326.03000000000003
2015-01-04,6,1,106,66,23,17,76,248.25571428571428,25.15285714285714,20.487142857142857,328.43
2015-01-05,0,0,105,63,27,15,105,242.95142857142858,27.787142857142857,20.487142857142857,276.44
2015-01-06,1,0,105,64,27,14,105,241.98857142857145,25.551428571428573,18.65857142857143,330.38
2015-01-07,2,0,104,62,28,14,104,204.02857142857144,23.055714285714284,18.214285714285715,0.27
2015-01-08,3,0,104,64,26,14,104,244.74285714285716,24.99857142857143,18.214285714285715,356.95000000000005
2015-01-09,4,0,104,63,25,16,104,237.56857142857143,29.52392857142857,17.484285714285715,334.93
2015-01-10,5,1,105,63,25,17,66,219.41285714285715,30.076785714285712,15.858571428571427,191.43
2015-01-11,6,1,105,63,26,16,71,206.23285714285717,31.4325,15.821428571428571,242.41000000000005
2015-01-12,0,0,105,63,26,16,105,208.6057142857143,32.75678571428572,15.821428571428571,302.46
2015-01-13,1,0,104,62,25,17,104,200.25428571428571,33.40392857142857,18.65285714285714,302.98
2015-01-14,2,0,103,62,24,17,103,220.4,37.998214285714276,18.65285714285714,213.39
2015-01-15,3,0,102,63,21,18,102,220.40000000000003,37.768214285714286,19.995714285714286,427.45
2015-01-16,4,0,103,62,24,17,103,227.27285714285716,34.31285714285714,21.044285714285714,357.42999999999995
2015-01-17,5,1,103,60,27,16,66,219.13285714285715,36.13142857142857,21.189999999999998,148.20000000000002
2015-01-18,6,1,103,60,27,16,63,201.57285714285715,37.818571428571424,21.189999999999998,133.92999999999998
2015-01-19,0,0,102,60,26,16,102,196.52142857142857,35.605714285714285,21.337142857142858,259.95
2015-01-20,1,0,102,61,26,15,102,199.8242857142857,38.76428571428571,18.505714285714287,325.33
2015-01-21,2,0,103,61,29,13,103,214.5914285714286,38.005714285714284,18.505714285714287,311.7
2015-01-22,3,0,102,61,27,14,102,192.40571428571428,40.35428571428571,17.162857142857142,198.69
2015-01-23,4,0,103,61,28,14,103,179.4442857142857,39.77428571428572,16.114285714285714,249.94
2015-01-24,5,1,103,62,27,14,67,198.78714285714287,42.68535714285714,15.147142857142857,297.24
2015-01-25,6,1,105,62,30,13,66,210.74285714285716,41.272499999999994,15.147142857142857,205.15
2015-01-26,0,0,104,62,28,14,104,213.44714285714284,42.18535714285714,16.228571428571428,292.84000000000003
2015-01-27,1,0,105,61,30,14,105,196.54,39.271071428571425,16.228571428571428,182.58
2015-01-28,2,0,105,62,29,14,105,191.7,39.28821428571428,16.228571428571428,275.55
2015-01-29,3,0,105,62,30,13,105,195.51857142857142,38.785357142857144,16.228571428571428,222.06
2015-01-30,4,0,105,62,29,14,105,186.45857142857145,40.55535714285714,16.228571428571428,191.85
2015-01-31,5,1,104,60,29,15,70,176.31571428571425,35.32714285714285,17.712857142857143,200.0
2015-02-01,6,1,102,59,26,17,66,174.95142857142855,33.69714285714286,17.724285714285717,188.94000000000003
2015-02-02,0,0,103,60,26,17,103,161.74857142857144,33.43571428571428,17.345714285714283,195.94
2015-02-03,1,0,106,62,27,17,106,165.99857142857144,34.73571428571428,17.345714285714283,225.08
2015-02-04,2,0,105,62,25,18,105,172.62999999999997,30.990000000000002,17.345714285714283,296.35
2015-02-05,3,0,105,63,24,18,105,172.48,29.518571428571427,17.345714285714283,207.29
2015-02-06,4,0,105,63,25,17,105,175.22285714285712,25.585714285714285,17.345714285714283,192.96
2015-02-07,5,1,105,62,26,17,64,174.50571428571428,24.922857142857143,15.861428571428572,172.35000000000002
2015-02-08,6,1,105,62,27,16,73,172.7,25.285714285714285,15.849999999999998,168.16
2015-02-09,0,0,103,62,25,16,103,172.47142857142856,23.392857142857142,15.0,171.54000000000002
2015-02-10,1,0,104,61,27,16,104,181.1242857142857,20.892857142857142,15.0,267.68
2015-02-11,2,0,105,62,27,16,105,185.1342857142857,24.215714285714284,15.0,387.09
2015-02-12,3,0,105,62,27,16,105,184.56142857142854,23.851428571428567,15.0,203.14
2015-02-13,4,0,104,60,29,15,104,190.42714285714285,24.987142857142853,15.47,248.24
2015-02-14,5,1,105,60,29,16,66,187.85,26.687142857142856,15.469999999999999,171.66
2015-02-15,6,1,103,59,27,17,71,192.54285714285714,26.58285714285714,19.02285714285714,235.85
2015-02-16,0,0,102,59,26,17,102,211.07,26.07857142857143,19.02285714285714,292.45000000000005
2015-02-17,1,0,100,57,26,17,100,212.86285714285714,24.41142857142857,19.43,266.98
2015-02-18,2,0,100,58,24,18,100,204.42714285714285,20.981428571428573,19.43,254.95
2015-02-19,3,0,100,56,25,19,100,215.42857142857142,19.25857142857143,19.43,255.36
2015-02-20,4,0,100,52,28,20,100,211.75857142857143,17.694285714285716,19.81714285714286,212.61
2015-02-21,5,1,101,55,26,20,75,234.61714285714288,16.32857142857143,19.81714285714286,319.76
2015-02-22,6,1,101,55,26,20,67,240.95714285714286,16.165714285714284,16.264285714285712,247.36
2015-02-23,0,0,100,55,24,21,100,245.05714285714288,17.25857142857143,17.2,416.23
2015-02-24,1,0,100,54,25,21,100,231.51285714285714,19.287142857142857,16.892857142857142,192.53
2015-02-25,2,0,100,54,25,21,100,220.62714285714284,20.215714285714284,18.91,215.37
2015-02-26,3,0,98,50,26,22,98,220.34428571428572,22.955714285714286,20.571428571428573,302.21
2015-02-27,4,0,100,51,28,21,100,237.72857142857143,22.955714285714286,21.275714285714287,366.92
2015-02-28,5,1,98,49,29,20,67,213.72714285714284,22.91,22.768571428571427,166.38
2015-03-01,6,1,99,50,28,21,67,198.72714285714284,22.814285714285713,26.03142857142857,163.57999999999998
2015-03-02,0,0,101,51,30,20,101,195.3342857142857,22.014285714285712,26.811428571428568,320.31
2015-03-03,1,0,102,52,30,20,102,217.10142857142858,23.341428571428573,29.142857142857142,382.49
2015-03-04,2,0,101,51,32,18,101,236.42285714285714,22.412857142857145,29.928571428571427,363.78
2015-03-05,3,0,102,53,31,18,102,236.15,19.672857142857143,29.21,266.09000000000003
2015-03-06,4,0,102,52,30,20,102,212.29571428571427,19.672857142857143,27.648571428571426,151.91
2015-03-07,5,1,102,52,30,20,72,197.47285714285712,18.648571428571433,26.155714285714286,22.78
2015-03-08,6,1,102,52,30,20,76,220.71428571428572,19.882857142857144,24.14428571428571,328.64
2015-03-09,0,0,102,52,30,20,102,212.74285714285716,21.442857142857147,22.428571428571427,255.57
2015-03-10,1,0,103,51,31,21,103,209.71428571428572,18.425714285714285,19.997142857142855,302.42
2015-03-11,2,0,104,53,29,22,104,198.39000000000001,20.118571428571432,21.844285714285714,295.13
2015-03-12,3,0,107,58,28,21,107,183.97857142857146,20.118571428571432,20.90142857142857,162.57000000000002
2015-03-13,4,0,106,57,29,20,106,207.83285714285716,22.208571428571428,21.00857142857143,494.8
2015-03-14,5,1,105,56,29,20,72,232.82428571428574,23.46857142857143,21.00857142857143,224.39
2015-03-15,6,1,105,56,29,20,69,219.62428571428572,22.23428571428571,19.75714285714286,209.45
2015-03-16,0,0,105,55,30,20,105,230.98857142857145,21.527142857142856,22.107142857142858,380.3
2015-03-17,1,0,103,54,28,21,103,219.76571428571427,22.694285714285712,22.91,246.4
2015-03-18,2,0,102,53,28,21,102,211.83857142857144,21.00142857142857,20.41,209.00000000000003
2015-03-19,3,0,102,53,28,21,102,222.23142857142855,21.71857142857143,20.41,240.19000000000003
2015-03-20,4,0,101,53,27,21,101,216.84285714285716,22.542857142857144,20.302857142857142,301.22
2015-03-21,5,1,99,52,26,21,68,216.78428571428572,21.282857142857146,24.41714285714286,243.41000000000005
2015-03-22,6,1,99,53,25,21,70,219.1257142857143,22.35,27.211428571428574,262.26
2015-03-23,0,0,97,53,26,18,97,202.36285714285714,21.204285714285714,24.861428571428576,202.52
2015-03-24,1,0,98,55,25,18,98,194.94714285714286,20.47,24.058571428571433,183.2
2015-03-25,2,0,98,54,24,20,98,187.41714285714286,21.782857142857143,21.90857142857143,151.22
2015-03-26,3,0,99,54,24,21,99,200.07999999999998,22.569999999999997,22.77285714285714,389.52
2015-03-27,4,0,98,52,26,20,98,187.24714285714285,19.655714285714286,22.77285714285714,193.56
2015-03-28,5,1,96,50,26,20,72,195.0985714285714,19.990000000000002,18.65857142857143,267.52
2015-03-29,6,1,98,51,26,21,68,188.5914285714286,19.21,17.28,201.6
2015-03-30,0,0,99,52,27,20,99,186.74285714285716,19.21,18.892857142857142,205.03
2015-03-31,1,0,99,52,28,19,99,196.87285714285713,18.43857142857143,19.48428571428571,252.38
2015-04-01,2,0,101,54,28,19,101,204.67,17.521428571428572,20.818571428571428,209.22000000000003
2015-04-02,3,0,102,51,31,20,102,196.28142857142862,16.017142857142858,20.57,268.01
2015-04-03,4,0,101,51,29,21,101,204.64285714285714,18.944285714285716,21.602857142857143,288.7
2015-04-04,5,1,103,52,30,21,76,201.00857142857146,19.201428571428572,21.812857142857144,254.66
2015-04-05,6,1,100,49,30,21,68,198.32142857142858,18.914285714285715,20.397142857142857,167.07
2015-04-06,0,0,99,49,28,22,99,205.08285714285714,18.914285714285715,21.254285714285714,261.66
2015-04-07,1,0,99,51,27,21,99,197.26285714285714,20.232857142857142,22.092857142857138,213.74
2015-04-08,2,0,98,48,30,20,98,189.83571428571432,22.094285714285714,20.881428571428575,161.78000000000003
2015-04-09,3,0,103,51,32,20,103,177.3414285714286,23.41142857142857,20.26571428571429,182.98
2015-04-10,4,0,105,51,36,18,105,187.20142857142855,20.50142857142857,22.101428571428574,509.35
2015-04-11,5,1,104,52,35,17,74,174.32285714285715,21.66857142857143,25.37,195.56
2015-04-12,6,1,103,52,34,17,67,156.34142857142857,21.66857142857143,25.37,0.0
2015-04-13,0,0,102,52,33,17,102,149.84714285714284,21.66857142857143,23.991428571428575,208.36
2015-04-14,1,0,99,49,33,17,99,165.73999999999998,20.349999999999998,22.79,305.55
2015-04-15,2,0,101,51,34,16,101,177.55,22.111428571428572,22.66714285714286,248.47
2015-04-16,3,0,101,52,33,16,101,185.32857142857142,21.47,22.66714285714286,235.69
2015-04-17,4,0,102,53,34,15,102,172.19285714285712,21.52857142857143,21.59714285714286,251.17
2015-04-18,5,1,103,54,34,15,67,173.9257142857143,19.770000000000003,19.035714285714285,164.82999999999998
2015-04-19,6,1,106,56,35,15,76,198.04142857142855,19.770000000000003,20.831428571428575,217.87
2015-04-20,0,0,105,55,36,14,105,211.42285714285714,23.027142857142856,19.740000000000002,311.13
2015-04-21,1,0,105,55,37,13,105,207.21,24.627142857142854,19.59857142857143,288.07
2015-04-22,2,0,106,55,37,14,106,210.98714285714286,20.608571428571427,19.59857142857143,238.37
2015-04-23,3,0,105,54,38,13,105,209.7571428571429,21.16,19.59857142857143,233.45
2015-04-24,4,0,104,53,38,13,104,210.14142857142855,21.084285714285716,19.360000000000003,250.26
2015-04-25,5,1,104,53,37,14,75,217.5942857142857,21.084285714285716,18.442857142857143,215.04
2015-04-26,6,1,104,52,35,17,78,219.34142857142857,21.084285714285716,17.967142857142857,233.81
2015-04-27,0,0,106,49,39,18,106,224.30428571428573,20.344285714285714,17.967142857142857,345.1
2015-04-28,1,0,106,49,36,21,106,204.35142857142858,19.982857142857142,18.252857142857145,147.87
2015-04-29,2,0,105,49,35,21,105,199.52857142857144,19.982857142857142,18.252857142857145,203.33
2015-04-30,3,0,105,47,37,21,105,203.61714285714285,19.541428571428572,18.252857142857145,260.65
2015-05-01,4,0,105,47,37,21,105,184.62999999999997,19.541428571428572,17.762857142857143,113.35
2015-05-02,5,1,105,48,36,21,78,192.84857142857143,19.965714285714284,18.58857142857143,289.48
2015-05-03,6,1,105,49,35,21,77,178.5814285714286,19.965714285714284,19.05142857142857,132.54
2015-05-04,0,0,105,51,33,21,105,171.86999999999998,17.548571428571428,19.274285714285714,285.28000000000003
2015-05-05,1,0,105,51,34,20,105,175.3557142857143,16.724285714285713,18.90142857142857,162.43
2015-05-06,2,0,103,49,34,20,103,187.71571428571428,19.264285714285712,19.465714285714284,328.72
2015-05-07,3,0,100,46,34,20,100,175.17000000000002,18.478571428571428,19.465714285714284,159.88
2015-05-08,4,0,100,45,36,19,100,179.30571428571426,19.90142857142857,18.395714285714284,135.34
2015-05-09,5,1,100,45,37,18,75,158.74428571428572,21.82857142857143,17.57,150.67
2015-05-10,6,1,101,45,38,18,75,154.82285714285715,21.82857142857143,15.787142857142856,89.75999999999999
2015-05-11,0,0,99,45,36,18,99,138.96428571428572,21.72857142857143,15.564285714285715,163.26
2015-05-12,1,0,100,44,37,19,100,142.0257142857143,25.057142857142857,17.377142857142857,221.31
2015-05-13,2,0,100,44,35,21,100,129.47,22.931428571428572,19.46857142857143,240.59
2015-05-14,3,0,99,43,35,21,99,122.27571428571427,22.931428571428572,19.46857142857143,105.25
2015-05-15,4,0,99,43,34,22,99,149.8785714285714,22.96,19.46857142857143,359.70000000000005
2015-05-16,5,1,100,46,32,22,74,163.38142857142856,20.608571428571427,20.400000000000002,233.61
2015-05-17,6,1,100,47,31,22,73,170.1142857142857,20.608571428571427,21.367142857142856,137.82999999999998
2015-05-18,0,0,100,49,29,22,100,170.97857142857143,20.88285714285714,23.475714285714286,194.74
2015-05-19,1,0,100,50,27,23,100,168.28714285714287,18.017142857142858,21.662857142857145,168.47000000000003
2015-05-20,2,0,102,49,30,23,102,158.13285714285712,20.59,20.527142857142856,179.57
2015-05-21,3,0,101,48,30,23,101,155.45000000000002,20.731428571428573,22.41857142857143,115.54999999999998
2015-05-22,4,0,101,49,29,23,101,127.17285714285715,20.385714285714283,22.41857142857143,138.7
2015-05-23,5,1,101,50,27,24,67,113.36428571428573,22.02,23.197142857142858,158.07
2015-05-24,6,1,100,51,25,24,69,110.27142857142859,22.02,23.724285714285713,133.41
2015-05-25,0,0,100,52,24,24,100,118.26142857142857,23.84857142857143,26.07571428571428,279.93
2015-05-26,1,0,101,51,25,25,101,125.49428571428572,25.217142857142854,29.157142857142855,251.5
2015-05-27,2,0,103,50,29,24,103,132.38857142857142,23.09142857142857,28.21,206.32
2015-05-28,3,0,105,52,30,23,105,139.67000000000002,22.949999999999996,27.990000000000002,157.48
2015-05-29,4,0,105,52,31,22,105,166.62857142857143,22.270000000000003,29.812857142857144,336.51
2015-05-30,5,1,105,53,31,21,77,170.07857142857145,20.63571428571429,33.66357142857142,196.66
2015-05-31,6,1,105,53,30,22,77,180.27428571428572,20.63571428571429,32.169285714285714,184.31
2015-06-01,0,0,103,52,28,23,103,174.08571428571432,21.335714285714285,28.564999999999998,216.28
2015-06-02,1,0,103,52,29,22,103,171.62285714285716,21.118571428571425,28.569285714285716,232.77
2015-06-03,2,0,103,53,29,21,103,177.25714285714284,21.68285714285714,28.95642857142857,252.42
2015-06-04,3,0,102,52,29,21,102,178.63857142857142,21.68285714285714,27.285,155.64
2015-06-05,4,0,103,53,30,20,103,149.87285714285713,21.582857142857144,26.08642857142857,126.06
2015-06-06,5,1,101,51,30,20,76,143.07142857142858,21.582857142857144,20.571428571428577,110.87
2015-06-07,6,1,100,51,30,19,69,130.23285714285714,21.671428571428574,21.884285714285713,115.51
2015-06-08,0,0,101,52,32,17,101,137.7214285714286,20.655714285714286,21.830000000000002,261.21
2015-06-09,1,0,99,51,32,16,99,138.77857142857144,21.97142857142857,18.744285714285716,223.36
2015-06-10,2,0,100,49,33,18,100,127.14428571428572,20.85571428571429,18.080000000000002,158.51999999999998
2015-06-11,3,0,101,50,33,18,101,145.16142857142856,22.91,18.975714285714286,308.73
2015-06-12,4,0,101,51,33,17,101,148.57285714285715,22.584285714285716,18.351428571428574,124.85
2015-06-13,5,1,101,51,31,19,71,151.53428571428572,22.740000000000002,18.305714285714288,127.5
2015-06-14,6,1,102,52,32,18,68,149.91428571428574,22.65142857142857,17.29714285714286,95.2
2015-06-15,0,0,103,53,32,18,103,155.26142857142855,22.154285714285717,16.495714285714286,287.95
2015-06-16,1,0,103,53,32,18,103,149.83714285714285,18.987142857142857,17.881428571428568,177.34
2015-06-17,2,0,103,53,32,18,103,155.57999999999998,20.451428571428572,17.585714285714285,205.15
2015-06-18,3,0,100,52,30,18,100,141.55714285714288,18.397142857142857,16.69,181.02
2015-06-19,4,0,99,51,29,19,99,148.26857142857145,21.294285714285714,17.49857142857143,216.21
2015-06-20,5,1,98,50,29,19,70,152.10142857142858,21.138571428571428,20.428571428571427,175.79
2015-06-21,6,1,98,51,28,19,72,155.26,21.138571428571428,22.93857142857143,133.68
2015-06-22,0,0,98,52,26,20,98,147.00857142857143,19.84857142857143,23.66142857142857,213.22
2015-06-23,1,0,100,52,28,20,100,145.44142857142856,20.240000000000002,22.67285714285714,162.19
2015-06-24,2,0,100,52,27,21,100,144.71285714285713,18.465714285714284,22.76142857142857,188.58
2015-06-25,3,0,100,52,26,22,100,145.13857142857142,18.465714285714284,24.580000000000002,202.84
2015-06-26,4,0,100,52,27,21,100,150.1342857142857,15.56857142857143,25.934285714285714,231.36
2015-06-27,5,1,99,51,28,20,68,154.93714285714285,17.12142857142857,24.981428571428573,217.09
2015-06-28,6,1,99,51,29,19,64,149.6342857142857,17.12142857142857,22.965714285714288,70.46000000000001
2015-06-29,0,0,99,52,28,19,99,142.94714285714286,20.635714285714283,23.222857142857144,207.41
2015-06-30,1,0,98,50,30,18,98,158.40857142857143,22.59857142857143,22.825714285714287,269.88
2015-07-01,2,0,97,50,29,18,97,152.82142857142858,25.917142857142856,24.997142857142858,189.32
2015-07-02,3,0,99,52,29,18,99,151.67142857142855,25.917142857142856,23.178571428571427,174.82999999999998
2015-07-03,4,0,98,52,28,18,98,147.0585714285714,27.68285714285714,21.755714285714284,210.49
2015-07-04,5,1,100,52,28,20,69,133.92857142857142,26.13,21.74857142857143,103.96
2015-07-05,6,1,101,53,29,19,72,136.81857142857143,27.345714285714283,21.59857142857143,112.63
2015-07-06,0,0,100,52,30,18,100,134.98,24.565714285714286,21.304285714285715,173.02000000000004
2015-07-07,1,0,100,54,29,17,100,120.30714285714285,22.034285714285716,21.445714285714285,160.16
2015-07-08,2,0,99,52,30,17,99,121.38,18.724285714285717,19.185714285714287,149.86
2015-07-09,3,0,100,53,29,18,100,130.32714285714286,18.724285714285717,19.185714285714287,236.42
2015-07-10,4,0,100,52,31,17,100,142.91857142857143,20.63,18.898571428571426,309.96000000000004
2015-07-11,5,1,98,50,32,16,66,160.88714285714286,21.752857142857142,16.928571428571427,232.17
2015-07-12,6,1,100,53,30,17,72,168.5514285714286,20.537142857142857,17.18,157.12
2015-07-13,0,0,99,51,32,16,99,170.59857142857143,19.802857142857142,16.494285714285713,173.72
2015-07-14,1,0,100,50,34,16,100,165.7157142857143,19.802857142857142,16.352857142857143,102.03
2015-07-15,2,0,100,50,34,16,100,166.66571428571427,19.822857142857142,17.98857142857143,176.07999999999998
2015-07-16,3,0,100,49,35,16,100,152.63000000000002,19.822857142857142,19.79714285714286,154.43
2015-07-17,4,0,101,49,36,16,101,144.30142857142854,16.15142857142857,19.344285714285714,208.41
2015-07-18,5,1,102,49,36,17,73,133.93142857142857,15.95857142857143,19.344285714285714,157.73999999999998
2015-07-19,6,1,101,49,34,18,71,126.39428571428572,15.95857142857143,22.201428571428572,114.26
2015-07-20,0,0,101,48,35,18,101,144.39857142857142,15.95857142857143,23.00142857142857,307.02000000000004
2015-07-21,1,0,101,49,34,18,101,144.21714285714285,16.60857142857143,23.225714285714282,131.62
2015-07-22,2,0,99,48,32,19,99,145.8342857142857,18.689999999999998,24.54714285714286,211.22000000000003
2015-07-23,3,0,99,48,31,20,99,142.17857142857142,18.689999999999998,22.738571428571426,109.06
2015-07-24,4,0,102,49,34,19,102,143.8857142857143,20.349999999999998,23.814285714285713,253.89
2015-07-25,5,1,102,49,34,19,75,142.39714285714285,20.124285714285715,23.908571428571427,148.82999999999998
2015-07-26,6,1,101,50,32,19,68,150.8085714285714,20.124285714285715,20.782857142857146,159.76999999999998
2015-07-27,0,0,102,52,32,18,102,135.32857142857142,21.53857142857143,21.634285714285713,216.54
2015-07-28,1,0,102,53,31,18,102,136.69,24.217142857142854,26.521428571428576,194.11
2015-07-29,2,0,102,51,34,17,102,136.68,23.235714285714288,26.398571428571433,203.42
2015-07-30,3,0,103,51,34,18,103,138.74285714285716,23.235714285714284,26.398571428571433,128.45000000000002
2015-07-31,4,0,103,51,34,18,103,132.66142857142856,22.671428571428574,25.958571428571428,204.29
2015-08-01,5,1,103,50,33,20,72,130.13714285714286,24.927142857142858,26.52285714285714,150.89999999999998
2015-08-02,6,1,102,49,33,20,68,121.36428571428573,26.042857142857144,26.538571428571426,110.28
2015-08-03,0,0,103,49,34,20,103,120.30142857142857,24.62857142857143,24.887142857142855,175.04
2015-08-04,1,0,102,47,34,21,102,128.0842857142857,21.427142857142858,21.36285714285714,201.51
2015-08-05,2,0,101,47,31,23,101,129.0585714285714,20.298571428571428,19.610000000000003,185.88
2015-08-06,3,0,100,45,33,22,100,147.19,23.055714285714284,20.771428571428572,292.43
2015-08-07,4,0,100,45,33,22,100,145.25714285714284,23.682857142857138,20.641428571428573,194.24
2015-08-08,5,1,99,46,31,22,73,146.81,20.72285714285714,21.86285714285714,147.25
2015-08-09,6,1,97,44,31,22,75,151.90285714285713,19.607142857142858,22.232857142857142,139.35
2015-08-10,0,0,99,46,30,23,99,156.61142857142858,22.90857142857143,22.34142857142857,244.47
2015-08-11,1,0,100,47,30,23,100,151.3842857142857,25.008571428571425,26.315,209.34
2015-08-12,2,0,105,49,31,25,105,157.9857142857143,27.338571428571424,29.27785714285714,273.33000000000004
2015-08-13,3,0,104,48,30,26,104,148.13714285714286,26.631428571428575,31.822142857142858,236.35
2015-08-14,4,0,103,48,30,25,103,143.24285714285716,24.931428571428572,31.35928571428571,144.84
2015-08-15,5,1,103,50,29,24,70,151.87571428571428,28.390000000000004,29.562142857142856,221.66000000000005
2015-08-16,6,1,104,50,30,24,79,151.8342857142857,28.390000000000004,28.544999999999998,121.92
2015-08-17,0,0,104,50,29,25,104,157.35142857142858,25.71857142857143,32.017857142857146,288.7
2015-08-18,1,0,104,49,29,26,104,164.03,28.754285714285718,28.715714285714284,252.32
2015-08-19,2,0,105,49,29,27,105,163.63857142857142,31.092857142857145,27.359999999999996,277.47
2015-08-20,3,0,104,49,29,26,104,158.3457142857143,29.772857142857145,24.05,166.89
2015-08-21,4,0,103,48,29,26,103,175.71142857142857,31.217142857142854,26.28714285714286,292.17
2015-08-22,5,1,104,46,31,27,75,171.44142857142856,28.28857142857143,26.204285714285714,169.42
2015-08-23,6,1,105,47,31,27,82,178.71857142857144,29.90285714285714,30.90857142857143,228.47000000000003
2015-08-24,0,0,105,47,31,27,105,188.82999999999998,30.83428571428571,31.672857142857143,388.8
2015-08-25,1,0,105,47,32,26,105,187.84285714285716,32.198214285714286,29.414285714285715,241.73
2015-08-26,2,0,105,47,33,25,105,186.73,28.48107142857143,26.725714285714282,223.87
2015-08-27,3,0,104,45,35,24,104,200.32999999999998,29.029642857142854,30.490000000000002,292.28
2015-08-28,4,0,105,46,35,24,105,181.50142857142856,31.265357142857145,30.889999999999997,178.82
2015-08-29,5,1,105,46,34,25,72,177.73857142857145,30.735357142857143,36.31285714285714,174.87
2015-08-30,6,1,105,49,32,24,79,171.35,29.12107142857143,37.02428571428571,172.55
2015-08-31,0,0,104,47,35,22,104,166.58285714285714,29.443928571428575,33.029999999999994,312.28
2015-09-01,1,0,105,48,36,21,105,171.54714285714286,24.342857142857145,35.83428571428571,257.82
2015-09-02,2,0,105,48,36,21,105,176.1242857142857,25.517142857142858,36.74571428571428,271.48
2015-09-03,3,0,106,47,38,21,106,162.87714285714284,28.267142857142858,32.58571428571428,180.73
2015-09-04,4,0,105,47,37,21,105,167.78285714285713,26.23857142857143,29.905714285714286,178.88
2015-09-05,5,1,105,48,35,22,73,165.8685714285714,28.63,27.885714285714283,167.79999999999998
2015-09-06,6,1,105,48,35,22,72,166.40285714285713,29.544285714285714,25.648571428571426,171.91
2015-09-07,0,0,101,47,31,23,101,159.71571428571428,28.568571428571428,25.89142857142857,260.34000000000003
2015-09-08,1,0,101,46,32,23,101,159.2028571428571,27.04285714285714,23.087142857142855,218.12
2015-09-09,2,0,102,48,32,22,102,161.70285714285714,26.297142857142855,22.175714285714285,270.88
2015-09-10,3,0,102,48,32,22,102,163.52142857142857,28.110000000000003,23.745714285714286,226.09000000000003
2015-09-11,4,0,103,50,32,21,103,173.22285714285712,28.017142857142858,28.325714285714287,279.52
2015-09-12,5,1,102,49,32,21,73,202.1885714285714,25.837142857142858,25.535714285714285,344.52000000000004
2015-09-13,6,1,101,48,31,22,70,202.35,24.922857142857143,24.728571428571428,156.27
2015-09-14,0,0,101,48,30,23,101,201.16428571428574,28.03,25.09714285714286,276.37
2015-09-15,1,0,102,49,29,24,102,196.74571428571429,28.975714285714286,25.18285714285714,200.21
2015-09-16,2,0,99,45,30,24,99,178.96428571428572,28.28714285714286,25.18285714285714,135.48
2015-09-17,3,0,100,46,30,24,100,191.72142857142856,22.445714285714285,28.204285714285714,289.39
2015-09-18,4,0,99,45,30,24,99,177.52857142857144,20.864285714285717,23.737142857142857,135.62
2015-09-19,5,1,99,45,30,24,75,160.89285714285714,21.328571428571426,25.69142857142857,236.25
2015-09-20,6,1,99,46,29,24,70,163.57571428571427,25.07571428571428,27.904285714285717,221.49
2015-09-21,0,0,98,46,28,24,98,176.2157142857143,21.592857142857145,26.94142857142857,334.1
2015-09-22,1,0,98,47,27,24,98,171.47000000000003,22.428571428571427,29.40142857142857,190.06
2015-09-23,2,0,98,47,27,24,98,187.26285714285717,22.488571428571426,31.41142857142857,273.13
2015-09-24,3,0,97,45,26,26,97,188.59857142857143,23.27857142857143,26.87,278.74
2015-09-25,4,0,99,46,27,26,99,197.6914285714286,26.115714285714287,28.238571428571426,230.92
2015-09-26,5,1,98,48,25,25,73,194.59428571428572,25.44,31.232142857142858,237.85
2015-09-27,6,1,97,48,25,24,65,182.02428571428572,21.692857142857147,28.474999999999998,80.15
2015-09-28,0,0,98,47,27,24,98,153.7057142857143,22.35571428571429,28.474999999999998,131.03
2015-09-29,1,0,98,46,28,24,98,171.5442857142857,21.599999999999998,28.215,307.82
2015-09-30,2,0,100,47,26,27,100,160.95,22.278571428571432,28.210714285714285,203.69
2015-10-01,3,0,98,44,27,27,98,158.51571428571427,21.48857142857143,33.475,282.21
2015-10-02,4,0,98,45,26,27,98,169.32285714285715,18.892857142857142,33.71642857142857,290.09000000000003
2015-10-03,5,1,99,45,27,27,73,172.59285714285716,19.701428571428572,33.71642857142857,261.58
2015-10-04,6,1,97,43,27,27,74,207.29857142857142,19.701428571428572,35.019285714285715,333.29
2015-10-05,0,0,98,42,30,26,98,235.61714285714285,21.322857142857142,36.760714285714286,526.85
2015-10-06,1,0,98,42,30,26,98,238.86714285714288,22.345714285714283,36.527857142857144,336.1
2015-10-07,2,0,97,43,28,26,97,258.8385714285714,22.234285714285715,37.87642857142857,352.15000000000003
2015-10-08,3,0,98,43,29,26,98,255.28714285714287,22.255714285714287,36.96928571428571,261.96000000000004
2015-10-09,4,0,99,45,28,26,99,246.65428571428575,25.594285714285718,35.24642857142857,236.56
2015-10-10,5,1,101,47,28,26,70,251.43714285714287,30.48428571428571,32.04571428571428,304.65
2015-10-11,6,1,100,47,27,26,71,253.1342857142857,31.50142857142857,34.339999999999996,406.56000000000006
2015-10-12,0,0,101,47,27,27,101,253.1342857142857,31.705714285714286,37.81714285714286,551.04
2015-10-13,1,0,106,50,27,29,106,256.36428571428576,30.224285714285713,36.82714285714286,494.79
2015-10-14,2,0,106,48,28,30,106,253.72857142857146,30.20285714285714,35.46714285714286,324.03
2015-10-15,3,0,105,47,26,32,105,267.87714285714287,30.18142857142857,33.48428571428572,497.02
2015-10-16,4,0,106,47,26,33,106,284.17571428571426,26.601428571428567,33.48428571428571,427.03
2015-10-17,5,1,106,47,26,33,84,295.85571428571427,22.252857142857142,36.685,508.92
2015-10-18,6,1,106,48,25,33,76,293.63,21.235714285714284,36.02357142857143,342.84000000000003
2015-10-19,0,0,105,48,23,34,105,293.63,18.214285714285715,36.36571428571428,530.5300000000001
2015-10-20,1,0,103,46,25,32,103,293.63,17.97714285714286,36.25571428571429,347.64000000000004
2015-10-21,2,0,102,45,23,34,102,291.4585714285714,18.917142857142856,39.82214285714286,344.78
2015-10-22,3,0,103,45,23,35,103,282.89142857142855,20.95285714285714,39.545,299.30999999999995
2015-10-23,4,0,104,46,24,34,104,281.13428571428574,20.95285714285714,44.162142857142854,346.83
2015-10-24,5,1,104,47,23,34,76,281.13428571428574,20.767142857142858,44.162142857142854,434.36
2015-10-25,6,1,104,46,24,34,80,283.36,20.767142857142858,40.31357142857143,378.91
2015-10-26,0,0,102,47,22,33,102,283.36,22.17142857142857,40.31357142857143,450.54
2015-10-27,1,0,103,48,22,33,103,283.36,23.01142857142857,41.18214285714286,494.45
2015-10-28,2,0,103,48,23,32,103,279.45,23.647142857142857,35.621428571428574,269.72
2015-10-29,3,0,101,44,26,31,101,282.5385714285714,23.201428571428572,33.47428571428571,302.58
2015-10-30,4,0,102,43,29,30,102,284.2957142857143,25.147142857142857,31.231428571428573,398.88
2015-10-31,5,1,102,43,29,30,74,283.0557142857143,24.667142857142856,28.270714285714284,344.31
2015-11-01,6,1,105,46,28,31,74,283.05571428571426,27.698571428571427,27.356428571428573,446.32
2015-11-02,0,0,105,47,28,30,105,283.05571428571426,27.455714285714286,23.50857142857143,369.06
2015-11-03,1,0,104,46,29,29,104,281.2828571428571,26.572857142857142,21.687142857142856,313.2
2015-11-04,2,0,103,44,30,29,103,291.50857142857143,30.06,26.574285714285715,526.08
2015-11-05,3,0,103,43,31,29,103,296.9871428571428,28.47,27.951428571428576,342.08
2015-11-06,4,0,103,42,32,29,103,285.08142857142855,26.78142857142857,26.220000000000002,252.96
2015-11-07,5,1,103,43,30,30,72,286.32142857142856,30.517142857142858,25.020000000000003,402.7
2015-11-08,6,1,100,40,30,30,79,280.03,28.681428571428572,28.3,317.29
2015-11-09,0,0,100,40,30,30,100,275.78714285714284,27.520000000000003,27.522857142857145,301.52000000000004
2015-11-10,1,0,101,41,28,32,101,275.05,28.99142857142857,31.072857142857146,349.59000000000003
2015-11-11,2,0,101,41,29,31,101,275.05,22.631428571428575,31.746428571428574,480.3
2015-11-12,3,0,101,42,28,31,101,255.53428571428572,25.87,33.47642857142858,237.81
2015-11-13,4,0,101,42,29,30,101,245.67999999999998,29.35571428571429,34.895,218.31
2015-11-14,5,1,102,44,30,28,73,215.98,24.98,35.455,136.13
2015-11-15,6,1,102,44,31,27,81,211.73714285714286,25.03,32.175,257.6
2015-11-16,0,0,103,45,31,27,103,215.98000000000002,27.267142857142858,33.39928571428571,408.88000000000005
2015-11-17,1,0,103,45,30,28,103,218.49,25.50857142857143,32.82928571428572,449.73
2015-11-18,2,0,102,43,32,27,102,199.69000000000003,28.65857142857143,29.995714285714282,239.54
2015-11-19,3,0,102,42,33,27,102,202.35,32.04678571428572,26.888571428571424,267.47
2015-11-20,4,0,102,43,33,26,102,206.0442857142857,28.30392857142857,26.857142857142858,209.04
2015-11-21,5,1,103,44,33,26,79,226.9857142857143,28.259642857142858,25.900000000000002,272.4
2015-11-22,6,1,102,42,35,25,77,225.20142857142858,27.6225,25.900000000000002,243.32
2015-11-23,0,0,102,43,34,25,102,225.20142857142855,25.385357142857142,23.740000000000002,491.13
2015-11-24,1,0,104,45,34,25,104,202.01285714285714,29.171071428571427,22.01142857142857,202.94
2015-11-25,2,0,104,46,34,24,104,206.75857142857143,29.019642857142856,21.05,264.97
2015-11-26,3,0,104,48,32,24,104,205.98,23.94,21.798571428571428,222.63
2015-11-27,4,0,103,47,32,24,103,201.58142857142857,24.931428571428572,19.768571428571427,168.09
2015-11-28,5,1,103,48,31,24,71,199.06285714285715,24.931428571428572,20.854285714285712,260.04
2015-11-29,6,1,104,48,34,22,75,198.84571428571425,24.322857142857146,22.851428571428574,242.66
2015-11-30,0,0,103,48,31,24,103,190.80714285714288,24.374285714285715,25.804285714285715,294.76
2015-12-01,1,0,105,53,28,24,105,194.99,20.58857142857143,24.552857142857142,188.26
2015-12-02,2,0,105,52,29,24,105,207.82571428571427,24.216785714285717,22.787142857142857,366.64
2015-12-03,3,0,105,52,27,26,105,225.46,23.325357142857143,22.692857142857147,433.85
2015-12-04,4,0,105,53,26,26,105,230.55857142857144,24.338214285714287,22.884285714285713,223.81
2015-12-05,5,1,103,53,25,25,69,222.30857142857144,24.338214285714287,24.40285714285714,209.47
2015-12-06,6,1,103,53,24,26,69,231.49714285714285,24.338214285714287,24.389999999999997,318.56
2015-12-07,0,0,101,51,23,27,101,221.85714285714286,24.51821428571429,21.602857142857143,209.03
2015-12-08,1,0,102,52,23,27,102,237.73714285714286,25.685357142857146,21.602857142857143,311.93
2015-12-09,2,0,102,53,22,27,102,236.46428571428572,23.362857142857145,21.984285714285715,345.36
2015-12-10,3,0,104,54,22,28,104,225.37142857142857,24.287142857142857,26.890714285714285,313.13
2015-12-11,4,0,104,54,24,26,104,222.6142857142857,23.714285714285715,28.979285714285716,215.12
2015-12-12,5,1,101,52,27,22,75,229.93,23.714285714285715,27.165,254.41000000000005
2015-12-13,6,1,100,52,26,22,73,209.82285714285715,23.714285714285715,29.009285714285713,190.87
2015-12-14,0,0,99,51,26,22,99,220.04714285714286,25.818571428571428,29.957857142857144,301.97
2015-12-15,1,0,98,50,26,22,98,219.24714285714285,24.65142857142857,31.022142857142857,302.86
2015-12-16,2,0,98,50,26,22,98,218.17428571428573,22.187142857142856,32.623571428571424,331.81
2015-12-17,3,0,95,49,25,21,95,208.66714285714286,20.90142857142857,30.31142857142857,210.6
2015-12-18,4,0,100,55,24,21,100,211.5742857142857,21.577142857142857,28.43,227.03
2015-12-19,5,1,101,56,23,22,65,183.07142857142858,21.577142857142857,26.63714285714286,1.78
2015-12-20,6,1,100,56,22,22,74,193.55857142857144,21.577142857142857,22.80857142857143,229.99
2015-12-21,0,0,99,55,22,22,99,201.01285714285717,21.99857142857143,22.634285714285713,410.8
2015-12-22,1,0,97,53,21,23,97,204.93857142857146,21.99857142857143,23.074285714285715,350.0
2015-12-23,2,0,97,53,19,25,97,192.75571428571428,20.158571428571427,21.41714285714286,215.29
2015-12-24,3,0,98,53,19,26,98,196.84714285714287,19.86428571428571,21.437142857142856,235.21
2015-12-25,4,0,98,54,18,26,98,190.28285714285715,24.383928571428573,21.03857142857143,206.11
2015-12-26,5,1,99,52,21,26,73,230.99714285714285,27.48535714285714,22.33857142857143,486.8
2015-12-27,6,1,100,51,23,26,70,243.81285714285715,27.48535714285714,24.071428571428573,335.99
2015-12-28,0,0,101,53,22,26,101,243.81285714285715,29.663928571428574,23.925714285714285,483.46
2015-12-29,1,0,102,54,22,26,102,243.81285714285715,30.848214285714285,27.982142857142858,570.94
2015-12-30,2,0,101,53,23,25,101,259.56,33.40107142857143,30.170714285714286,448.6
2015-12-31,3,0,99,51,22,26,99,275.17857142857144,38.0025,30.37357142857143,380.28
2016-01-01,4,0,100,52,23,25,100,258.2442857142857,31.375714285714285,30.37357142857143,0.93
2016-01-02,5,1,101,53,23,25,70,249.4442857142857,28.274285714285718,29.073571428571427,240.7
2016-01-03,6,1,101,54,23,24,74,245.89428571428567,28.274285714285718,27.859285714285715,294.05999999999995
2016-01-04,0,0,101,52,26,23,101,245.89428571428567,23.547142857142855,29.709285714285716,365.93
2016-01-05,1,0,101,53,26,22,101,240.22,25.798571428571428,25.27142857142857,322.19
2016-01-06,2,0,102,55,27,20,102,240.22,23.245714285714286,24.382857142857144,454.9
2016-01-07,3,0,104,58,26,20,104,200.3957142857143,18.64428571428571,20.91142857142857,0.09
2016-01-08,4,0,104,55,28,21,104,237.21571428571426,19.632857142857144,23.40714285714285,327.13
2016-01-09,5,1,103,56,26,21,74,246.0157142857143,20.604285714285712,25.52,493.67
2016-01-10,6,1,102,55,26,21,71,249.71714285714285,21.265714285714285,27.069999999999997,367.75
2016-01-11,0,0,101,54,25,22,101,249.71714285714285,25.70285714285714,28.205714285714286,527.75
2016-01-12,1,0,102,55,25,22,102,255.3914285714286,22.919999999999998,32.315714285714286,492.06
2016-01-13,2,0,104,54,29,21,104,254.3171428571429,26.782857142857146,33.892857142857146,371.94000000000005
2016-01-14,3,0,103,52,30,21,103,295.0314285714286,32.287142857142854,33.892857142857146,537.08
2016-01-15,4,0,102,52,29,21,102,274.33142857142855,32.63,34.70714285714286,190.33
2016-01-16,5,1,102,54,26,22,71,274.3314285714286,33.35,32.61571428571428,348.19999999999993
2016-01-17,6,1,102,52,26,24,74,264.2142857142857,32.68857142857143,33.182857142857145,270.13
2016-01-18,0,0,100,51,25,24,100,264.2142857142857,28.042857142857144,29.632857142857144,441.2
2016-01-19,1,0,99,49,28,22,99,264.2142857142857,28.442857142857147,26.065714285714286,378.54
2016-01-20,2,0,100,50,29,21,100,237.14857142857142,31.20678571428571,22.86285714285714,195.42
2016-01-21,3,0,101,51,29,21,101,237.14857142857142,26.933928571428574,23.654285714285713,507.17
2016-01-22,4,0,101,51,30,20,101,257.5571428571429,27.785357142857144,20.344285714285714,305.47
2016-01-23,5,1,101,52,28,21,74,240.67428571428573,26.09392857142857,21.91,218.0
2016-01-24,6,1,104,53,28,23,77,243.71714285714285,26.09392857142857,19.851428571428574,275.61
2016-01-25,0,0,100,50,27,23,100,243.71714285714285,28.90392857142857,24.254285714285714,396.98
2016-01-26,1,0,103,53,27,23,103,231.06571428571425,29.701071428571428,24.115714285714287,265.08
2016-01-27,2,0,104,53,29,22,104,246.14428571428567,28.13857142857143,24.674285714285713,277.93
2016-01-28,3,0,106,55,28,23,106,236.36142857142858,26.907142857142862,26.580000000000002,275.32
2016-01-29,4,0,106,54,29,23,106,240.54714285714286,24.724285714285713,27.722857142857144,559.17
2016-01-30,5,1,105,52,30,23,76,249.00285714285715,24.724285714285713,29.92571428571429,291.39
2016-01-31,6,1,108,54,29,25,77,256.07714285714286,24.724285714285713,30.460000000000004,437.88
2016-02-01,0,0,108,55,28,25,108,231.61999999999998,22.807142857142853,28.178571428571427,181.51
2016-02-02,1,0,106,53,29,24,106,240.92142857142858,21.349999999999998,32.21214285714286,361.71
2016-02-03,2,0,106,51,30,25,106,250.48714285714286,19.13,35.166428571428575,350.03
2016-02-04,3,0,103,46,32,25,103,245.78571428571428,19.252857142857142,36.15071428571429,255.24000000000004
2016-02-05,4,0,102,48,29,25,102,245.78571428571428,20.224285714285713,36.81785714285714,397.81
2016-02-06,5,1,102,49,28,25,76,252.6657142857143,20.224285714285713,34.63928571428571,319.15
2016-02-07,6,1,101,48,28,25,75,252.66571428571427,20.224285714285713,34.13928571428571,465.68
2016-02-08,0,0,102,48,29,25,102,261.1928571428571,19.448571428571427,34.085,235.39
2016-02-09,1,0,102,49,28,25,102,264.54285714285714,23.689999999999998,31.482857142857142,413.42
2016-02-10,2,0,102,49,28,25,102,258.32428571428574,27.4725,28.948571428571427,340.65000000000003
2016-02-11,3,0,102,49,27,26,102,266.8842857142857,29.64392857142857,25.267142857142858,298.04999999999995
2016-02-12,4,0,102,48,27,27,102,266.88428571428574,28.672500000000003,25.801428571428573,456.87
2016-02-13,5,1,104,50,28,26,76,256.36571428571426,28.672500000000003,24.19,237.06
2016-02-14,6,1,104,50,27,27,72,243.82571428571427,28.719642857142855,25.925714285714285,258.98
2016-02-15,0,0,104,48,29,27,104,259.7557142857143,29.343928571428574,25.56,412.45
2016-02-16,1,0,104,48,31,25,104,245.81857142857143,24.70964285714286,25.615714285714287,248.2
2016-02-17,2,0,105,49,30,26,105,239.7657142857143,21.127142857142854,24.845714285714283,242.4
2016-02-18,3,0,103,47,29,27,103,245.69,18.83285714285714,24.845714285714287,323.35
2016-02-19,4,0,104,48,29,27,104,230.6214285714286,24.712857142857143,23.39142857142857,271.91
2016-02-20,5,1,103,48,29,26,72,225.36857142857144,24.712857142857143,28.919999999999998,245.8
2016-02-21,6,1,102,46,31,25,71,233.25285714285715,24.784285714285716,28.848571428571432,314.17
2016-02-22,0,0,100,48,29,23,100,233.25285714285715,26.32571428571429,26.91714285714286,383.74
2016-02-23,1,0,100,49,28,23,100,243.8457142857143,28.548571428571428,23.902857142857147,320.31
2016-02-24,2,0,100,51,27,22,100,250.34142857142857,25.847142857142853,26.452857142857145,286.81
2016-02-25,3,0,102,51,29,22,102,247.32571428571424,32.47392857142857,29.312857142857144,378.18
2016-02-26,4,0,104,53,29,22,104,248.02142857142854,26.9925,29.41571428571429,239.13
2016-02-27,5,1,103,54,27,22,69,239.9385714285714,26.9925,26.635714285714283,163.64
2016-02-28,6,1,102,53,28,21,73,244.5942857142857,27.115357142857142,27.025714285714287,376.16
2016-02-29,0,0,102,51,32,19,102,244.5942857142857,28.08392857142857,28.647142857142857,379.7
2016-03-01,1,0,103,53,32,18,103,235.46714285714285,28.185357142857146,31.595714285714283,279.61
2016-03-02,2,0,103,49,36,18,103,222.80571428571426,32.19535714285714,28.837142857142855,202.87
2016-03-03,3,0,102,49,36,17,102,225.82142857142858,25.56857142857143,25.977142857142855,395.06
2016-03-04,4,0,102,48,36,18,102,223.2642857142857,25.169999999999998,25.368571428571425,209.11
2016-03-05,5,1,102,47,37,18,72,232.3857142857143,26.407142857142855,23.099999999999998,228.06
2016-03-06,6,1,104,49,37,18,75,232.38571428571427,26.165714285714284,20.762857142857147,423.4
2016-03-07,0,0,103,47,36,20,103,231.79999999999998,22.914285714285715,20.068571428571428,327.37
2016-03-08,1,0,106,49,36,21,106,244.27142857142857,21.677142857142854,17.395714285714288,350.8
2016-03-09,2,0,106,49,37,20,106,245.49285714285716,18.57857142857143,17.83142857142857,196.85
2016-03-10,3,0,105,49,36,20,105,226.30285714285714,20.04714285714286,19.24285714285714,215.83
2016-03-11,4,0,104,49,35,20,104,221.8414285714286,21.51571428571429,18.858571428571427,188.4
2016-03-12,5,1,104,49,34,21,79,226.85999999999996,20.278571428571432,18.37857142857143,244.31
2016-03-13,6,1,104,50,33,21,73,224.7571428571429,20.278571428571432,18.05,304.62999999999994
2016-03-14,0,0,104,52,31,21,104,218.42285714285714,23.114285714285717,17.684285714285714,305.34000000000003
2016-03-15,1,0,104,53,32,19,104,199.5257142857143,22.631428571428568,18.062857142857144,206.53
2016-03-16,2,0,103,52,32,19,103,213.89000000000001,25.84,18.32857142857143,321.72
2016-03-17,3,0,102,53,31,18,102,233.07999999999998,26.15,17.685714285714287,456.79
2016-03-18,4,0,102,51,34,17,102,236.10714285714286,28.692857142857143,17.685714285714287,225.25
2016-03-19,5,1,102,51,34,17,70,217.73142857142858,28.828571428571426,20.615714285714287,144.0
2016-03-20,6,1,103,54,31,18,67,203.69714285714286,28.828571428571426,22.54,217.9
2016-03-21,0,0,103,54,31,18,103,210.61714285714285,28.032857142857143,22.36428571428571,362.03
2016-03-22,1,0,102,54,32,16,102,227.9442857142857,29.711428571428574,21.71,327.21000000000004
2016-03-23,2,0,101,55,29,17,101,214.91,31.38714285714286,21.00857142857143,235.35
2016-03-24,3,0,101,57,28,16,101,202.72571428571428,29.60857142857143,21.31142857142857,246.54
2016-03-25,4,0,101,59,27,15,101,219.39000000000001,26.33142857142857,22.261428571428574,329.89
2016-03-26,5,1,103,59,28,16,73,228.63000000000002,26.195714285714285,19.33142857142857,174.24
2016-03-27,6,1,102,58,28,16,64,240.32,27.54,18.895714285714288,318.70000000000005
2016-03-28,0,0,102,60,27,15,102,221.64714285714285,30.132857142857144,18.509999999999998,226.78
2016-03-29,1,0,102,59,27,16,102,215.70714285714286,27.849999999999998,18.865714285714287,275.06
2016-03-30,2,0,103,60,25,18,103,213.6457142857143,21.71142857142857,20.37285714285714,183.89
2016-03-31,3,0,103,62,25,16,103,213.72285714285712,21.71142857142857,19.30142857142857,226.83
2016-04-01,4,0,102,62,24,16,102,215.42285714285714,20.97714285714286,19.075714285714287,368.96
2016-04-02,5,1,102,59,27,16,70,215.0142857142857,20.97714285714286,19.075714285714287,174.10000000000002
2016-04-03,6,1,104,60,27,17,72,219.46142857142857,19.632857142857144,20.21857142857143,400.75
2016-04-04,0,0,101,58,26,17,101,216.23142857142858,15.0,21.43,178.51
2016-04-05,1,0,101,57,27,17,101,219.95142857142858,15.0,21.87,306.48
2016-04-06,2,0,101,57,26,18,101,213.2657142857143,15.124285714285715,21.584285714285716,142.52
2016-04-07,3,0,102,57,26,19,102,202.9014285714286,15.454285714285716,22.818571428571428,183.65
2016-04-08,4,0,104,60,26,18,104,202.17714285714283,15.454285714285716,23.945714285714285,328.53
2016-04-09,5,1,102,59,25,18,72,207.12142857142857,15.459999999999999,26.490000000000002,236.82
2016-04-10,6,1,101,57,26,18,72,178.82714285714286,15.459999999999999,24.298571428571424,127.57
2016-04-11,0,0,102,56,27,19,102,182.91142857142856,17.181428571428572,23.087142857142858,204.33
2016-04-12,1,0,102,56,26,20,102,184.77142857142854,21.93,22.490000000000002,351.12
2016-04-13,2,0,105,58,25,22,105,204.48428571428573,28.207142857142856,23.034285714285716,328.26
2016-04-14,3,0,105,59,24,22,105,226.9557142857143,28.974285714285713,21.800000000000004,346.63
2016-04-15,4,0,105,58,25,22,105,208.47285714285718,29.2,20.514285714285712,201.09
2016-04-16,5,1,103,58,23,22,70,203.5,30.68857142857143,19.08285714285714,202.41
2016-04-17,6,1,101,57,22,22,73,225.81,30.68857142857143,19.14428571428571,280.78000000000003
2016-04-18,0,0,101,58,21,22,101,221.7757142857143,31.89428571428571,19.334285714285716,198.85
2016-04-19,1,0,100,57,22,21,100,203.87000000000003,27.16428571428571,19.135714285714283,188.58
2016-04-20,2,0,99,56,22,21,99,185.71,22.464285714285715,17.37,150.72
2016-04-21,3,0,98,55,21,22,98,163.62714285714287,21.367142857142856,17.37,171.73
2016-04-22,4,0,99,52,24,23,99,160.48000000000002,21.141428571428573,18.65142857142857,182.29
2016-04-23,5,1,97,51,22,24,72,161.15285714285713,20.122857142857146,23.099285714285713,242.1
2016-04-24,6,1,98,51,23,24,70,148.8657142857143,20.122857142857146,22.597857142857144,185.44
2016-04-25,0,0,97,51,22,24,97,147.97285714285712,22.451428571428572,24.832142857142856,224.54
2016-04-26,1,0,100,51,25,24,100,151.14285714285714,27.744285714285713,26.342142857142854,261.09000000000003
2016-04-27,2,0,101,50,27,24,101,177.71857142857144,32.669642857142854,27.99642857142857,423.54
2016-04-28,3,0,101,50,27,24,101,183.6585714285714,37.692499999999995,29.053571428571427,259.56
2016-04-29,4,0,101,52,25,24,101,198.89285714285714,41.57964285714286,29.645,324.44
2016-04-30,5,1,101,51,28,22,73,209.3942857142857,43.22107142857143,28.101428571428567,305.32
2016-05-01,6,1,101,51,28,22,73,186.95142857142855,43.22107142857143,28.101428571428567,0.87
2016-05-02,0,0,104,51,32,21,104,205.8842857142857,38.93821428571429,25.858571428571427,311.39
2016-05-03,1,0,104,52,31,21,104,203.15285714285713,33.62678571428571,26.08142857142857,200.24
2016-05-04,2,0,104,52,32,20,104,191.78,27.0,26.502857142857142,261.28
2016-05-05,3,0,105,50,34,21,105,206.28857142857143,26.928571428571427,26.072857142857146,357.61
2016-05-06,4,0,105,51,33,21,105,204.31857142857143,23.925714285714285,23.825714285714287,273.9
2016-05-07,5,1,105,52,30,23,76,204.77285714285716,21.80857142857143,20.29,267.8
2016-05-08,6,1,104,51,31,22,70,230.09285714285716,24.244285714285713,21.28857142857143,246.28000000000003
2016-05-09,0,0,106,55,28,23,106,220.65857142857143,23.27142857142857,22.797142857142855,241.72000000000003
2016-05-10,1,0,104,51,32,21,104,225.54,23.27142857142857,23.27285714285714,241.8
2016-05-11,2,0,103,51,32,20,103,216.62285714285713,26.524285714285714,22.15285714285714,217.43
2016-05-12,3,0,103,52,31,20,103,203.60714285714286,22.747142857142855,21.525714285714287,232.55
2016-05-13,4,0,102,51,31,20,102,205.9757142857143,23.34142857142857,21.334285714285716,287.95
2016-05-14,5,1,102,47,35,20,73,193.9485714285714,26.17142857142857,21.884285714285713,208.4
2016-05-15,6,1,103,47,35,21,72,196.52714285714282,24.038571428571426,22.072857142857142,250.72
2016-05-16,0,0,104,48,35,21,104,190.6457142857143,29.42142857142857,21.195714285714285,239.47
2016-05-17,1,0,105,50,34,21,105,201.0614285714286,29.42142857142857,19.31714285714286,300.72
2016-05-18,2,0,104,51,32,21,104,213.5814285714286,27.045714285714286,18.575714285714287,283.25
2016-05-19,3,0,104,51,32,21,104,215.53857142857143,28.062857142857144,20.284285714285716,268.45
2016-05-20,4,0,105,53,32,20,105,193.10714285714286,30.34142857142857,20.284285714285716,150.35000000000002
2016-05-21,5,1,104,52,32,20,79,203.52857142857144,27.51142857142857,19.252857142857145,239.12
2016-05-22,6,1,102,51,31,20,71,211.6157142857143,27.28857142857143,18.40142857142857,299.81
2016-05-23,0,0,99,52,27,20,99,230.74428571428572,27.064285714285713,18.29714285714286,435.34
2016-05-24,1,0,99,53,27,19,99,222.6757142857143,27.064285714285713,22.385714285714283,267.95
2016-05-25,2,0,98,52,27,19,98,211.21142857142854,30.194285714285716,24.452857142857145,239.38
2016-05-26,3,0,98,55,24,19,98,204.71142857142857,32.52857142857143,23.01142857142857,229.2
2016-05-27,4,0,100,54,28,18,100,207.17285714285714,31.888571428571428,25.34,181.28
2016-05-28,5,1,100,55,27,18,70,203.8757142857143,31.888571428571428,29.49142857142857,255.24
2016-05-29,6,1,99,55,27,17,65,185.27285714285713,31.80857142857143,31.195714285714285,170.07000000000002
2016-05-30,0,0,100,54,29,17,100,170.1,26.650000000000002,30.487142857142857,213.99
2016-05-31,1,0,101,54,30,17,101,159.35999999999999,26.650000000000002,26.78714285714286,167.97
2016-06-01,2,0,102,55,30,17,102,155.51857142857142,24.804285714285715,26.710000000000004,199.03
2016-06-02,3,0,104,56,30,18,104,153.2,25.158571428571427,26.442857142857147,206.68
2016-06-03,4,0,103,55,30,18,103,155.04714285714286,23.11428571428571,25.740000000000002,174.98
2016-06-04,5,1,103,57,28,18,65,139.30142857142857,23.11428571428571,21.58857142857143,106.95
2016-06-05,6,1,101,55,27,19,70,135.56285714285715,23.11428571428571,22.93142857142857,160.49
2016-06-06,0,0,103,55,27,21,103,133.42,23.11428571428571,23.95285714285714,214.03
2016-06-07,1,0,100,52,28,20,100,140.25142857142856,25.939999999999998,24.471428571428568,245.9
2016-06-08,2,0,100,53,28,19,100,163.32714285714286,25.24857142857143,24.76285714285714,357.91
2016-06-09,3,0,99,52,28,19,99,161.39000000000001,20.978571428571428,27.248571428571427,187.53000000000003
2016-06-10,4,0,101,53,29,19,101,168.48857142857145,22.018571428571427,27.994285714285713,237.17
2016-06-11,5,1,102,54,30,18,71,179.65857142857143,22.018571428571427,31.419999999999998,216.79
2016-06-12,6,1,102,55,29,18,73,196.9957142857143,22.717142857142857,30.128571428571426,281.4
2016-06-13,0,0,104,57,28,19,104,186.2914285714286,23.367142857142856,29.92571428571429,144.14
2016-06-14,1,0,102,55,28,19,102,176.64857142857144,24.885714285714283,28.688571428571432,174.82
2016-06-15,2,0,99,51,29,19,99,166.72857142857143,29.54714285714286,26.821428571428573,307.88
2016-06-16,3,0,98,51,28,19,98,166.6942857142857,28.937142857142856,24.354285714285716,160.64
2016-06-17,4,0,99,52,28,19,99,160.52714285714288,27.687142857142856,21.982857142857142,165.37
2016-06-18,5,1,99,52,27,20,72,162.21285714285713,27.687142857142856,18.557142857142857,192.33
2016-06-19,6,1,102,55,26,21,69,155.15142857142857,26.988571428571426,18.144285714285715,212.52
2016-06-20,0,0,101,56,25,20,101,162.06,26.33857142857143,19.264285714285712,193.74
2016-06-21,1,0,101,55,26,20,101,166.99571428571429,25.58857142857143,21.374285714285715,224.44
2016-06-22,2,0,101,55,26,20,101,174.4,19.557142857142853,20.745714285714286,306.64
2016-06-23,3,0,100,55,24,21,100,172.95142857142855,19.557142857142853,20.72714285714286,151.54999999999998
2016-06-24,4,0,102,54,26,22,102,172.02857142857144,22.34857142857143,22.389999999999997,193.37
2016-06-25,5,1,102,55,26,21,69,159.78428571428572,22.34857142857143,23.617142857142856,131.16
2016-06-26,6,1,103,55,27,21,74,146.1542857142857,27.099999999999998,21.93857142857143,147.88
2016-06-27,0,0,102,54,27,21,102,147.8557142857143,28.58285714285714,21.465714285714288,214.77
2016-06-28,1,0,104,55,27,22,104,149.34285714285716,30.554285714285715,19.35571428571429,225.08
2016-06-29,2,0,104,55,26,23,104,131.28285714285715,33.19571428571429,21.740000000000002,221.85
2016-06-30,3,0,103,55,27,21,103,122.37142857142858,33.36142857142857,21.975714285714282,95.91
2016-07-01,4,0,103,54,28,21,103,128.33285714285714,29.707142857142856,20.52,189.6
2016-07-02,5,1,104,56,27,21,76,133.24714285714285,30.611428571428572,19.865714285714287,170.03999999999996
2016-07-03,6,1,104,56,27,21,76,134.2357142857143,25.860000000000003,21.77857142857143,132.73000000000002
2016-07-04,0,0,102,55,26,21,102,124.44857142857143,25.41857142857143,23.062857142857144,152.16
2016-07-05,1,0,102,55,26,21,102,119.21857142857142,21.354285714285712,24.458571428571428,178.59
2016-07-06,2,0,103,56,27,20,103,126.04142857142857,18.61285714285714,25.28,254.67
2016-07-07,3,0,105,57,27,21,105,138.26285714285714,20.444285714285716,27.25714285714286,208.12
2016-07-08,4,0,105,57,26,22,105,142.4414285714286,22.97857142857143,27.050000000000004,235.97
2016-07-09,5,1,105,54,28,23,73,131.59714285714284,24.33285714285714,26.47714285714286,99.11
2016-07-10,6,1,104,51,30,23,70,137.91857142857143,24.33285714285714,26.148571428571433,179.28
2016-07-11,0,0,103,50,30,23,103,143.7485714285714,25.037142857142857,25.25,191.61
2016-07-12,1,0,102,50,28,24,102,151.82857142857142,27.374285714285715,25.542857142857144,253.56
2016-07-13,2,0,102,50,28,24,102,148.01285714285714,29.73,24.47142857142857,238.45
2016-07-14,3,0,100,48,26,26,100,138.39000000000001,27.732857142857142,22.25857142857143,102.09
2016-07-15,4,0,101,47,26,28,101,124.44857142857143,25.198571428571427,22.408571428571427,128.05
2016-07-16,5,1,102,47,27,28,73,132.85285714285715,23.19142857142857,27.618571428571425,180.85
2016-07-17,6,1,103,46,28,29,73,131.3842857142857,23.19142857142857,31.341428571428573,187.98
2016-07-18,0,0,101,48,26,27,101,135.94,21.445714285714285,32.00714285714286,207.54
2016-07-19,1,0,102,48,24,30,102,127.85000000000001,17.732857142857142,34.43,187.9
2016-07-20,2,0,101,48,24,29,101,126.50857142857144,15.741428571428571,37.85642857142857,244.17
2016-07-21,3,0,101,49,20,32,101,131.16285714285715,19.754285714285714,40.80785714285714,192.62
2016-07-22,4,0,98,47,19,32,98,129.79142857142855,19.754285714285714,41.68071428571428,123.68
2016-07-23,5,1,98,47,21,30,72,123.57714285714285,19.982857142857142,38.335,115.53
2016-07-24,6,1,98,48,21,29,74,127.68999999999998,19.982857142857142,33.027857142857144,179.1
2016-07-25,0,0,98,49,20,29,98,124.24714285714286,21.414285714285715,36.07142857142857,243.57
2016-07-26,1,0,100,51,20,29,100,115.35000000000001,25.548571428571428,36.72857142857142,159.16
2016-07-27,2,0,102,51,20,31,102,101.37571428571428,25.184285714285714,31.650714285714287,99.08
2016-07-28,3,0,101,50,22,29,101,107.64428571428572,24.034285714285712,34.26,248.51
2016-07-29,4,0,100,48,22,30,100,105.67571428571428,28.748571428571427,38.79785714285715,183.51
2016-07-30,5,1,98,47,21,30,70,120.89142857142856,28.85571428571429,40.254999999999995,232.99
2016-07-31,6,1,99,48,22,29,75,114.53142857142858,28.85571428571429,43.04357142857143,160.25
2016-08-01,0,0,97,48,22,27,97,106.84714285714286,28.274285714285714,41.65428571428571,155.58
2016-08-02,1,0,97,48,22,27,97,108.39428571428572,26.662857142857142,41.01714285714286,154.25
2016-08-03,2,0,98,48,23,27,98,117.83,29.142857142857142,44.52428571428572,211.15000000000003
2016-08-04,3,0,99,49,23,27,99,127.56000000000002,28.97857142857143,43.113571428571426,303.8
2016-08-05,4,0,100,49,25,26,100,136.73285714285717,30.89107142857143,42.95857142857143,261.68
2016-08-06,5,1,100,47,27,26,73,125.24285714285715,36.93071428571428,39.69428571428572,199.97
2016-08-07,6,1,101,46,28,27,74,137.32857142857142,39.69785714285714,40.78285714285715,273.3
2016-08-08,0,0,101,46,28,27,101,138.5171428571429,45.474642857142854,41.01714285714286,255.63
2016-08-09,1,0,101,48,25,28,101,155.77285714285716,49.45285714285715,39.80571428571428,309.26
2016-08-10,2,0,100,47,25,28,100,159.05,49.36000000000001,41.37642857142857,254.3
2016-08-11,3,0,99,46,26,27,99,150.19,46.66142857142857,39.46785714285714,197.45
2016-08-12,4,0,98,45,25,28,98,155.83571428571432,40.43464285714286,38.824999999999996,246.03
2016-08-13,5,1,98,44,24,30,71,163.85999999999999,33.807857142857145,43.52214285714286,206.3
2016-08-14,6,1,98,45,25,28,74,148.70000000000002,31.04071428571429,41.396428571428565,122.87
2016-08-15,0,0,97,44,25,28,97,153.62428571428572,27.05535714285714,38.795,194.34
2016-08-16,1,0,97,43,26,28,97,138.19714285714286,20.428571428571427,41.43571428571429,157.55
2016-08-17,2,0,98,43,27,28,98,124.33285714285714,18.895714285714288,40.545,130.42000000000002
2016-08-18,3,0,97,42,27,28,97,124.85428571428572,19.62857142857143,41.88928571428572,227.72
2016-08-19,4,0,100,43,28,29,100,124.46571428571428,22.390000000000004,37.12642857142857,219.87
2016-08-20,5,1,100,43,28,29,72,120.32285714285715,22.390000000000004,33.917857142857144,152.05
2016-08-21,6,1,101,45,27,29,73,134.34857142857143,22.390000000000004,36.69214285714286,244.53
2016-08-22,0,0,100,45,26,29,100,136.99571428571429,19.74857142857143,35.620714285714286,183.72
2016-08-23,1,0,99,43,29,27,99,137.87571428571428,20.91142857142857,30.16142857142857,134.6
2016-08-24,2,0,99,45,26,28,99,139.52,20.057142857142857,30.66142857142857,130.42000000000002
2016-08-25,3,0,100,46,26,28,100,133.98428571428573,19.324285714285715,28.351428571428574,165.17000000000002
2016-08-26,4,0,100,45,27,28,100,128.43,16.162857142857145,29.47714285714286,171.73999999999998
2016-08-27,5,1,101,44,30,27,73,123.01,16.162857142857145,32.701428571428565,140.60000000000002
2016-08-28,6,1,103,43,32,28,77,123.63000000000001,16.162857142857145,31.87,243.04
2016-08-29,0,0,103,42,34,27,103,115.97571428571429,16.162857142857145,35.995714285714286,161.16
2016-08-30,1,0,103,42,32,29,103,111.07000000000001,15.0,37.534285714285716,100.7
2016-08-31,2,0,104,44,30,30,104,123.53571428571429,15.0,35.35857142857143,207.98
2016-09-01,3,0,104,44,31,29,104,136.18857142857144,15.0,36.09142857142857,252.63
2016-09-02,4,0,105,44,33,28,105,126.52714285714285,21.626785714285713,40.19428571428572,207.76
2016-09-03,5,1,105,47,31,27,80,155.95285714285714,21.708214285714284,37.27142857142858,333.91
2016-09-04,6,1,105,48,30,27,71,149.05714285714288,23.758214285714285,37.92142857142857,219.68
2016-09-05,0,0,103,48,28,27,103,168.92142857142858,25.365357142857142,33.48714285714286,281.44000000000005
2016-09-06,1,0,104,50,27,27,104,192.42000000000002,29.44107142857143,33.58571428571428,296.6
2016-09-07,2,0,103,49,27,27,103,206.08714285714288,33.60107142857142,30.59142857142857,312.74
2016-09-08,3,0,103,49,27,27,103,207.59857142857143,34.77107142857143,30.97714285714286,282.84
2016-09-09,4,0,103,51,25,27,103,222.95285714285714,30.275714285714287,27.37714285714286,234.46
2016-09-10,5,1,102,52,21,29,73,205.0957142857143,31.29571428571429,30.271428571428572,236.31
2016-09-11,6,1,100,51,20,29,69,221.8742857142857,30.145714285714284,26.050000000000004,299.53000000000003
2016-09-12,0,0,99,49,21,29,99,211.10142857142858,30.400000000000002,29.317142857142862,230.68
2016-09-13,1,0,100,48,23,29,100,208.99714285714282,29.595714285714283,31.165714285714284,289.18
2016-09-14,2,0,99,47,23,29,99,195.49428571428572,26.33571428571429,34.01857142857143,217.94
2016-09-15,3,0,99,48,21,30,99,199.33285714285714,31.7925,32.004285714285714,362.27
2016-09-16,4,0,100,49,20,31,100,199.05285714285716,34.352500000000006,30.375714285714285,235.46
2016-09-17,5,1,102,50,20,32,78,217.46,35.70392857142857,29.37142857142857,367.59
2016-09-18,6,1,100,51,19,30,73,196.65142857142857,34.80392857142857,32.25571428571429,162.29
2016-09-19,0,0,98,50,20,28,98,202.58571428571426,35.28107142857143,29.618571428571425,257.1
2016-09-20,1,0,98,50,21,27,98,203.54,35.38678571428572,27.42142857142857,281.22
2016-09-21,2,0,100,51,22,27,100,199.15571428571428,37.12392857142857,28.767142857142858,208.83
2016-09-22,3,0,100,52,21,27,100,190.92714285714285,30.630000000000003,31.032857142857143,246.61
2016-09-23,4,0,101,52,22,27,101,192.7785714285714,28.99857142857143,31.032857142857143,237.29
2016-09-24,5,1,102,52,23,27,76,193.59857142857143,27.351428571428574,27.295714285714286,344.72
2016-09-25,6,1,99,48,24,27,66,215.58285714285714,27.351428571428574,26.699999999999996,311.32
2016-09-26,0,0,98,47,24,27,98,229.39000000000001,25.012857142857143,28.05,418.35
2016-09-27,1,0,99,49,23,27,99,241.1257142857143,26.395714285714284,29.92571428571429,427.25
2016-09-28,2,0,100,48,26,26,100,265.2714285714286,23.75857142857143,31.287857142857145,507.72
2016-09-29,3,0,101,48,30,23,101,279.96285714285716,23.625714285714285,31.36357142857143,389.28
2016-09-30,4,0,102,50,29,23,102,275.78571428571433,20.565714285714282,33.652142857142856,205.21
2016-10-01,5,1,101,48,30,23,75,271.88142857142856,19.759999999999998,36.365,319.97
2016-10-02,6,1,100,48,29,23,75,276.0814285714286,19.78142857142857,39.51428571428572,495.46
2016-10-03,0,0,102,49,31,22,102,276.0814285714286,19.78142857142857,37.11,426.28
2016-10-04,1,0,101,51,29,21,101,276.0814285714286,16.371428571428574,35.47285714285714,369.91
2016-10-05,2,0,102,49,32,21,102,276.0814285714286,17.56,30.303571428571427,572.85
2016-10-06,3,0,101,49,31,21,101,275.53000000000003,17.56,28.156428571428567,326.24999999999994
2016-10-07,4,0,101,47,33,21,101,295.5442857142857,17.56,26.357857142857142,351.03000000000003
2016-10-08,5,1,104,50,33,21,71,292.3071428571428,17.56,25.90642857142857,287.54
2016-10-09,6,1,104,49,32,23,70,292.3071428571429,17.53857142857143,22.424285714285713,449.64
2016-10-10,0,0,105,49,32,24,105,281.5414285714286,17.53857142857143,22.424285714285713,238.06
2016-10-11,1,0,105,48,33,24,105,281.5414285714286,22.815357142857145,23.701428571428572,585.7
2016-10-12,2,0,105,47,35,23,105,281.5414285714286,27.71535714285714,26.53714285714286,416.14
2016-10-13,3,0,105,47,35,23,105,281.6685714285714,34.34214285714286,26.928571428571427,385.04
2016-10-14,4,0,105,47,34,24,105,277.68142857142857,40.96892857142858,29.048571428571428,377.4599999999999
2016-10-15,5,1,105,47,34,24,76,276.49142857142857,45.44035714285714,27.371428571428574,307.07
2016-10-16,6,1,103,47,33,23,78,276.49142857142857,45.44035714285714,28.57857142857143,510.18
2016-10-17,0,0,104,46,34,24,104,287.25714285714287,45.44035714285714,28.57857142857143,364.58
2016-10-18,1,0,103,45,34,24,103,285.85,40.979285714285716,25.672857142857143,334.22
2016-10-19,2,0,104,45,35,24,104,269.38142857142856,38.46642857142857,23.28857142857143,245.65
2016-10-20,3,0,105,45,35,25,105,269.80571428571426,31.839642857142856,22.322857142857146,383.07
2016-10-21,4,0,106,46,34,26,106,272.62285714285713,25.392857142857142,23.981428571428573,352.95
2016-10-22,5,1,105,46,32,27,74,258.95714285714286,20.92142857142857,26.525714285714287,193.96
2016-10-23,6,1,105,46,33,26,77,254.12142857142857,23.12,28.800714285714285,359.59
2016-10-24,0,0,105,44,35,26,105,248.54,23.12,28.800714285714285,277.14000000000004
2016-10-25,1,0,105,46,34,25,105,249.94714285714286,23.53142857142857,29.732142857142858,493.39
2016-10-26,2,0,106,46,35,25,106,252.70142857142858,22.572857142857142,28.889285714285712,247.9
2016-10-27,3,0,105,46,33,26,105,241.93142857142857,25.147142857142857,31.602142857142855,291.62
2016-10-28,4,0,105,46,33,26,105,234.73428571428573,26.924285714285713,30.399285714285714,306.59
2016-10-29,5,1,105,47,32,26,78,256.7314285714286,33.55107142857143,32.83142857142857,559.03
2016-10-30,6,1,104,49,29,26,72,261.56714285714287,31.3525,28.525000000000002,390.28
2016-10-31,0,0,103,48,30,25,103,267.13142857142856,31.955357142857142,28.525000000000002,332.53000000000003
2016-11-01,1,0,102,47,30,25,102,249.87142857142857,35.20392857142857,27.59357142857143,245.95
2016-11-02,2,0,102,48,28,26,102,261.79,32.58678571428572,28.42642857142857,311.32
2016-11-03,3,0,102,48,28,26,102,270.87,30.0125,25.71357142857143,307.94
2016-11-04,4,0,101,49,28,24,101,260.19,31.751071428571432,26.14785714285714,247.04
2016-11-05,5,1,104,51,28,25,72,241.58571428571426,26.65142857142857,23.944285714285712,233.96
2016-11-06,6,1,104,50,29,25,75,229.05285714285716,26.65142857142857,26.111428571428572,259.23
2016-11-07,0,0,103,49,30,24,103,220.72000000000003,27.957142857142856,27.387142857142855,293.84000000000003
2016-11-08,1,0,104,49,31,24,104,215.35714285714286,28.554285714285715,30.048571428571428,235.23
2016-11-09,2,0,104,50,30,24,104,199.43142857142857,34.25285714285714,29.215714285714288,242.09
2016-11-10,3,0,103,50,30,23,103,188.78571428571428,34.25285714285714,31.881428571428575,261.68
2016-11-11,4,0,101,47,32,22,101,196.9657142857143,31.18285714285714,32.85142857142857,289.6
2016-11-12,5,1,100,46,33,21,76,213.45142857142858,31.54285714285714,32.11,346.69
2016-11-13,6,1,98,45,32,21,73,225.28571428571428,31.54285714285714,30.155714285714286,322.98
2016-11-14,0,0,99,46,33,20,99,233.6357142857143,29.94,32.28285714285715,388.35
2016-11-15,1,0,101,50,31,20,101,242.71428571428572,30.14392857142857,30.5,304.28
2016-11-16,2,0,103,49,36,18,103,255.78285714285715,24.643928571428575,30.5,298.09
2016-11-17,3,0,104,50,34,20,104,265.7742857142857,24.64392857142857,28.634285714285713,304.19
2016-11-18,4,0,105,53,33,19,105,265.1828571428572,24.9325,24.164285714285715,245.94
2016-11-19,5,1,104,54,31,19,74,249.46714285714285,23.045357142857146,22.02285714285714,200.91
2016-11-20,6,1,104,54,32,18,70,224.08142857142857,23.045357142857146,21.955714285714286,151.32
2016-11-21,0,0,105,54,32,19,105,210.83285714285714,22.739642857142858,18.552857142857142,217.0
2016-11-22,1,0,105,53,34,18,105,204.79857142857142,16.11285714285714,17.674285714285713,186.1
2016-11-23,2,0,105,52,34,19,105,209.45142857142855,15.914285714285715,17.674285714285713,331.51
2016-11-24,3,0,105,52,34,19,105,197.22857142857143,15.914285714285715,19.58142857142857,236.94
2016-11-25,4,0,103,52,32,19,103,186.13714285714283,21.10571428571429,21.395714285714288,227.59
2016-11-26,5,1,103,52,32,19,75,186.8657142857143,22.395714285714284,20.921428571428574,217.6
2016-11-27,6,1,105,53,31,21,78,212.95,22.395714285714284,22.801428571428573,368.52
2016-11-28,0,0,105,55,29,21,105,206.61285714285714,22.395714285714284,23.322857142857142,195.35
2016-11-29,1,0,105,54,27,24,105,226.19142857142856,22.475714285714282,25.09142857142857,364.9
2016-11-30,2,0,103,53,26,24,103,207.62714285714287,25.525714285714287,25.321428571428573,223.01
2016-12-01,3,0,102,52,30,20,102,222.1942857142857,26.924285714285713,23.071428571428573,425.88
2016-12-02,4,0,104,51,33,20,104,244.31571428571428,24.450000000000006,22.552857142857142,361.49
2016-12-03,5,1,105,53,32,20,79,251.02857142857144,23.16,22.552857142857142,244.52
2016-12-04,6,1,104,53,33,18,72,251.02857142857144,23.16,20.72,363.63
2016-12-05,0,0,104,52,34,18,104,250.65571428571428,23.639999999999997,22.875714285714285,212.39
2016-12-06,1,0,105,55,32,18,105,235.42000000000002,23.560000000000002,21.974285714285713,223.69
2016-12-07,2,0,103,55,29,19,103,253.98428571428573,21.571428571428573,21.91857142857143,359.99
2016-12-08,3,0,102,54,29,19,102,245.89142857142858,21.594285714285714,22.28142857142857,289.04
2016-12-09,4,0,103,57,27,19,103,237.85857142857142,17.962857142857143,21.914285714285715,266.98
2016-12-10,5,1,103,57,27,19,69,235.0171428571429,17.962857142857143,23.697142857142858,237.12
2016-12-11,6,1,102,55,29,18,66,231.42428571428573,18.275714285714287,22.25,304.68
2016-12-12,0,0,103,56,29,18,103,251.38285714285715,24.422500000000003,19.572857142857142,397.21
2016-12-13,1,0,104,56,29,19,104,266.61857142857144,24.422500000000003,18.705714285714286,306.38
2016-12-14,2,0,103,55,29,19,103,255.6657142857143,29.40107142857143,19.43857142857143,301.96000000000004
2016-12-15,3,0,102,54,30,18,102,243.17000000000002,28.67107142857143,21.447142857142858,210.52
2016-12-16,4,0,102,54,30,18,102,247.34428571428572,29.51107142857143,22.06142857142857,316.67
2016-12-17,5,1,102,55,28,19,71,258.22285714285715,30.809642857142858,21.447142857142858,330.78
2016-12-18,6,1,106,58,30,18,68,258.41,33.0725,21.447142857142858,315.27000000000004
2016-12-19,0,0,105,57,30,18,105,217.6957142857143,26.445714285714285,21.447142857142858,0.52
2016-12-20,1,0,104,55,30,19,104,217.6957142857143,29.137142857142855,22.732857142857142,377.59
2016-12-21,2,0,104,54,30,20,104,222.66428571428568,23.09714285714286,21.82571428571428,276.31
2016-12-22,3,0,105,55,30,20,105,238.88000000000002,22.405714285714282,19.375714285714285,289.77
2016-12-23,4,0,104,56,29,19,104,232.0442857142857,21.779999999999998,18.465714285714284,258.07
2016-12-24,5,1,105,52,33,20,80,234.4,20.481428571428573,18.722857142857144,478.36
2016-12-25,6,1,105,52,32,21,73,237.80571428571426,17.905714285714286,18.722857142857144,400.41
2016-12-26,0,0,104,52,31,21,104,278.52,18.392857142857142,22.774285714285714,472.89
2016-12-27,1,0,105,53,31,21,105,278.52,16.93857142857143,22.804285714285715,429.74
2016-12-28,2,0,104,51,32,21,104,284.5042857142857,17.85571428571429,23.164285714285715,434.79
2016-12-29,3,0,102,48,34,20,102,288.8771428571428,17.85571428571429,26.898571428571426,609.7399999999999
2016-12-30,4,0,104,49,36,19,104,300.0,21.54714285714286,27.19714285714286,1184.1799999999998
2016-12-31,5,1,102,47,35,20,75,300.0,22.45714285714286,28.33142857142857,600.03
2017-01-01,6,1,103,47,36,20,69,274.2614285714286,23.75,28.33142857142857,158.04999999999998
2017-01-02,0,0,102,45,39,18,102,262.55428571428575,23.262857142857143,24.28,220.15000000000003
2017-01-03,1,0,102,45,39,18,102,262.55428571428575,23.907142857142862,24.035714285714285,507.0
2017-01-04,2,0,102,46,37,19,102,262.55428571428575,25.518571428571427,25.22,446.5
2017-01-05,3,0,101,46,37,18,101,262.55428571428575,29.89428571428571,22.917142857142856,494.93
2017-01-06,4,0,102,44,40,18,102,262.55428571428575,28.914285714285715,22.029999999999998,495.08
2017-01-07,5,1,102,46,37,19,71,243.52714285714288,29.23428571428571,19.47,202.1
2017-01-08,6,1,100,44,38,18,77,245.72571428571428,29.804285714285715,20.165714285714284,183.13
2017-01-09,0,0,102,45,38,19,102,257.43285714285713,32.00857142857143,20.165714285714284,426.38
2017-01-10,1,0,104,47,38,19,104,257.43285714285713,36.75392857142857,20.475714285714286,478.34
2017-01-11,2,0,103,47,37,19,103,257.43285714285713,40.85214285714286,21.752857142857145,447.47
2017-01-12,3,0,101,45,37,19,101,257.43285714285713,40.56214285714286,22.439999999999998,521.84
2017-01-13,4,0,101,45,35,21,101,257.43285714285713,44.263214285714284,24.214285714285715,455.68000000000006
2017-01-14,5,1,100,44,34,22,75,267.7014285714286,47.70607142857143,25.818571428571428,312.63
2017-01-15,6,1,100,44,34,22,75,276.14714285714285,49.98892857142857,28.06,273.92
2017-01-16,0,0,101,46,29,26,101,276.14714285714285,51.227500000000006,30.754285714285714,504.03
2017-01-17,1,0,101,45,30,26,101,276.14714285714285,48.43785714285715,32.60142857142857,401.79
2017-01-18,2,0,101,47,28,26,101,276.14714285714285,47.03821428571428,32.54571428571428,394.80000000000007
2017-01-19,3,0,101,50,25,26,101,269.94571428571425,47.45678571428572,31.635714285714283,329.23
2017-01-20,4,0,103,51,25,27,103,264.31142857142856,47.45678571428572,30.46,349.25
2017-01-21,5,1,104,53,24,27,77,267.0785714285714,46.39392857142857,31.071428571428573,328.84
2017-01-22,6,1,104,52,24,28,78,267.2742857142857,47.2625,29.527142857142856,270.56
2017-01-23,0,0,103,50,24,29,103,265.44,48.55535714285714,28.967142857142854,365.25
2017-01-24,1,0,103,49,25,29,103,262.4657142857143,47.37392857142857,28.64428571428571,348.11
2017-01-25,2,0,104,51,24,29,104,262.4657142857143,47.846785714285716,30.199999999999996,457.24
2017-01-26,3,0,103,50,24,29,103,262.22285714285715,47.29821428571428,31.275714285714287,331.22
2017-01-27,4,0,101,47,26,28,101,266.1928571428571,47.29821428571428,34.681428571428576,396.7900000000001
2017-01-28,5,1,103,48,27,28,79,253.78285714285715,45.346785714285716,34.940000000000005,230.12
2017-01-29,6,1,103,48,27,28,80,267.1942857142857,45.04964285714285,35.54428571428572,366.59
2017-01-30,0,0,105,51,28,26,105,261.94,45.359642857142866,37.19571428571429,342.2
2017-01-31,1,0,105,49,29,27,105,264.9142857142857,46.68535714285714,35.56,398.16
2017-02-01,2,0,104,48,30,26,104,253.6142857142857,43.591071428571425,34.48285714285715,291.85
2017-02-02,3,0,103,47,30,26,103,258.5228571428571,41.5225,35.73285714285714,359.85
2017-02-03,4,0,104,48,28,28,104,259.9414285714286,39.83142857142857,35.542857142857144,389.84
2017-02-04,5,1,104,48,28,28,73,254.6457142857143,40.84142857142857,37.05571428571428,210.71
2017-02-05,6,1,102,46,28,28,70,239.01428571428573,36.12428571428571,40.61928571428571,242.41
2017-02-06,0,0,100,45,26,29,100,215.99142857142857,31.07857142857143,42.394285714285715,156.16
2017-02-07,1,0,99,44,26,29,99,185.86714285714285,27.09714285714286,41.48857142857143,115.56
2017-02-08,2,0,100,44,27,29,100,188.5914285714286,25.33285714285714,43.805,323.66
2017-02-09,3,0,102,46,26,30,102,166.90714285714284,24.437142857142856,41.245,183.87
2017-02-10,4,0,102,45,26,31,102,146.66714285714286,19.78,38.79785714285714,198.43
2017-02-11,5,1,100,43,26,31,71,136.3942857142857,19.752857142857142,37.38642857142857,128.73000000000002
2017-02-12,6,1,98,41,26,31,73,129.82714285714286,19.752857142857142,37.38642857142857,207.47
2017-02-13,0,0,98,44,25,29,98,119.2242857142857,19.752857142857142,31.82571428571428,3.19
2017-02-14,1,0,99,44,24,31,99,127.18999999999998,19.752857142857142,33.029999999999994,172.23
2017-02-15,2,0,101,44,26,31,101,111.16999999999999,18.91142857142857,30.57928571428571,167.49
2017-02-16,3,0,105,48,26,31,105,123.03857142857143,17.919999999999998,30.32928571428571,248.11
2017-02-17,4,0,105,51,24,30,105,112.69571428571429,17.641428571428573,29.15357142857143,114.64
2017-02-18,5,1,104,51,23,30,75,125.25714285714285,16.61285714285714,30.357857142857142,217.89
2017-02-19,6,1,102,52,21,29,69,114.4742857142857,16.61285714285714,25.63714285714286,80.86
2017-02-20,0,0,100,50,20,30,100,144.16571428571427,16.61285714285714,27.648571428571426,257.45
2017-02-21,1,0,102,50,21,31,102,146.00714285714287,20.3,28.34,229.41
2017-02-22,2,0,102,50,21,31,102,148.4157142857143,22.25714285714286,26.382857142857144,196.46
2017-02-23,3,0,102,50,22,30,102,139.97714285714287,22.524285714285718,28.731428571428573,217.5
2017-02-24,4,0,104,52,22,30,104,157.60999999999999,24.602857142857143,28.495714285714282,243.45
2017-02-25,5,1,104,48,25,31,72,152.61999999999998,23.832857142857144,27.774285714285718,172.51999999999998
2017-02-26,6,1,108,49,27,32,82,156.88857142857142,23.832857142857144,29.70142857142857,131.14
2017-02-27,0,0,107,47,30,30,107,141.35999999999999,28.587142857142858,30.388571428571428,196.31
2017-02-28,1,0,107,47,31,29,107,145.39714285714285,27.084285714285716,30.357142857142858,246.93
2017-03-01,2,0,107,50,27,30,107,139.80428571428573,30.858571428571427,30.592857142857138,185.38
2017-03-02,3,0,106,49,28,29,106,130.1185714285714,30.59142857142857,29.00857142857143,125.12
2017-03-03,4,0,105,49,28,28,105,113.28142857142858,30.451428571428572,34.05571428571429,168.67000000000002
2017-03-04,5,1,103,46,29,28,75,108.85285714285713,29.608571428571427,32.73285714285714,112.56
2017-03-05,6,1,103,46,29,28,79,120.97285714285715,29.608571428571427,35.526428571428575,250.81
2017-03-06,0,0,101,46,28,27,101,123.80428571428573,24.854285714285712,35.97071428571429,175.39
2017-03-07,1,0,101,46,26,29,101,111.9542857142857,22.669999999999998,33.74214285714286,129.44
2017-03-08,2,0,101,46,27,28,101,111.89428571428572,16.93857142857143,32.35357142857143,123.41
2017-03-09,3,0,101,44,29,28,101,124.91857142857143,17.391428571428573,36.04714285714285,265.81
2017-03-10,4,0,101,45,27,29,101,137.01,17.32,31.0,213.13
2017-03-11,5,1,101,43,29,29,74,139.45285714285714,17.32,32.30857142857143,142.19
2017-03-12,6,1,100,41,27,32,73,147.79571428571427,17.88571428571429,31.477857142857143,298.91
2017-03-13,0,0,102,41,30,31,102,146.04999999999998,17.88571428571429,28.335,144.23
2017-03-14,1,0,101,40,30,31,101,146.05,18.38571428571429,28.61642857142857,138.56
2017-03-15,2,0,101,41,29,31,101,145.43428571428572,18.38571428571429,29.634999999999998,136.20000000000002
2017-03-16,3,0,101,40,29,32,101,146.46142857142857,17.93285714285714,27.294285714285714,242.63
2017-03-17,4,0,102,41,30,31,102,131.69714285714286,20.648571428571426,28.98142857142857,144.95
2017-03-18,5,1,102,44,27,31,77,132.25142857142856,20.648571428571426,28.14428571428572,144.42
2017-03-19,6,1,103,44,28,31,79,129.2157142857143,20.08285714285714,28.974999999999998,280.89
2017-03-20,0,0,105,45,29,31,105,127.96142857142857,20.08285714285714,28.974999999999998,132.81
2017-03-21,1,0,105,44,30,31,105,125.4857142857143,19.627142857142854,34.254285714285714,158.08
2017-03-22,2,0,103,43,30,30,103,127.34,20.744285714285713,33.23571428571429,146.49
2017-03-23,3,0,103,42,33,28,103,113.00857142857141,22.77857142857143,33.87714285714286,162.98
2017-03-24,4,0,105,40,37,28,105,115.34285714285716,19.87,32.190000000000005,123.68
2017-03-25,5,1,105,42,35,28,75,124.72285714285714,19.87,35.543571428571425,236.06
2017-03-26,6,1,105,41,36,28,80,108.76571428571428,19.87,32.04142857142857,141.95000000000002
2017-03-27,0,0,103,39,36,28,103,107.17571428571429,20.44142857142857,33.722857142857144,147.6
2017-03-28,1,0,102,38,36,28,102,117.13857142857144,25.66857142857143,28.162142857142857,222.28
2017-03-29,2,0,105,41,36,28,105,113.80142857142857,24.551428571428573,31.257857142857144,137.67000000000002
2017-03-30,3,0,104,41,36,27,104,110.2757142857143,25.004285714285714,27.39642857142857,106.05
2017-03-31,4,0,103,41,36,26,103,119.58571428571427,23.330000000000002,28.253571428571426,180.52
2017-04-01,5,1,104,41,36,27,79,120.78285714285714,23.330000000000002,22.692857142857147,198.39
2017-04-02,6,1,103,42,35,26,75,123.15142857142857,23.330000000000002,23.534285714285716,163.52999999999997
2017-04-03,0,0,101,41,35,25,101,133.26000000000002,24.224285714285713,24.16,229.0
2017-04-04,1,0,102,43,34,25,102,119.11142857142856,18.95285714285714,24.16,65.13
2017-04-05,2,0,100,42,33,25,100,119.42428571428572,21.195714285714285,22.475714285714282,148.20000000000002
2017-04-06,3,0,101,43,33,25,101,120.15428571428572,18.708571428571428,23.979999999999997,110.78
2017-04-07,4,0,103,45,34,24,103,114.13428571428571,18.881428571428575,23.424285714285713,143.75
2017-04-08,5,1,103,45,34,24,73,104.59285714285716,18.881428571428575,26.32571428571428,157.1
2017-04-09,6,1,105,44,36,25,74,104.00285714285714,18.881428571428575,24.694285714285716,145.58
2017-04-10,0,0,104,43,36,25,104,106.67,17.415714285714284,26.400000000000002,236.74
2017-04-11,1,0,105,44,36,25,105,115.43428571428572,17.702857142857145,27.101428571428574,154.73
2017-04-12,2,0,106,45,35,26,106,113.34714285714287,18.247142857142855,31.250714285714285,174.23000000000002
2017-04-13,3,0,105,44,35,26,105,133.52714285714288,18.247142857142855,31.21357142857143,242.76
2017-04-14,4,0,104,45,34,25,104,130.45000000000002,18.074285714285715,34.075,135.2
2017-04-15,5,1,102,43,34,25,75,133.91,18.074285714285715,36.73428571428571,199.3
2017-04-16,6,1,102,43,34,25,72,120.14714285714287,18.074285714285715,35.465714285714284,0.07
2017-04-17,0,0,103,42,37,24,103,111.02714285714285,18.074285714285715,32.02428571428572,150.62
2017-04-18,1,0,102,41,38,23,102,109.14857142857144,19.40285714285714,33.90571428571428,164.05
2017-04-19,2,0,102,41,37,24,102,111.39428571428572,16.615714285714287,28.345,104.84
2017-04-20,3,0,100,37,40,23,100,90.27999999999999,19.635714285714283,27.83642857142857,123.45
2017-04-21,4,0,102,37,41,24,102,106.18142857142857,19.635714285714283,24.979285714285712,228.63
2017-04-22,5,1,102,36,41,25,73,99.89,20.65857142857143,19.41857142857143,127.45
2017-04-23,6,1,103,35,42,26,80,117.25999999999999,22.04,23.939999999999998,207.91
2017-04-24,0,0,102,36,40,26,102,112.16,24.81857142857143,28.038571428571426,173.86
2017-04-25,1,0,101,35,39,27,101,120.05571428571429,23.202857142857145,29.502857142857145,215.35
2017-04-26,2,0,101,38,38,25,101,116.70428571428572,23.202857142857145,29.502857142857142,95.0
2017-04-27,3,0,101,40,36,25,101,117.71142857142857,22.83857142857143,28.76571428571429,122.79
2017-04-28,4,0,101,42,33,26,101,104.03999999999999,22.83857142857143,28.815714285714282,129.97
2017-04-29,5,1,100,41,33,26,77,101.85571428571428,21.815714285714286,30.377142857142854,112.76
2017-04-30,6,1,100,42,33,25,73,94.96857142857144,20.434285714285714,25.85571428571429,98.21
2017-05-01,0,0,103,42,35,26,103,84.00857142857144,17.655714285714286,21.185714285714287,12.37
2017-05-02,1,0,104,43,35,26,104,83.88142857142857,17.84857142857143,17.138571428571428,186.36
2017-05-03,2,0,103,40,36,27,103,91.63857142857144,18.81857142857143,17.138571428571428,153.95
2017-05-04,3,0,104,39,39,26,104,92.47142857142856,16.265714285714285,19.108571428571427,124.54
2017-05-05,4,0,102,40,37,25,102,84.19000000000001,17.91,18.752857142857142,84.45
2017-05-06,5,1,105,43,38,24,76,83.47571428571428,17.91,19.99857142857143,118.32
2017-05-07,6,1,105,43,38,24,77,83.6742857142857,17.91,22.15,128.67999999999998
2017-05-08,0,0,105,43,39,23,105,89.27714285714285,19.724285714285713,22.15,92.72
2017-05-09,1,0,105,44,39,22,105,77.87428571428572,19.56857142857143,24.635714285714283,126.88
2017-05-10,2,0,105,44,38,23,105,75.14,18.59857142857143,28.069999999999997,157.43
2017-05-11,3,0,104,45,37,22,104,79.61428571428571,19.414285714285715,27.505714285714284,157.62
2017-05-12,4,0,103,47,34,22,103,89.22571428571429,17.77,28.425714285714285,146.11
2017-05-13,5,1,104,50,32,22,76,87.09285714285714,17.77,26.564285714285713,91.6
2017-05-14,6,1,104,49,32,23,74,96.57857142857142,18.075714285714287,25.421428571428574,195.37
2017-05-15,0,0,104,50,31,23,104,105.88285714285713,16.26142857142857,26.874285714285715,146.28
2017-05-16,1,0,103,48,33,22,103,110.4,16.224285714285717,24.388571428571428,128.03
2017-05-17,2,0,103,47,32,24,103,104.19714285714285,16.470000000000002,23.20714285714286,109.5
2017-05-18,3,0,103,46,34,23,103,116.4557142857143,15.551428571428572,21.580000000000002,224.13
2017-05-19,4,0,102,45,34,23,102,131.10285714285715,18.298571428571428,21.39428571428571,270.71
2017-05-20,5,1,104,45,37,22,78,135.46571428571428,18.298571428571428,20.764285714285712,119.45
2017-05-21,6,1,103,42,39,22,77,137.49571428571429,18.134285714285713,21.41714285714286,213.0
2017-05-22,0,0,104,44,38,22,104,142.55714285714285,18.327142857142857,20.98,193.24
2017-05-23,1,0,103,45,35,23,103,137.74285714285713,20.335714285714285,20.98,119.95
2017-05-24,2,0,104,47,34,23,104,143.0,21.922857142857143,20.889999999999997,156.78
2017-05-25,3,0,104,45,36,23,104,132.62285714285716,21.922857142857143,22.395714285714284,158.34
2017-05-26,4,0,104,45,36,23,104,130.3242857142857,19.17571428571429,21.66142857142857,224.19
2017-05-27,5,1,105,45,37,23,77,134.81714285714287,19.22714285714286,23.86285714285714,167.37
2017-05-28,6,1,105,46,38,21,80,119.0442857142857,19.085714285714285,22.201428571428572,75.82
2017-05-29,0,0,105,44,39,22,105,125.16285714285716,19.104285714285716,21.185714285714283,228.21
2017-05-30,1,0,105,43,39,23,105,139.01000000000002,17.095714285714287,24.285714285714285,218.92
2017-05-31,2,0,105,43,36,26,105,136.48857142857142,16.087142857142858,22.868571428571425,122.15
2017-06-01,3,0,105,45,35,25,105,140.44857142857143,18.724285714285713,21.362857142857145,191.63
2017-06-02,4,0,103,43,36,24,103,129.25714285714287,20.93857142857143,21.362857142857145,164.4
2017-06-03,5,1,103,43,35,25,76,119.27714285714285,20.887142857142855,20.28142857142857,84.76
2017-06-04,6,1,102,41,37,24,77,127.76428571428572,20.887142857142855,22.89428571428571,161.63
2017-06-05,0,0,103,42,37,24,103,109.24857142857142,21.005714285714284,23.05857142857143,101.46
2017-06-06,1,0,104,42,39,23,104,102.29714285714284,21.005714285714284,19.958571428571428,140.87
2017-06-07,2,0,103,41,39,23,103,111.10285714285715,24.72714285714286,20.577142857142857,214.17
2017-06-08,3,0,102,38,39,25,102,109.59857142857142,22.09,21.904285714285717,178.92999999999998
2017-06-09,4,0,102,38,39,25,102,101.98714285714286,19.875714285714285,21.904285714285717,81.77
2017-06-10,5,1,102,37,39,26,81,105.99714285714286,19.875714285714285,24.985714285714284,130.14
2017-06-11,6,1,102,37,39,26,73,108.81857142857143,21.534285714285716,24.15857142857143,193.24
2017-06-12,0,0,101,37,38,26,101,112.31142857142858,21.204285714285714,25.104285714285712,126.56
2017-06-13,1,0,101,36,39,26,101,102.71857142857142,23.74142857142857,25.298571428571428,107.38
2017-06-14,2,0,101,36,39,26,101,90.80285714285715,20.114285714285717,23.934285714285718,87.5
2017-06-15,3,0,103,38,39,26,103,85.38571428571429,23.37,22.607142857142858,154.94
2017-06-16,4,0,102,37,38,27,102,87.61142857142856,24.487142857142857,23.56714285714286,128.75
2017-06-17,5,1,102,37,37,28,81,85.43142857142857,24.487142857142857,19.05,88.18
2017-06-18,6,1,102,37,38,27,74,84.27,22.82857142857143,18.17142857142857,157.46
2017-06-19,0,0,103,38,39,26,103,89.06142857142856,22.82857142857143,17.06142857142857,137.23
2017-06-20,1,0,102,38,38,26,102,92.27,20.557142857142853,21.65857142857143,146.12
2017-06-21,2,0,105,39,38,28,105,104.78999999999999,19.638571428571428,22.599999999999998,181.87
2017-06-22,3,0,105,40,36,29,105,96.82000000000001,16.434285714285714,22.599999999999998,67.61
2017-06-23,4,0,105,40,37,28,105,100.10571428571428,15.85142857142857,21.639999999999997,131.78
2017-06-24,5,1,105,40,37,28,80,116.10571428571428,17.365714285714287,23.495714285714286,227.93
2017-06-25,6,1,103,40,34,29,78,113.79285714285713,17.365714285714287,25.754285714285714,166.38
2017-06-26,0,0,102,41,32,29,102,105.49285714285715,20.642857142857142,29.91714285714286,149.97
2017-06-27,1,0,101,39,33,29,101,107.01,22.83285714285714,26.18857142857143,145.97
2017-06-28,2,0,101,37,35,29,101,103.77999999999999,24.392857142857142,26.47857142857143,173.96
2017-06-29,3,0,102,40,33,29,102,113.20428571428572,24.34142857142857,27.69,141.2
2017-06-30,4,0,101,39,34,28,101,115.02428571428571,23.807142857142857,30.834285714285716,163.94
2017-07-01,5,1,101,40,33,28,76,97.45857142857142,22.692857142857147,29.494285714285713,87.79
2017-07-02,6,1,102,41,32,29,74,87.01857142857143,23.505714285714287,28.325714285714287,91.4
2017-07-03,0,0,102,41,31,30,102,84.86285714285714,23.31857142857143,25.154285714285713,111.37
2017-07-04,1,0,103,43,29,31,103,89.72571428571428,22.24142857142857,29.652142857142856,215.25
2017-07-05,2,0,103,41,30,32,103,87.9057142857143,27.308214285714286,30.360714285714284,209.69
2017-07-06,3,0,105,43,30,32,105,92.6842857142857,27.30821428571429,30.972142857142853,184.61
2017-07-07,4,0,105,42,33,30,105,93.02714285714285,28.288214285714286,29.985000000000003,174.30999999999997
2017-07-08,5,1,104,43,32,29,79,97.45142857142856,31.25107142857143,31.45214285714286,149.76999999999998
2017-07-09,6,1,104,43,33,28,77,102.56142857142856,30.438214285714285,29.455000000000002,103.09
2017-07-10,0,0,105,44,33,28,105,106.63857142857144,27.781071428571433,28.46357142857143,110.42
2017-07-11,1,0,104,43,34,27,104,107.10857142857142,26.4025,23.118571428571425,151.80999999999997
2017-07-12,2,0,102,43,33,26,102,106.09714285714286,23.21142857142857,21.178571428571427,154.51999999999998
2017-07-13,3,0,102,43,32,27,102,94.4142857142857,23.21142857142857,19.84,97.31
2017-07-14,4,0,101,44,31,26,101,92.17,23.835714285714285,17.68285714285714,145.01
2017-07-15,5,1,101,44,32,25,72,94.66999999999999,20.472857142857144,16.022857142857145,125.75
2017-07-16,6,1,102,43,33,26,80,97.7942857142857,21.23,21.583571428571425,178.51
2017-07-17,0,0,102,44,32,26,102,101.99428571428571,21.48142857142857,26.10214285714286,177.16
2017-07-18,1,0,104,47,31,26,104,97.35000000000001,22.895714285714288,30.96071428571429,171.58
2017-07-19,2,0,104,48,30,26,104,103.14428571428572,19.845714285714283,33.49785714285714,195.62
2017-07-20,3,0,103,47,30,26,103,111.43714285714286,22.609999999999996,34.50214285714286,181.91000000000005
2017-07-21,4,0,104,47,31,26,104,110.02714285714285,21.005714285714287,34.50214285714286,124.39
2017-07-22,5,1,103,47,31,25,78,112.3157142857143,21.005714285714287,34.246428571428574,140.15
2017-07-23,6,1,102,47,29,26,77,107.07142857142857,20.24857142857143,31.25857142857143,106.1
2017-07-24,0,0,102,48,29,25,102,106.00428571428571,20.172857142857143,27.295714285714286,141.42000000000002
2017-07-25,1,0,100,48,27,25,100,105.85857142857142,18.75857142857143,24.525714285714287,139.9
2017-07-26,2,0,101,49,27,25,101,99.80571428571429,20.91,22.199999999999996,152.03
2017-07-27,3,0,102,47,30,25,102,94.59,19.50714285714286,22.12857142857143,135.07999999999998
2017-07-28,4,0,102,47,30,25,102,97.35285714285715,21.667142857142856,22.787142857142857,165.83999999999995
2017-07-29,5,1,102,45,32,25,72,90.88,21.667142857142856,22.720000000000002,89.75
2017-07-30,6,1,102,46,31,25,78,91.77142857142859,23.837142857142858,20.84142857142857,118.95
2017-07-31,0,0,99,42,31,26,99,97.21142857142857,25.004285714285714,23.595714285714287,206.95
2017-08-01,1,0,101,45,31,25,101,98.66428571428571,25.004285714285714,24.252857142857145,150.02
2017-08-02,2,0,101,44,32,25,101,108.52,22.467142857142854,26.072857142857146,207.18
2017-08-03,3,0,102,43,33,26,102,105.95714285714287,22.701428571428576,27.197142857142858,126.65
2017-08-04,4,0,104,43,36,25,104,103.99857142857142,23.83571428571429,29.975714285714282,179.52
2017-08-05,5,1,102,43,34,25,75,103.26428571428572,23.83571428571429,31.175714285714285,95.25
2017-08-06,6,1,101,42,34,25,74,102.89428571428573,22.094285714285718,30.481428571428573,93.72
2017-08-07,0,0,102,42,36,24,102,98.70857142857143,22.470000000000002,27.17142857142857,147.45
2017-08-08,1,0,103,41,37,25,103,94.48,24.245714285714286,26.47,133.95999999999998
2017-08-09,2,0,103,40,38,25,103,82.79142857142857,30.072857142857142,24.43857142857143,157.31
2017-08-10,3,0,104,41,37,26,104,82.12142857142858,35.10392857142857,21.897142857142857,129.9
2017-08-11,4,0,105,43,36,26,105,75.56857142857143,32.72821428571429,19.464285714285715,99.99
2017-08-12,5,1,105,44,34,27,77,82.99000000000001,32.72821428571429,18.264285714285712,145.62
2017-08-13,6,1,105,45,33,27,74,90.23571428571428,32.29964285714286,18.994285714285713,151.32
2017-08-14,0,0,105,46,33,26,105,87.49571428571429,30.148214285714285,24.555,165.07
2017-08-15,1,0,104,46,32,26,104,111.07142857142857,31.459642857142857,22.294999999999998,289.38
2017-08-16,2,0,104,45,35,24,104,108.97000000000001,29.666785714285716,23.802142857142858,144.04000000000002
2017-08-17,3,0,104,45,36,23,104,111.96142857142857,24.551428571428573,25.11785714285714,133.73
2017-08-18,4,0,105,47,34,24,105,118.6257142857143,23.632857142857144,24.113571428571426,128.60000000000002
2017-08-19,5,1,102,44,32,26,74,113.39857142857143,25.705714285714286,25.685,136.29000000000002
2017-08-20,6,1,103,44,33,26,77,107.56142857142856,26.34,25.797857142857143,116.51
2017-08-21,0,0,102,45,31,26,102,113.16714285714286,26.34,24.982857142857142,193.08
2017-08-22,1,0,104,46,33,25,104,100.78857142857143,23.252857142857145,27.18285714285714,194.13
2017-08-23,2,0,103,45,32,26,103,131.3557142857143,20.990000000000002,25.9,333.19
2017-08-24,3,0,103,42,34,27,103,145.4114285714286,23.8,28.59714285714286,270.67
2017-08-25,4,0,103,41,35,27,103,150.45142857142858,30.23857142857143,31.141428571428573,231.34
2017-08-26,5,1,102,41,34,27,75,152.70428571428573,30.705714285714286,31.242857142857144,156.04
2017-08-27,6,1,103,40,36,27,75,157.4557142857143,30.555714285714288,30.607142857142858,144.27
2017-08-28,0,0,102,40,33,29,102,154.29571428571427,34.582857142857144,30.301428571428573,199.26
2017-08-29,1,0,103,40,34,29,103,148.78142857142856,35.097142857142856,31.74142857142857,174.57
2017-08-30,2,0,102,38,33,31,102,124.58428571428571,33.37,36.14714285714286,182.56
2017-08-31,3,0,102,41,32,29,102,115.22714285714285,29.048571428571428,37.695,226.39
2017-09-01,4,0,103,40,34,29,103,115.6,24.525714285714283,35.85071428571428,189.38
2017-09-02,5,1,100,39,31,30,76,114.87285714285714,23.594285714285714,37.39928571428571,155.26999999999998
2017-09-03,6,1,101,40,32,29,75,112.14571428571428,24.157142857142855,40.513571428571424,150.92000000000002
2017-09-04,0,0,102,43,30,29,102,119.71142857142857,21.514285714285712,39.353571428571435,225.6
2017-09-05,1,0,100,41,29,30,100,121.82428571428571,22.075714285714287,38.78928571428571,189.34
2017-09-06,2,0,101,41,29,31,101,135.56857142857143,22.76571428571429,35.765,262.43
2017-09-07,3,0,101,39,28,34,101,135.92857142857142,22.76571428571429,30.945714285714285,147.41
2017-09-08,4,0,102,39,29,34,102,149.15,22.800000000000004,35.80642857142857,321.17999999999995
2017-09-09,5,1,103,39,30,34,78,151.4085714285714,22.327142857142857,36.29642857142857,171.2
2017-09-10,6,1,103,40,29,34,81,166.15142857142857,22.40285714285714,34.14357142857143,239.58
2017-09-11,0,0,103,40,30,33,103,154.79714285714286,26.92428571428572,30.86357142857143,152.52
2017-09-12,1,0,103,40,30,33,103,154.5514285714286,26.782857142857146,27.787857142857142,157.1
2017-09-13,2,0,105,40,32,33,105,148.97571428571428,32.31285714285714,27.71357142857143,261.59000000000003
2017-09-14,3,0,105,40,32,33,105,154.2357142857143,33.34428571428571,29.512142857142855,211.17
2017-09-15,4,0,104,39,34,31,104,136.47857142857143,35.51142857142857,24.432857142857138,171.51
2017-09-16,5,1,104,38,36,30,76,140.6157142857143,37.652857142857144,24.594285714285714,216.28
2017-09-17,6,1,104,38,36,30,78,136.32,37.537142857142854,25.411428571428576,214.42
2017-09-18,0,0,104,38,35,31,104,151.1157142857143,33.137142857142855,30.972142857142853,266.93
2017-09-19,1,0,107,40,36,31,107,175.60714285714286,33.12,31.86357142857143,353.40000000000003
2017-09-20,2,0,105,41,34,30,105,185.46142857142857,27.898571428571426,30.332142857142856,280.06
2017-09-21,3,0,104,43,33,28,104,182.45142857142855,28.571428571428573,31.45642857142857,202.68
2017-09-22,4,0,103,42,33,28,103,193.74571428571429,24.454285714285714,32.55357142857143,221.77
2017-09-23,5,1,105,42,33,30,74,184.5842857142857,24.73714285714286,34.24142857142857,171.85
2017-09-24,6,1,103,43,30,30,77,199.47714285714284,24.965714285714284,33.199999999999996,312.98
2017-09-25,0,0,103,44,31,28,103,211.00428571428571,24.65285714285714,27.639285714285712,296.47
2017-09-26,1,0,101,43,33,25,101,205.6342857142857,23.735714285714284,26.74785714285714,282.86000000000007
2017-09-27,2,0,102,45,32,25,102,208.13714285714286,23.860000000000003,27.452142857142857,306.62
2017-09-28,3,0,102,44,33,25,102,225.85285714285718,22.155714285714286,23.996428571428567,285.12
2017-09-29,4,0,102,45,33,24,102,233.12285714285716,23.38,22.417857142857144,267.66
2017-09-30,5,1,103,44,36,23,72,265.61285714285714,20.264285714285712,18.225714285714286,342.22
2017-10-01,6,1,104,43,38,23,80,270.2242857142857,20.229999999999997,17.762857142857143,427.8
2017-10-02,0,0,104,45,38,21,104,250.22285714285712,19.037142857142857,20.562857142857144,172.34
2017-10-03,1,0,104,46,38,20,104,255.59285714285716,25.663928571428574,20.562857142857144,469.94
2017-10-04,2,0,101,46,35,20,101,253.81428571428572,24.991071428571434,19.858571428571427,277.11
2017-10-05,3,0,104,49,34,21,104,257.11428571428576,25.216785714285713,20.77,321.62999999999994
2017-10-06,4,0,104,49,33,22,104,262.1985714285714,24.97107142857143,21.184285714285714,314.61
2017-10-07,5,1,105,50,33,22,70,243.1657142857143,24.526785714285715,20.080000000000002,195.16
2017-10-08,6,1,104,48,35,21,75,243.16571428571427,23.325357142857147,22.63,424.99
2017-10-09,0,0,105,49,34,22,105,227.06285714285715,23.325357142857147,19.830000000000002,0.0
2017-10-10,1,0,105,50,32,23,105,209.21857142857147,18.06142857142857,24.321428571428573,246.07
2017-10-11,2,0,104,50,30,24,104,212.69714285714286,17.56714285714286,24.462857142857143,297.39000000000004
2017-10-12,3,0,104,50,30,24,104,213.1314285714286,19.08142857142857,23.877142857142854,331.17
2017-10-13,4,0,103,50,30,23,103,211.00142857142856,19.351428571428574,24.707142857142856,307.4
2017-10-14,5,1,103,49,30,24,77,217.95428571428573,20.642857142857142,25.478571428571428,261.26
2017-10-15,6,1,103,51,27,25,78,202.77,20.645714285714284,24.68285714285714,239.38
2017-10-16,0,0,102,50,27,25,102,243.48428571428573,22.37142857142857,24.68285714285714,348.6
2017-10-17,1,0,102,52,26,24,102,243.15571428571428,22.77857142857143,20.264285714285712,215.69
2017-10-18,2,0,101,54,22,25,101,246.66714285714286,26.40285714285714,21.872857142857146,426.39
2017-10-19,3,0,102,56,23,23,102,230.59857142857143,25.344285714285714,22.002857142857142,212.19000000000003
2017-10-20,4,0,100,53,24,23,100,228.31857142857143,27.609999999999996,20.75857142857143,296.22
2017-10-21,5,1,103,56,25,22,77,216.17000000000002,27.369999999999997,19.777142857142856,167.67000000000002
2017-10-22,6,1,101,54,25,22,70,226.99285714285716,28.25857142857143,20.342857142857138,325.32000000000005
2017-10-23,0,0,100,54,25,21,100,211.30428571428573,26.532857142857143,20.342857142857138,214.53
2017-10-24,1,0,100,55,24,21,100,229.47714285714287,24.76285714285714,20.27,449.9
2017-10-25,2,0,100,55,23,22,100,212.3957142857143,21.138571428571428,20.302857142857142,219.26
2017-10-26,3,0,102,57,23,22,102,224.5071428571429,21.52285714285714,19.638571428571428,286.96
2017-10-27,4,0,101,56,23,22,101,215.23142857142858,20.857142857142858,21.415714285714284,241.44
2017-10-28,5,1,100,53,25,22,72,213.25,21.795714285714286,22.292857142857144,166.51000000000002
2017-10-29,6,1,99,53,24,22,66,196.89714285714285,20.904285714285713,22.07428571428571,193.73
2017-10-30,0,0,99,53,24,22,99,200.72,21.387142857142855,22.07428571428571,241.16
2017-10-31,1,0,100,54,24,22,100,193.57285714285715,21.387142857142855,22.877142857142854,274.59
2017-11-01,2,0,105,57,24,24,105,190.84999999999997,21.387142857142855,21.094285714285714,176.55
2017-11-02,3,0,101,55,23,23,101,174.99428571428572,20.321428571428573,21.57857142857143,176.32
2017-11-03,4,0,99,54,21,24,99,184.67285714285714,18.849999999999998,19.80142857142857,282.68
2017-11-04,5,1,100,55,21,24,74,191.58714285714288,16.86,23.798571428571428,226.57
2017-11-05,6,1,100,56,20,24,70,193.05,16.860000000000003,23.254285714285714,197.24
2017-11-06,0,0,101,57,19,25,101,181.68285714285713,18.11,27.09714285714286,206.4
2017-11-07,1,0,101,57,18,26,101,165.41285714285715,18.11,26.294285714285714,151.12
2017-11-08,2,0,101,57,18,26,101,150.73285714285717,18.11,28.648571428571433,92.81
2017-11-09,3,0,102,56,19,27,102,158.1114285714286,18.11,28.164285714285715,215.89
2017-11-10,4,0,102,56,19,27,102,156.07714285714286,17.93285714285714,33.212857142857146,306.31
2017-11-11,5,1,102,55,21,26,69,154.11285714285714,18.414285714285715,32.364285714285714,212.64
2017-11-12,6,1,104,56,22,26,76,159.4114285714286,19.747142857142855,31.90285714285714,252.7
2017-11-13,0,0,104,54,23,27,104,182.64428571428576,18.014285714285712,33.12285714285714,370.41
2017-11-14,1,0,103,53,24,26,103,169.99571428571429,21.527142857142856,33.175714285714285,102.5
2017-11-15,2,0,104,54,24,26,104,178.87000000000003,22.580000000000002,32.681428571428576,171.12
2017-11-16,3,0,103,52,26,25,103,167.56,22.580000000000002,34.33571428571428,155.44
2017-11-17,4,0,104,52,26,26,104,168.48285714285717,21.38,29.287142857142857,267.39
2017-11-18,5,1,102,49,26,27,73,176.43285714285716,20.898571428571426,27.187142857142856,238.82
2017-11-19,6,1,101,49,25,27,78,168.91000000000003,19.565714285714286,26.44,177.64999999999998
2017-11-20,0,0,101,49,24,28,101,153.93428571428572,21.905714285714286,21.37714285714286,239.04
2017-11-21,1,0,101,49,25,27,101,168.65142857142857,18.39428571428571,26.884999999999998,237.71
2017-11-22,2,0,100,49,24,27,100,176.20857142857145,23.544285714285714,25.025,242.81
2017-11-23,3,0,99,48,25,26,99,191.23142857142858,27.062857142857144,28.247857142857146,312.97
2017-11-24,4,0,100,50,25,25,100,189.83428571428573,27.062857142857144,31.85214285714286,282.4
2017-11-25,5,1,100,50,26,24,69,177.99714285714285,27.744285714285716,31.369285714285713,168.75
2017-11-26,6,1,101,50,27,24,74,178.62714285714284,27.744285714285716,32.31357142857143,186.38
2017-11-27,0,0,101,52,25,24,101,183.92428571428573,25.404285714285717,32.31357142857143,248.42
2017-11-28,1,0,99,50,26,23,99,200.75,25.402857142857147,27.785714285714285,304.05
2017-11-29,2,0,100,51,26,23,100,207.39142857142858,19.82,29.68857142857143,267.78000000000003
2017-11-30,3,0,100,51,28,21,100,203.62571428571428,16.30142857142857,26.034285714285716,227.68
2017-12-01,4,0,99,50,28,21,99,194.50285714285715,16.30142857142857,26.541428571428572,217.28
2017-12-02,5,1,100,53,26,21,72,192.16714285714286,17.24142857142857,25.481428571428573,151.56
2017-12-03,6,1,102,54,28,20,74,193.8957142857143,17.24142857142857,24.41428571428571,193.13
2017-12-04,0,0,101,54,28,19,101,176.05285714285716,17.24142857142857,24.41428571428571,119.28
2017-12-05,1,0,100,54,25,21,100,153.85142857142858,17.24142857142857,23.381428571428568,130.56
2017-12-06,2,0,99,51,28,20,99,149.71428571428572,18.982857142857142,21.642857142857142,238.84
2017-12-07,3,0,100,52,29,19,100,145.6157142857143,19.844285714285714,20.419999999999998,201.59
2017-12-08,4,0,99,50,31,18,99,163.8442857142857,19.844285714285714,16.85142857142857,324.70000000000005
2017-12-09,5,1,96,47,30,19,68,171.69714285714284,20.972857142857144,17.02,215.61
2017-12-10,6,1,100,49,31,20,74,182.15857142857143,21.185714285714287,17.01571428571429,275.82
2017-12-11,0,0,99,47,32,20,99,199.21571428571428,23.217142857142857,19.447142857142858,287.99
2017-12-12,1,0,98,47,30,21,98,224.4157142857143,23.75,19.447142857142858,312.95
2017-12-13,2,0,101,50,30,21,101,225.22571428571428,22.66714285714286,19.608571428571427,238.06
2017-12-14,3,0,103,53,29,21,103,230.26571428571427,21.805714285714288,19.608571428571427,229.81
2017-12-15,4,0,105,54,31,20,105,217.49142857142854,21.978571428571428,19.22142857142857,235.87
2017-12-16,5,1,103,54,30,19,77,220.96142857142857,19.240000000000002,22.487142857142857,243.59
2017-12-17,6,1,104,56,30,18,68,210.70714285714283,21.037142857142857,23.21857142857143,221.74
2017-12-18,0,0,105,57,29,19,105,210.35142857142858,19.995714285714286,20.787142857142857,248.27
2017-12-19,1,0,103,55,29,19,103,171.1614285714286,19.462857142857143,20.787142857142857,0.0
2017-12-20,2,0,106,55,32,19,106,169.9442857142857,18.184285714285714,20.46142857142857,205.9
2017-12-21,3,0,106,55,34,17,106,163.66428571428574,18.184285714285714,20.46142857142857,180.55
2017-12-22,4,0,105,54,34,17,105,160.29285714285714,21.28142857142857,21.12142857142857,238.57
2017-12-23,5,1,105,56,33,16,70,152.45714285714286,21.32714285714286,17.782857142857143,165.69
2017-12-24,6,1,105,57,32,16,72,150.33714285714285,19.31714285714286,17.637142857142855,187.03
2017-12-25,0,0,106,58,29,19,106,133.79857142857142,18.327142857142857,17.63714285714286,123.21999999999998
2017-12-26,1,0,105,56,30,19,105,174.51285714285714,19.62,17.63714285714286,438.29
2017-12-27,2,0,104,54,29,21,104,179.93714285714285,20.99285714285714,19.862857142857145,281.47
2017-12-28,3,0,104,55,29,20,104,192.53142857142856,23.622857142857146,21.972857142857144,311.80999999999995
2017-12-29,4,0,105,53,32,20,105,208.87999999999997,25.601428571428574,24.314285714285713,383.25000000000006
2017-12-30,5,1,104,52,32,20,69,223.3557142857143,26.451428571428572,26.708571428571428,289.73
2017-12-31,6,1,100,49,31,20,66,244.3857142857143,27.87142857142857,30.98071428571429,389.0
2018-01-01,0,0,101,50,30,21,101,231.03,27.87142857142857,30.98071428571429,0.51
2018-01-02,1,0,102,52,28,22,102,225.18857142857146,26.57857142857143,30.98071428571429,270.08
2018-01-03,2,0,104,54,29,21,104,235.72,25.205714285714286,29.392142857142858,408.5
2018-01-04,3,0,105,55,29,21,105,239.18571428571428,24.03857142857143,28.66214285714286,322.79
2018-01-05,4,0,105,55,28,22,105,223.0442857142857,20.732857142857142,30.73071428571429,261.6
2018-01-06,5,1,107,55,30,22,72,232.6314285714286,19.825714285714287,28.447857142857142,381.01
2018-01-07,6,1,106,54,29,23,74,191.91714285714286,18.405714285714286,22.887142857142855,1.5299999999999998
2018-01-08,0,0,103,52,28,23,103,218.77142857142854,18.405714285714286,22.887142857142855,227.6
2018-01-09,1,0,104,51,28,25,104,215.1142857142857,20.012857142857143,24.545714285714286,286.37
2018-01-10,2,0,104,52,29,23,104,215.11428571428567,22.924285714285713,27.922857142857143,389.89
2018-01-11,3,0,103,53,27,23,103,213.58285714285714,22.114285714285717,26.919999999999998,299.38
2018-01-12,4,0,103,52,28,23,103,228.78857142857143,22.45,23.094285714285714,343.61
2018-01-13,5,1,103,53,26,24,71,207.75142857142856,22.45,22.581428571428575,183.59
2018-01-14,6,1,103,53,25,25,73,230.98285714285717,22.45,23.56142857142857,205.05
2018-01-15,0,0,104,55,24,25,104,227.39285714285717,23.447142857142858,26.38,234.56
2018-01-16,1,0,104,56,21,27,104,212.23142857142858,21.84,27.344285714285714,164.94
2018-01-17,2,0,103,57,21,25,103,199.27285714285713,20.29,25.904285714285713,266.84
2018-01-18,3,0,104,58,21,25,104,204.67714285714285,20.83857142857143,26.534285714285716,452.92
2018-01-19,4,0,104,57,22,25,104,187.08571428571426,20.75714285714286,27.482857142857142,226.54
2018-01-20,5,1,103,54,22,27,76,193.30714285714285,20.75714285714286,27.351428571428567,215.01
2018-01-21,6,1,101,52,23,26,68,189.92714285714285,20.75714285714286,26.76571428571429,186.55
2018-01-22,0,0,102,53,23,26,102,193.0442857142857,19.762857142857143,26.361428571428572,246.59
2018-01-23,1,0,104,54,24,26,104,212.92714285714285,19.762857142857143,23.738571428571426,283.61
2018-01-24,2,0,103,55,22,26,103,214.23714285714286,21.28142857142857,24.435714285714283,291.52
2018-01-25,3,0,104,53,23,28,104,207.67285714285714,23.90285714285714,24.122857142857146,315.67
2018-01-26,4,0,103,52,24,27,103,226.99857142857144,23.09857142857143,21.919999999999998,467.3
2018-01-27,5,1,102,50,25,27,76,237.01142857142855,23.905714285714282,22.291428571428572,304.63
2018-01-28,6,1,102,51,26,25,68,250.46571428571428,26.055714285714284,21.897142857142853,284.77
2018-01-29,0,0,102,52,26,24,102,264.7985714285714,27.949999999999996,19.482857142857142,362.73
2018-01-30,1,0,102,51,30,21,102,262.9857142857143,30.129999999999995,20.095714285714283,303.42
2018-01-31,2,0,102,52,27,23,102,261.8128571428571,30.20714285714286,16.824285714285715,246.76
2018-02-01,3,0,102,53,26,23,102,255.6,27.115714285714287,17.385714285714286,254.47
2018-02-02,4,0,101,53,25,23,101,255.6,25.844285714285714,17.240000000000002,398.71
2018-02-03,5,1,102,54,24,24,77,260.40285714285716,27.29,17.824285714285715,399.03
2018-02-04,6,1,101,53,23,25,71,259.5,25.140000000000004,21.247142857142855,294.25
2018-02-05,0,0,103,55,23,25,103,259.5,27.944285714285716,24.344285714285714,448.57
2018-02-06,1,0,103,53,25,25,103,266.09000000000003,26.772857142857145,24.697142857142858,401.15
2018-02-07,2,0,101,52,25,24,101,278.9114285714286,24.74857142857143,25.88,347.68999999999994
2018-02-08,3,0,100,51,25,24,100,291.68857142857144,24.61428571428571,26.672857142857143,362.89
2018-02-09,4,0,100,52,24,24,100,291.68857142857144,28.990000000000002,26.672857142857143,373.35
2018-02-10,5,1,101,53,24,24,67,287.47285714285715,26.737142857142853,30.468571428571426,333.64
2018-02-11,6,1,100,52,24,24,67,293.67285714285714,28.907142857142855,29.155714285714286,345.18
2018-02-12,0,0,101,53,26,22,101,286.05857142857144,27.57571428571428,28.84857142857143,319.81999999999994
2018-02-13,1,0,100,51,27,22,100,260.38714285714286,28.471428571428568,29.485714285714288,174.85
2018-02-14,2,0,100,49,29,22,100,260.38714285714286,31.447142857142858,28.302857142857142,380.5
2018-02-15,3,0,103,51,30,22,103,260.38714285714286,31.205714285714286,26.254285714285714,537.7600000000001
2018-02-16,4,0,104,52,29,23,104,260.38714285714286,28.97,29.107142857142858,517.5799999999999
2018-02-17,5,1,103,49,31,23,75,257.7285714285714,29.03857142857143,24.35571428571429,273.45
2018-02-18,6,1,105,49,33,23,73,247.48142857142855,26.868571428571425,23.967142857142857,245.69000000000003
2018-02-19,0,0,105,50,35,20,105,239.66142857142856,24.12,21.177142857142858,214.7
2018-02-20,1,0,105,51,33,21,105,252.99428571428572,22.98428571428571,19.802857142857142,250.61
2018-02-21,2,0,105,52,30,23,105,237.82142857142858,19.135714285714283,19.802857142857142,214.99
2018-02-22,3,0,105,52,29,24,105,224.47285714285712,19.124285714285715,21.172857142857143,248.56
2018-02-23,4,0,105,51,31,23,105,215.9857142857143,17.162857142857145,20.024285714285718,284.62
2018-02-24,5,1,105,50,31,24,80,213.4385714285714,18.868571428571432,23.352857142857143,299.77000000000004
2018-02-25,6,1,104,50,31,23,75,209.39142857142855,20.79,22.108571428571427,231.95
2018-02-26,0,0,103,51,30,22,103,224.82571428571433,21.831428571428575,22.108571428571427,354.73
2018-02-27,1,0,105,53,29,23,105,220.67142857142858,27.357142857142858,21.88,257.98
2018-02-28,2,0,105,52,30,23,105,235.84428571428572,33.92392857142857,21.88,376.9
2018-03-01,3,0,105,51,32,22,105,233.08,40.20642857142857,20.509999999999998,272.42
2018-03-02,4,0,105,51,33,21,105,237.1042857142857,46.53321428571428,19.06,358.67
2018-03-03,5,1,105,50,34,21,77,233.06142857142854,47.58892857142858,18.322857142857142,273.7
2018-03-04,6,1,107,51,34,22,79,231.74,45.667500000000004,17.845714285714287,188.1
2018-03-05,0,0,107,51,33,23,107,214.6385714285714,44.76035714285714,18.41,219.53
2018-03-06,1,0,104,49,33,22,104,210.37714285714284,45.09285714285714,22.211428571428574,263.72
2018-03-07,2,0,104,48,33,23,104,187.37142857142857,45.09285714285715,23.084285714285716,258.24
2018-03-08,3,0,106,50,33,23,106,187.00714285714284,40.56607142857143,23.084285714285716,220.24
2018-03-09,4,0,106,50,34,22,106,189.65571428571428,36.62785714285714,24.625714285714285,348.69
2018-03-10,5,1,104,50,32,22,74,175.61428571428573,36.214999999999996,23.45714285714286,164.34
2018-03-11,6,1,104,50,31,23,73,193.3414285714286,36.214999999999996,24.38,351.17
2018-03-12,0,0,108,53,32,23,108,190.63000000000002,37.345000000000006,27.50142857142857,230.31
2018-03-13,1,0,108,53,32,23,108,184.49857142857144,36.83821428571429,23.699999999999996,179.29
2018-03-14,2,0,106,52,30,24,106,195.8857142857143,34.21,22.827142857142857,272.68999999999994
2018-03-15,3,0,104,49,29,26,104,193.20571428571427,34.40857142857143,23.15285714285714,214.27
2018-03-16,4,0,103,49,28,26,103,180.56142857142854,32.48857142857143,21.705714285714286,236.61
2018-03-17,5,1,104,51,27,26,75,208.06714285714284,32.17857142857143,21.024285714285718,374.63
2018-03-18,6,1,103,49,29,25,75,180.2328571428571,33.27428571428571,23.167142857142856,164.29
2018-03-19,0,0,102,48,30,24,102,176.34285714285716,34.004285714285714,20.345714285714287,188.44000000000003
2018-03-20,1,0,102,48,29,25,102,203.22857142857143,28.881428571428575,20.345714285714287,365.3
2018-03-21,2,0,103,48,29,26,103,198.02285714285713,24.882857142857144,20.345714285714287,204.95
2018-03-22,3,0,103,50,29,24,103,198.83,22.584285714285716,20.020000000000003,195.41000000000005
2018-03-23,4,0,102,49,29,24,102,203.04857142857142,23.158571428571427,20.974285714285713,276.84
2018-03-24,5,1,104,50,27,27,73,188.0814285714286,21.68857142857143,23.455714285714286,252.25
2018-03-25,6,1,100,47,28,25,71,205.24,21.89428571428572,21.109999999999996,269.42
2018-03-26,0,0,100,49,25,26,100,212.73,23.294285714285714,21.762857142857143,255.24
2018-03-27,1,0,102,50,26,26,102,197.00285714285715,25.879999999999995,22.738571428571426,251.82
2018-03-28,2,0,106,54,25,27,106,182.51285714285717,32.50678571428571,24.84714285714286,177.79
2018-03-29,3,0,106,55,24,27,106,186.6685714285714,32.57392857142857,28.005714285714284,253.22
2018-03-30,4,0,106,54,25,27,106,196.79571428571427,37.85785714285714,28.662857142857142,424.87
2018-03-31,5,1,105,53,25,27,79,206.63285714285712,38.21071428571429,30.154285714285713,334.02
2018-04-01,6,1,103,53,23,27,73,200.46285714285713,41.87785714285714,32.55428571428571,268.70000000000005
2018-04-02,0,0,104,52,25,27,104,203.87285714285713,44.48892857142857,33.31142857142857,331.02000000000004
2018-04-03,1,0,105,52,26,27,105,214.87714285714284,43.06321428571429,32.33571428571429,301.82
2018-04-04,2,0,105,51,28,26,105,232.35999999999999,37.95642857142857,32.50857142857143,259.79
2018-04-05,3,0,104,50,29,25,104,242.6185714285714,42.78357142857143,31.650000000000002,352.81
2018-04-06,4,0,106,49,30,27,106,234.1542857142857,39.97392857142857,30.30428571428572,300.98
2018-04-07,5,1,106,50,30,26,75,225.18428571428575,38.98392857142857,31.150714285714287,296.61
2018-04-08,6,1,106,52,28,26,77,201.31571428571428,34.01535714285715,28.030714285714286,0.8400000000000001
2018-04-09,0,0,106,53,27,26,106,197.1157142857143,27.75,27.362142857142857,224.75
2018-04-10,1,0,105,53,26,26,105,197.59428571428572,31.104285714285712,27.362142857142857,334.33
2018-04-11,2,0,105,54,24,27,105,196.5,32.6,28.149285714285714,268.11
2018-04-12,3,0,104,53,23,28,104,174.8414285714286,29.282857142857143,27.696428571428573,174.81
2018-04-13,4,0,103,52,24,27,103,162.98857142857145,28.322857142857142,28.365,215.97
2018-04-14,5,1,102,51,23,28,75,151.33428571428573,28.322857142857142,26.907142857142855,170.62
2018-04-15,6,1,103,51,24,28,79,164.17285714285714,28.322857142857142,30.755714285714284,161.74
2018-04-16,0,0,103,49,25,29,103,177.5457142857143,30.178571428571427,29.15,315.54
2018-04-17,1,0,103,49,25,29,103,154.78285714285715,26.787142857142857,29.74142857142857,159.93
2018-04-18,2,0,106,50,26,30,106,152.21,23.868571428571425,28.79285714285714,223.03
2018-04-19,3,0,104,50,24,30,104,165.72857142857146,22.291428571428572,29.02,253.1
2018-04-20,4,0,103,52,22,29,103,157.91714285714286,21.51571428571429,29.59714285714286,159.9
2018-04-21,5,1,101,50,24,27,72,168.31714285714287,21.988571428571426,26.254285714285714,231.15
2018-04-22,6,1,102,53,22,27,69,180.89285714285714,22.33285714285714,24.851428571428567,242.43
2018-04-23,0,0,102,52,22,28,102,156.41857142857143,20.51571428571429,28.287142857142857,160.12
2018-04-24,1,0,102,52,22,28,102,160.19285714285712,19.675714285714285,30.382857142857144,195.14
2018-04-25,2,0,101,51,23,27,101,152.50857142857143,21.032857142857143,32.87571428571429,196.19
2018-04-26,3,0,102,52,24,26,102,139.20428571428573,22.138571428571428,32.55428571428571,172.35000000000002
2018-04-27,4,0,101,52,22,27,101,166.17428571428573,22.517142857142858,33.63142857142857,358.88000000000005
2018-04-28,5,1,102,51,23,28,71,157.29,23.997142857142855,38.23428571428571,211.54
2018-04-29,6,1,103,52,23,28,75,139.78142857142856,23.65285714285714,39.51571428571429,125.68
2018-04-30,0,0,102,49,28,25,102,138.83714285714288,26.23428571428571,37.55571428571428,157.86
2018-05-01,1,0,103,50,28,25,103,125.55,24.954285714285714,34.86857142857143,57.21
2018-05-02,2,0,103,51,28,24,103,145.34,24.3,32.21,311.53000000000003
2018-05-03,3,0,101,50,27,24,101,154.27142857142857,25.162857142857142,30.457142857142856,225.01
2018-05-04,4,0,100,50,26,24,100,120.71000000000001,23.184285714285714,27.52,79.08000000000001
2018-05-05,5,1,99,48,26,25,74,119.0,22.414285714285715,26.467142857142857,186.81
2018-05-06,6,1,98,49,25,24,66,120.20000000000002,23.81142857142857,22.90285714285714,119.66
2018-05-07,0,0,98,48,25,25,98,127.29714285714284,23.927142857142858,26.158571428571427,231.14
2018-05-08,1,0,99,49,25,25,99,135.2357142857143,27.259999999999998,31.518571428571427,190.78
2018-05-09,2,0,101,47,28,26,101,120.86000000000001,27.834285714285716,34.238571428571426,233.96
2018-05-10,3,0,102,46,29,27,102,132.21,29.232857142857142,38.80428571428571,349.84
2018-05-11,4,0,103,49,27,27,103,143.3,29.63571428571429,43.861428571428576,205.39
2018-05-12,5,1,104,49,28,27,73,145.10999999999999,30.455714285714286,39.55142857142857,167.13000000000002
2018-05-13,6,1,102,50,27,25,69,143.70142857142858,29.05857142857143,41.01571428571429,101.89
2018-05-14,0,0,102,50,26,26,102,142.38285714285715,25.96142857142857,38.684285714285714,179.71000000000004
2018-05-15,1,0,102,47,29,26,102,142.22714285714287,25.279999999999998,34.12428571428571,153.0
2018-05-16,2,0,103,48,30,25,103,132.41285714285715,25.458571428571428,30.095714285714287,138.31
2018-05-17,3,0,104,48,32,24,104,110.35571428571428,24.698571428571427,25.529999999999998,152.6
2018-05-18,4,0,105,49,33,23,105,121.35428571428572,26.818571428571428,20.472857142857144,257.0
2018-05-19,5,1,106,49,33,24,78,116.3457142857143,25.852857142857143,20.472857142857144,129.68
2018-05-20,6,1,105,48,33,24,82,141.96,26.305714285714288,21.412857142857142,299.32000000000005
2018-05-21,0,0,105,51,31,23,105,136.9414285714286,32.27571428571429,24.573571428571427,214.87
2018-05-22,1,0,104,49,31,24,104,130.96857142857144,30.587142857142858,24.159285714285716,96.47
2018-05-23,2,0,104,47,33,24,104,128.73714285714286,30.31142857142857,23.513571428571428,108.4
2018-05-24,3,0,104,48,32,24,104,132.68428571428572,28.592857142857145,23.513571428571428,168.32999999999998
2018-05-25,4,0,102,48,31,23,102,118.96714285714286,27.28,23.513571428571428,152.05999999999997
2018-05-26,5,1,103,48,32,23,77,116.99,27.28,23.513571428571428,118.19
2018-05-27,6,1,105,48,34,23,78,118.28857142857143,27.14428571428571,22.884999999999998,303.06
2018-05-28,0,0,105,48,34,23,105,123.63857142857144,22.17142857142857,19.802857142857142,193.76
2018-05-29,1,0,105,50,32,23,105,136.90142857142857,22.248571428571427,23.13714285714286,213.19
2018-05-30,2,0,102,46,33,23,102,142.0285714285714,22.78142857142857,23.775714285714287,160.33
2018-05-31,3,0,102,48,30,24,102,133.88142857142856,23.854285714285712,24.107142857142858,126.56
2018-06-01,4,0,103,50,28,25,103,146.66714285714286,23.971428571428568,29.667857142857144,292.75
2018-06-02,5,1,103,49,28,26,77,152.17000000000002,24.32,33.503571428571426,187.2
2018-06-03,6,1,102,47,30,25,75,131.69857142857146,25.259999999999998,32.95642857142857,162.51000000000002
2018-06-04,0,0,102,48,28,26,102,130.20571428571427,24.262857142857143,30.763571428571424,154.64
2018-06-05,1,0,101,47,28,26,101,127.88142857142857,24.114285714285717,28.159285714285712,177.65
2018-06-06,2,0,102,49,27,26,102,128.44571428571427,27.20285714285714,29.629285714285714,196.19
2018-06-07,3,0,102,47,28,27,102,134.90857142857143,27.914285714285715,29.297857142857143,170.5
2018-06-08,4,0,101,46,28,27,101,114.56857142857142,26.474285714285713,24.68285714285715,101.09
2018-06-09,5,1,102,48,28,26,73,112.24285714285713,27.477142857142855,24.692857142857143,178.01
2018-06-10,6,1,102,48,28,26,73,119.46000000000001,26.88571428571429,23.301428571428573,197.8
2018-06-11,0,0,104,49,28,27,104,117.62142857142858,32.362857142857145,27.09714285714286,213.02
2018-06-12,1,0,105,50,29,26,105,116.53,31.47142857142857,25.981428571428573,147.95
2018-06-13,2,0,103,46,30,27,103,121.74428571428572,26.572857142857142,29.43357142857143,222.04
2018-06-14,3,0,103,47,31,25,103,125.06857142857143,26.69142857142857,29.43357142857143,184.62
2018-06-15,4,0,101,46,31,24,101,126.95142857142858,28.57571428571428,28.487857142857145,110.71999999999998
2018-06-16,5,1,101,46,31,24,71,119.42571428571429,26.187142857142856,24.680714285714284,81.86999999999999
2018-06-17,6,1,102,47,32,23,73,112.38142857142859,27.628571428571426,25.530714285714286,165.88
2018-06-18,0,0,102,45,34,23,102,109.24571428571429,22.15142857142857,22.233571428571427,128.31
2018-06-19,1,0,105,47,34,24,105,114.13857142857144,24.0,22.823571428571427,207.28
2018-06-20,2,0,101,45,31,25,101,106.57428571428571,25.532857142857146,17.774285714285714,145.0
2018-06-21,3,0,101,45,32,24,101,119.81142857142858,22.97,17.982857142857142,274.74
2018-06-22,4,0,101,45,32,24,101,120.88714285714286,20.717142857142857,19.185714285714283,116.19
2018-06-23,5,1,101,46,32,23,68,122.63857142857144,21.411428571428576,20.377142857142854,107.42
2018-06-24,6,1,101,45,34,22,73,126.4442857142857,21.192857142857143,19.527142857142856,177.54999999999998
2018-06-25,0,0,102,44,34,24,102,143.00571428571428,24.83285714285714,18.74285714285714,265.5
2018-06-26,1,0,103,45,35,23,103,134.8542857142857,23.582857142857144,22.724285714285713,169.34
2018-06-27,2,0,106,48,35,23,106,132.12571428571428,24.595714285714287,22.212857142857143,123.15
2018-06-28,3,0,106,49,35,22,106,107.6457142857143,28.11428571428571,22.004285714285714,125.06999999999998
2018-06-29,4,0,104,45,36,23,104,105.85428571428572,29.685714285714283,20.80142857142857,99.9
2018-06-30,5,1,105,49,33,23,73,114.45,31.065714285714286,21.82,184.38
2018-07-01,6,1,104,46,35,23,74,109.59285714285714,30.202857142857145,21.82,139.5
2018-07-02,0,0,103,44,35,24,103,103.67571428571429,32.934285714285714,21.958571428571428,244.24
2018-07-03,1,0,102,42,36,24,102,101.98857142857142,34.35285714285714,19.527142857142856,150.44
2018-07-04,2,0,101,42,35,24,101,106.27714285714286,32.652857142857144,19.527142857142856,137.41
2018-07-05,3,0,101,43,34,24,101,110.6542857142857,29.308571428571433,20.268571428571427,138.97
2018-07-06,4,0,101,43,36,22,101,119.57714285714285,32.66428571428572,20.268571428571427,191.03000000000003
2018-07-07,5,1,102,42,38,22,73,115.08428571428571,34.42285714285715,19.73428571428571,161.5
2018-07-08,6,1,101,40,37,24,78,120.16285714285713,35.66857142857143,22.547142857142855,208.96
2018-07-09,0,0,102,41,38,23,102,126.36142857142856,33.144285714285715,22.40857142857143,268.83
2018-07-10,1,0,101,41,37,23,101,146.07714285714286,33.425714285714285,22.012857142857143,287.65
2018-07-11,2,0,100,42,34,24,100,158.3842857142857,36.48142857142857,26.645714285714288,287.5
2018-07-12,3,0,98,41,33,24,98,166.74,39.18,25.904285714285717,209.58
2018-07-13,4,0,100,42,35,23,100,168.9557142857143,34.46,25.904285714285717,171.45999999999998
2018-07-14,5,1,103,45,36,22,76,174.8457142857143,31.552857142857142,24.19,155.38
2018-07-15,6,1,100,46,32,22,74,170.4757142857143,29.28142857142857,25.572857142857142,168.28
2018-07-16,0,0,99,47,30,22,99,161.00571428571428,26.628571428571433,29.198571428571427,209.51
2018-07-17,1,0,99,46,31,22,99,156.08571428571426,27.852857142857147,27.454285714285714,245.01
2018-07-18,2,0,100,45,33,22,100,136.93714285714287,29.365714285714287,22.821428571428573,128.09
2018-07-19,3,0,100,47,31,22,100,129.60999999999999,30.304285714285715,24.922857142857143,181.15
2018-07-20,4,0,102,49,31,22,102,142.64000000000001,30.097142857142853,25.915714285714284,266.35
2018-07-21,5,1,102,48,31,23,76,139.3257142857143,29.611428571428572,26.47,147.66
2018-07-22,6,1,101,47,32,22,77,145.79142857142855,29.611428571428572,22.392857142857142,186.84
2018-07-23,0,0,101,48,30,23,101,136.68571428571428,32.894285714285715,22.27,167.89
2018-07-24,1,0,101,49,31,21,101,130.28857142857143,29.371428571428574,25.945714285714285,203.93
2018-07-25,2,0,102,47,32,23,102,136.93,24.632857142857144,27.132857142857144,153.25
2018-07-26,3,0,102,47,32,23,102,145.10714285714286,20.592857142857145,25.797142857142855,198.37
2018-07-27,4,0,102,45,33,24,102,129.80285714285714,23.53,24.804285714285715,178.78000000000003
2018-07-28,5,1,103,45,36,22,72,130.96714285714285,24.805714285714284,25.851428571428574,172.07
2018-07-29,6,1,103,44,37,22,77,115.10714285714286,25.82,25.759999999999998,84.31
2018-07-30,0,0,104,44,34,26,104,129.04428571428573,23.345714285714283,22.34714285714286,224.24
2018-07-31,1,0,105,47,31,27,105,121.26428571428572,23.46857142857143,22.131428571428568,150.75
2018-08-01,2,0,105,48,30,27,105,119.26285714285714,24.65285714285714,20.944285714285712,129.9
2018-08-02,3,0,104,48,29,27,104,106.55857142857144,27.18,20.178571428571427,109.16
2018-08-03,4,0,106,49,29,28,106,108.90714285714286,26.07,21.267142857142858,198.96
2018-08-04,5,1,106,51,27,28,81,98.13428571428572,26.669999999999998,21.518571428571427,102.62
2018-08-05,6,1,105,50,26,29,74,100.96000000000001,25.655714285714282,24.11285714285714,111.37
2018-08-06,0,0,103,49,24,30,103,96.54142857142857,24.545714285714286,29.127142857142854,220.64
2018-08-07,1,0,104,49,22,33,104,97.45142857142856,25.288571428571426,25.667142857142856,138.03
2018-08-08,2,0,104,46,24,34,104,93.63,27.419999999999998,27.68857142857143,141.54
2018-08-09,3,0,104,44,25,35,104,111.70000000000002,28.898571428571433,28.217142857142854,264.7
2018-08-10,4,0,103,43,24,36,103,108.9557142857143,27.071428571428573,31.101428571428567,186.59
2018-08-11,5,1,102,43,23,36,79,130.51857142857142,29.784285714285716,31.274285714285714,273.76
2018-08-12,6,1,102,44,22,36,81,133.43714285714285,30.194285714285716,34.21357142857143,183.31
2018-08-13,0,0,103,45,24,34,103,135.29285714285714,34.03142857142858,30.136428571428574,231.95
2018-08-14,1,0,102,46,24,32,102,131.81714285714287,34.910000000000004,30.136428571428574,113.43999999999998
2018-08-15,2,0,103,47,24,32,103,153.0842857142857,34.78714285714286,33.58642857142858,313.7
2018-08-16,3,0,103,47,24,32,103,151.50428571428571,31.327142857142857,33.97071428571429,232.11
2018-08-17,4,0,102,47,22,33,102,155.57714285714286,31.490000000000002,30.119285714285716,189.84
2018-08-18,5,1,102,45,24,33,74,150.70999999999998,26.582857142857144,31.86642857142857,217.57
2018-08-19,6,1,103,47,22,34,80,153.69714285714286,26.172857142857143,30.307142857142853,161.46
2018-08-20,0,0,104,47,23,34,104,151.7,22.24857142857143,31.055714285714284,195.74
2018-08-21,1,0,103,46,24,33,103,166.27714285714288,20.504285714285714,31.12285714285714,208.89
2018-08-22,2,0,104,48,24,32,104,152.68857142857146,16.635714285714283,28.021428571428572,167.27
2018-08-23,3,0,102,47,24,31,102,159.01999999999998,17.38142857142857,29.377142857142854,291.14
2018-08-24,4,0,103,48,25,30,103,173.9714285714286,18.127142857142857,30.50142857142857,307.59000000000003
2018-08-25,5,1,103,47,26,30,77,170.91285714285715,18.005714285714287,27.732857142857142,172.58
2018-08-26,6,1,103,46,28,29,78,198.32142857142858,20.37142857142857,29.29214285714286,396.79
2018-08-27,0,0,104,46,29,29,104,192.59714285714284,20.27142857142857,28.032142857142862,146.14999999999998
2018-08-28,1,0,105,46,29,30,105,193.6457142857143,21.23428571428571,27.965,221.33
2018-08-29,2,0,103,44,29,30,103,203.7028571428571,23.765714285714285,29.232142857142858,266.78
2018-08-30,3,0,103,44,31,28,103,207.63428571428568,23.65142857142857,26.96357142857143,299.54
2018-08-31,4,0,103,43,33,27,103,186.91714285714284,26.72285714285714,26.969285714285718,184.11
2018-09-01,5,1,103,44,35,24,78,181.14857142857142,27.155714285714286,25.965000000000003,127.82
2018-09-02,6,1,101,44,31,26,76,151.99857142857144,24.865714285714287,23.13714285714286,145.61
2018-09-03,0,0,100,42,32,26,100,162.65142857142857,27.740000000000002,22.621428571428574,228.02
2018-09-04,1,0,100,42,31,27,100,156.98428571428573,27.827142857142857,23.60571428571429,191.66
2018-09-05,2,0,99,43,29,27,99,155.56,28.005714285714284,22.884285714285713,253.01
2018-09-06,3,0,101,43,31,27,101,135.49285714285713,30.787142857142857,25.731428571428573,200.91
2018-09-07,4,0,102,44,31,27,102,160.01285714285714,27.560000000000002,24.479999999999997,320.17
2018-09-08,5,1,102,44,32,26,72,170.12142857142857,30.259999999999998,29.752857142857142,258.12
2018-09-09,6,1,100,43,32,25,74,191.27857142857144,30.184285714285718,27.65,269.53000000000003
2018-09-10,0,0,101,43,33,25,101,208.1114285714286,30.957142857142856,30.50857142857143,414.1
2018-09-11,1,0,101,42,35,24,101,229.90857142857143,34.87428571428571,33.46142857142858,438.79
2018-09-12,2,0,101,39,37,25,101,237.97142857142856,38.791071428571435,31.19285714285714,321.86
2018-09-13,3,0,100,38,39,23,100,240.04857142857142,35.08107142857143,28.345714285714287,167.54000000000002
2018-09-14,4,0,100,39,37,24,100,241.60142857142858,35.67821428571428,31.650000000000002,423.27
2018-09-15,5,1,100,40,35,25,77,232.23142857142858,33.10964285714285,28.482857142857142,152.38
2018-09-16,6,1,102,41,36,25,73,214.67428571428567,33.85535714285714,28.082857142857144,157.98000000000002
2018-09-17,0,0,101,41,36,24,101,214.3742857142857,32.28678571428571,25.224285714285713,346.26
2018-09-18,1,0,100,40,36,24,100,190.44142857142856,28.05392857142857,22.228571428571428,174.20000000000002
2018-09-19,2,0,101,40,37,24,101,181.62571428571428,23.928571428571427,23.529999999999998,239.51
2018-09-20,3,0,100,40,37,23,100,185.00857142857143,27.815714285714286,23.529999999999998,215.41
2018-09-21,4,0,101,42,36,23,101,174.14000000000001,29.165714285714284,21.268571428571427,280.12
2018-09-22,5,1,101,42,37,22,76,182.6042857142857,29.202857142857145,20.68285714285714,207.79
2018-09-23,6,1,102,43,37,22,77,197.02714285714288,29.98714285714286,22.912857142857145,280.04
2018-09-24,0,0,101,42,37,22,101,197.32714285714286,28.467142857142857,25.38857142857143,420.96
2018-09-25,1,0,101,42,36,23,101,221.26,30.877142857142854,26.234285714285715,425.72
2018-09-26,2,0,101,41,37,23,101,235.89000000000001,30.762857142857143,24.285714285714285,326.68999999999994
2018-09-27,3,0,102,42,37,23,102,231.68714285714285,29.880000000000003,24.791428571428572,188.38
2018-09-28,4,0,104,47,32,25,104,240.21142857142857,27.18,23.74857142857143,303.36
2018-09-29,5,1,105,47,33,25,78,259.7914285714286,26.57857142857143,22.587142857142858,328.61
2018-09-30,6,1,105,47,33,25,81,269.9771428571429,26.751428571428573,25.687857142857144,374.44000000000005
2018-10-01,0,0,105,47,32,26,105,269.9771428571429,28.035714285714285,23.26071428571429,419.82
2018-10-02,1,0,104,46,33,25,104,245.7942857142857,26.264285714285716,23.603571428571428,185.24
2018-10-03,2,0,105,46,33,26,105,240.49142857142857,27.337142857142858,25.82785714285714,313.44
2018-10-04,3,0,103,47,30,26,103,253.00857142857143,27.310000000000002,27.553571428571427,287.89
2018-10-05,4,0,102,45,30,27,102,234.9085714285714,28.435714285714287,29.139285714285712,205.87
2018-10-06,5,1,104,45,31,28,77,234.9085714285714,28.435714285714287,28.780714285714282,326.64000000000004
2018-10-07,6,1,104,44,32,28,76,223.91571428571427,28.037142857142857,23.28,256.01
2018-10-08,0,0,105,44,35,26,105,211.4842857142857,32.11535714285714,24.222857142857144,296.66
2018-10-09,1,0,105,44,36,25,105,222.7214285714286,37.36107142857143,22.092857142857145,279.88
2018-10-10,2,0,105,45,34,26,105,229.15571428571428,38.106785714285714,24.292857142857144,379.1
2018-10-11,3,0,103,45,31,27,103,228.5742857142857,39.75964285714286,22.06142857142857,276.37
2018-10-12,4,0,104,45,32,27,104,232.76857142857145,39.65107142857143,23.194285714285716,242.4
2018-10-13,5,1,103,45,32,26,78,212.08428571428573,40.9825,26.285714285714285,216.17
2018-10-14,6,1,102,44,32,26,72,216.6314285714286,41.37535714285714,26.225714285714282,286.58000000000004
2018-10-15,0,0,102,45,30,27,102,229.06285714285715,38.192857142857136,28.640000000000004,402.51
2018-10-16,1,0,103,46,29,28,103,225.75571428571428,31.707142857142856,31.28,235.64
2018-10-17,2,0,103,45,29,29,103,227.37142857142857,27.77285714285714,26.85571428571429,386.37
2018-10-18,3,0,102,44,29,29,102,209.98,24.874285714285715,28.25,147.5
2018-10-19,4,0,102,43,29,30,102,193.15714285714284,24.25142857142857,26.83142857142857,110.35
2018-10-20,5,1,103,44,27,32,80,195.9942857142857,24.564285714285713,23.740000000000002,216.44
2018-10-21,6,1,104,43,29,32,73,199.72857142857143,22.961428571428574,27.56142857142857,331.84000000000003
2018-10-22,0,0,106,45,30,31,106,176.13142857142856,21.464285714285715,24.319999999999997,179.6
2018-10-23,1,0,106,45,29,32,106,192.38428571428568,23.75428571428571,21.735714285714288,365.04
2018-10-24,2,0,106,45,31,30,106,187.6514285714286,24.69142857142857,22.98428571428571,314.07
2018-10-25,3,0,106,45,29,32,106,217.09714285714287,26.482857142857142,24.277142857142856,445.59
2018-10-26,4,0,105,43,31,31,105,250.17000000000002,30.830000000000002,24.224285714285717,379.49
2018-10-27,5,1,105,42,32,31,77,261.3357142857143,32.77857142857143,29.44714285714286,344.94
2018-10-28,6,1,104,43,32,29,78,262.20714285714286,34.44714285714286,27.771428571428572,337.89
2018-10-29,0,0,104,43,32,29,104,275.08142857142855,32.55285714285714,29.895714285714288,271.33
2018-10-30,1,0,103,41,33,29,103,250.46714285714285,31.59,35.40071428571429,207.14
2018-10-31,2,0,103,41,33,29,103,245.93571428571428,32.13857142857143,34.15214285714286,274.46
2018-11-01,3,0,104,41,33,30,104,227.68714285714285,29.131428571428568,36.019285714285715,239.49
2018-11-02,4,0,104,44,30,30,104,217.22142857142856,26.198571428571427,37.00642857142857,285.04
2018-11-03,5,1,103,42,31,30,73,212.9542857142857,22.60571428571429,32.214999999999996,249.01
2018-11-04,6,1,104,43,32,29,73,208.82571428571433,21.578571428571426,35.629999999999995,352.34
2018-11-05,0,0,105,43,32,30,105,205.78428571428572,26.32857142857143,36.589999999999996,290.01
2018-11-06,1,0,105,43,33,29,105,224.78571428571428,26.808571428571423,31.685,308.87999999999994
2018-11-07,2,0,104,42,34,28,104,229.8042857142857,30.13714285714286,35.214999999999996,360.59
2018-11-08,3,0,103,40,34,29,103,242.26285714285714,29.615714285714287,31.037857142857142,293.81
2018-11-09,4,0,104,41,34,29,104,252.61142857142858,29.63285714285714,30.970714285714287,357.13000000000005
2018-11-10,5,1,105,42,33,30,84,249.17000000000002,31.048571428571428,32.017857142857146,249.53
2018-11-11,6,1,105,43,31,31,82,240.16285714285712,34.74714285714286,32.017857142857146,302.83
2018-11-12,0,0,105,45,28,32,105,246.22714285714287,34.97,28.76928571428572,310.32
2018-11-13,1,0,106,48,26,32,106,239.29714285714286,39.381428571428565,31.726428571428574,311.95
2018-11-14,2,0,106,48,26,32,106,229.57,36.44428571428571,31.349285714285713,269.3
2018-11-15,3,0,105,48,27,30,105,235.35999999999999,36.20142857142857,30.97214285714286,367.73
2018-11-16,4,0,105,48,27,30,105,213.96857142857144,34.92142857142857,33.837857142857146,218.49
2018-11-17,5,1,104,45,29,30,76,214.08142857142857,33.60285714285714,36.94357142857143,262.83000000000004
2018-11-18,6,1,105,44,32,29,82,212.74,30.125714285714288,33.25285714285714,228.98
2018-11-19,0,0,105,45,32,28,105,220.44,25.725714285714286,35.89,381.17
2018-11-20,1,0,105,47,31,27,105,222.02,19.374285714285715,34.135714285714286,264.26
2018-11-21,2,0,104,44,32,28,104,214.8242857142857,17.412857142857142,34.40571428571429,207.09
2018-11-22,3,0,104,44,30,30,104,194.06,19.675714285714285,39.03142857142858,232.87
2018-11-23,4,0,104,44,32,28,104,202.60142857142858,23.09142857142857,36.614285714285714,285.27
2018-11-24,5,1,106,45,33,28,75,195.32999999999998,25.99285714285714,34.31285714285715,216.13
2018-11-25,6,1,105,44,34,27,78,183.87714285714284,25.654285714285713,34.23571428571429,145.9
2018-11-26,0,0,105,45,33,27,105,177.33142857142857,30.18857142857143,33.48428571428572,333.5
2018-11-27,1,0,105,42,38,25,105,187.46571428571428,30.18857142857143,35.11857142857143,340.75
2018-11-28,2,0,106,45,37,24,106,190.3757142857143,35.14857142857143,31.695714285714285,236.85
2018-11-29,3,0,104,43,38,23,104,190.79,34.26285714285714,27.801428571428573,202.31
2018-11-30,4,0,104,43,39,22,104,183.8414285714286,30.301428571428573,25.185714285714287,174.29000000000002
2018-12-01,5,1,102,41,38,23,75,191.80428571428573,27.975714285714282,25.378571428571426,256.94
2018-12-02,6,1,102,40,39,23,77,220.5157142857143,27.78714285714286,23.58571428571429,368.16
2018-12-03,0,0,104,41,41,22,104,227.0614285714286,26.98714285714286,23.312857142857144,378.55
2018-12-04,1,0,104,41,41,22,104,217.23857142857145,30.807142857142857,19.82,277.59000000000003
2018-12-05,2,0,104,41,41,22,104,233.6542857142857,30.22714285714286,21.110000000000003,358.1
2018-12-06,3,0,103,40,39,24,103,213.29,28.849999999999998,20.37857142857143,1.0
2018-12-07,4,0,103,40,40,23,103,233.2057142857143,33.910000000000004,21.487142857142857,395.71
2018-12-08,5,1,103,40,40,23,78,206.07714285714286,33.237142857142864,19.011428571428574,0.78
2018-12-09,6,1,104,40,40,24,76,204.9,34.67857142857143,20.034285714285716,342.02000000000004
2018-12-10,0,0,102,39,41,22,102,185.3342857142857,34.43,18.85,224.82
2018-12-11,1,0,102,38,40,24,102,180.2914285714286,34.46857142857143,19.44,251.28
2018-12-12,2,0,101,39,37,25,101,175.76,33.237142857142864,19.045714285714286,315.0
2018-12-13,3,0,101,39,37,25,101,216.4742857142857,33.94285714285714,19.464285714285715,356.88
2018-12-14,4,0,101,39,39,23,101,196.8785714285714,28.882857142857144,18.35571428571429,178.94
2018-12-15,5,1,101,39,40,22,75,237.59285714285716,29.01142857142857,18.675714285714285,349.06
2018-12-16,6,1,100,40,38,22,79,216.3957142857143,27.139999999999997,17.652857142857144,157.84
2018-12-17,0,0,101,40,39,22,101,235.96142857142857,23.747142857142858,19.124285714285715,407.9
2018-12-18,1,0,101,43,36,22,101,242.45714285714283,23.321428571428573,18.534285714285716,276.74
2018-12-19,2,0,101,45,33,23,101,208.11714285714288,19.985714285714288,17.638571428571428,0.52
2018-12-20,3,0,101,45,32,24,101,191.21857142857144,22.722857142857144,20.84142857142857,261.16
2018-12-21,4,0,100,44,33,23,100,201.18857142857146,25.884285714285713,20.84142857142857,278.95
2018-12-22,5,1,100,43,35,22,72,188.23000000000002,25.755714285714287,23.548571428571428,253.9
2018-12-23,6,1,102,45,35,22,79,203.78,26.94,29.09857142857143,329.37
2018-12-24,0,0,105,48,33,24,105,193.03142857142856,32.848214285714285,31.017142857142858,330.36
2018-12-25,1,0,105,48,33,24,105,202.1357142857143,31.521071428571428,34.37428571428571,367.58
2018-12-26,2,0,105,48,33,24,105,242.84999999999997,33.042500000000004,34.37428571428571,382.44
2018-12-27,3,0,105,48,33,24,105,257.55428571428575,31.3425,31.164285714285715,329.72
2018-12-28,4,0,104,48,32,24,104,267.17999999999995,30.97821428571428,36.725,484.08
2018-12-29,5,1,103,47,33,23,77,280.1385714285714,30.97821428571428,35.916428571428575,398.44000000000005
2018-12-30,6,1,102,47,33,22,74,286.49571428571426,30.00107142857143,31.553571428571423,336.49
2018-12-31,0,0,104,48,34,22,104,297.2442857142857,25.49142857142857,30.49642857142857,371.94
2019-01-01,1,0,102,46,33,23,102,256.6242857142857,23.385714285714283,27.139285714285712,3.05
2019-01-02,2,0,102,47,31,24,102,249.1042857142857,21.86428571428571,28.576428571428572,283.95
2019-01-03,3,0,103,48,32,23,103,250.07571428571433,20.485714285714288,28.863571428571426,328.88
2019-01-04,4,0,104,49,33,22,104,250.07571428571433,20.042857142857144,25.604285714285716,448.63000000000005
2019-01-05,5,1,105,51,31,23,71,249.86571428571432,21.982857142857142,26.525714285714283,364.09
2019-01-06,6,1,105,51,30,24,78,242.7242857142857,24.268571428571427,28.78857142857143,318.34
2019-01-07,0,0,105,50,32,23,105,202.01000000000002,22.15142857142857,26.027142857142856,0.74
2019-01-08,1,0,105,49,35,21,105,242.12000000000003,22.662857142857142,26.498571428571427,332.65
2019-01-09,2,0,105,49,34,22,105,249.64000000000001,29.289642857142855,25.061428571428568,543.5300000000001
2019-01-10,3,0,103,48,35,20,103,246.7342857142857,32.13964285714286,26.812857142857144,340.75
2019-01-11,4,0,103,48,34,21,103,246.7342857142857,33.059642857142855,25.698571428571427,486.1
2019-01-12,5,1,103,49,33,21,76,246.9442857142857,37.746428571428574,24.312857142857144,466.59
2019-01-13,6,1,102,48,31,23,69,254.55285714285714,35.25357142857143,24.038571428571426,387.52
2019-01-14,0,0,102,49,30,23,102,295.26714285714286,37.32214285714286,27.805714285714284,417.37
2019-01-15,1,0,99,48,28,23,99,281.60857142857145,38.27357142857143,28.104285714285712,245.79
2019-01-16,2,0,99,49,28,22,99,281.60857142857145,34.20107142857143,30.764285714285712,389.04
2019-01-17,3,0,100,52,27,21,100,285.7371428571429,32.58678571428572,29.378571428571426,420.78
2019-01-18,4,0,102,53,27,22,102,270.1985714285714,32.285357142857144,29.978571428571428,254.55
2019-01-19,5,1,101,52,27,22,69,270.1985714285714,26.875714285714288,30.367142857142856,410.13
2019-01-20,6,1,101,51,28,22,75,270.1985714285714,26.875714285714285,32.35,530.1
2019-01-21,0,0,102,51,29,22,102,270.1985714285714,27.264285714285712,29.139999999999997,504.71
2019-01-22,1,0,102,53,26,23,102,284.4614285714286,28.681428571428572,30.655714285714286,574.85
2019-01-23,2,0,101,53,25,23,101,284.4614285714286,26.127142857142854,28.01571428571429,419.99
2019-01-24,3,0,102,55,25,22,102,284.4614285714286,25.142857142857142,27.368571428571432,357.56
2019-01-25,4,0,102,55,25,22,102,288.9557142857143,24.15285714285714,25.58142857142857,260.92
2019-01-26,5,1,102,56,25,21,73,288.9557142857143,24.55,25.525714285714287,531.64
2019-01-27,6,1,103,58,24,21,74,288.9557142857143,26.444285714285712,24.452857142857145,564.8100000000001
2019-01-28,0,0,103,55,26,22,103,288.9557142857143,26.11285714285714,27.05,377.27
2019-01-29,1,0,101,52,26,23,101,283.2628571428571,24.964285714285715,25.907142857142855,310.27
2019-01-30,2,0,103,54,24,25,103,283.2628571428571,25.91,28.298571428571424,410.93
2019-01-31,3,0,106,56,25,25,106,283.2628571428571,26.358571428571427,27.881428571428568,470.12
2019-02-01,4,0,105,55,25,25,105,290.50142857142856,25.78142857142857,33.442142857142855,354.22
2019-02-02,5,1,105,56,24,25,76,290.50142857142856,24.87285714285714,36.91571428571429,415.23
2019-02-03,6,1,103,55,23,25,76,281.99285714285713,24.365714285714287,35.137142857142855,296.29999999999995
2019-02-04,0,0,103,57,21,25,103,281.99285714285713,22.240000000000002,34.29571428571428,370.08
2019-02-05,1,0,104,56,23,25,104,278.40000000000003,20.50857142857143,34.82857142857143,267.15
2019-02-06,2,0,102,56,22,24,102,263.3228571428571,19.562857142857144,34.66571428571429,235.93
2019-02-07,3,0,102,56,22,24,102,261.83857142857147,20.501428571428573,34.66571428571429,330.24
2019-02-08,4,0,103,56,24,23,103,265.64428571428573,20.59714285714286,29.104999999999997,381.14
2019-02-09,5,1,104,54,26,24,70,257.1842857142857,21.645714285714288,25.919999999999998,299.69
2019-02-10,6,1,103,52,28,23,69,251.33285714285714,21.214285714285715,23.697142857142858,236.76
2019-02-11,0,0,103,54,26,23,103,238.16,23.310000000000002,24.39428571428571,273.53
2019-02-12,1,0,104,54,26,24,104,238.68571428571428,24.392857142857142,24.941428571428567,291.82
2019-02-13,2,0,104,53,26,25,104,238.07571428571433,29.08571428571429,23.48857142857143,258.61
2019-02-14,3,0,102,52,25,25,102,239.56,28.457142857142856,23.48857142857143,411.77
2019-02-15,4,0,100,52,24,24,100,239.56,30.947142857142858,24.852857142857143,416.88
2019-02-16,5,1,102,54,24,24,68,228.54857142857142,29.85857142857143,24.59428571428571,213.18
2019-02-17,6,1,102,54,25,23,69,210.01571428571427,30.6,24.509999999999998,106.92
2019-02-18,0,0,101,54,24,23,101,206.2242857142857,28.934285714285714,21.5,213.56
2019-02-19,1,0,99,53,24,22,99,198.1057142857143,31.504285714285718,19.277142857142856,236.44
2019-02-20,2,0,99,53,26,20,99,199.6885714285714,29.774285714285714,18.481428571428573,245.74
2019-02-21,3,0,101,55,26,20,101,199.68857142857146,32.08857142857143,18.481428571428573,355.94
2019-02-22,4,0,100,54,25,21,100,171.99428571428572,28.09714285714286,17.117142857142856,130.25
2019-02-23,5,1,100,54,23,23,74,175.95000000000002,29.752857142857142,16.302857142857142,246.76
2019-02-24,6,1,98,54,22,22,63,177.57,28.055714285714284,16.832857142857144,104.73000000000002
2019-02-25,0,0,99,55,22,22,99,175.78857142857143,27.625714285714285,17.93,201.15
2019-02-26,1,0,99,55,23,21,99,175.74714285714285,24.522857142857145,17.93,208.99
2019-02-27,2,0,99,53,25,21,99,159.62142857142857,22.841428571428573,18.722857142857144,132.91
2019-02-28,3,0,99,54,24,21,99,149.35999999999999,19.15285714285714,18.722857142857144,234.8
2019-03-01,4,0,96,51,24,21,96,154.8642857142857,21.602857142857143,18.722857142857144,182.78
2019-03-02,5,1,97,51,25,21,64,155.68714285714285,20.422857142857143,17.608571428571427,236.46
2019-03-03,6,1,97,52,24,21,70,157.52142857142857,20.422857142857143,19.771428571428572,139.5
2019-03-04,0,0,99,53,25,21,99,172.07999999999998,20.422857142857143,19.73428571428571,301.16
2019-03-05,1,0,100,56,24,20,100,165.54285714285714,20.412857142857145,19.73428571428571,166.86
2019-03-06,2,0,102,57,25,20,102,182.88285714285712,23.09857142857143,18.94142857142857,253.50000000000003
2019-03-07,3,0,102,56,26,20,102,160.3714285714286,29.725357142857145,21.0,162.62
2019-03-08,4,0,101,55,27,19,101,172.0742857142857,27.275357142857143,21.0,245.64
2019-03-09,5,1,102,56,25,21,67,173.0442857142857,27.732499999999998,22.407142857142862,256.3
2019-03-10,6,1,103,55,26,22,70,193.9485714285714,27.732499999999998,21.207142857142856,279.12
2019-03-11,0,0,103,54,27,22,103,181.02142857142854,29.509642857142858,25.70785714285714,270.87
2019-03-12,1,0,104,54,31,19,104,193.4042857142857,31.438214285714285,25.87357142857143,270.92
2019-03-13,2,0,104,55,30,19,104,185.5942857142857,29.503928571428577,25.87357142857143,194.42
2019-03-14,3,0,105,55,30,20,105,218.36714285714288,25.17142857142857,24.020714285714288,380.27
2019-03-15,4,0,105,54,28,23,105,225.68428571428572,26.118571428571432,24.020714285714288,312.91
2019-03-16,5,1,103,53,27,23,77,218.24142857142857,25.419999999999998,25.76642857142857,211.53000000000003
2019-03-17,6,1,103,53,27,23,68,219.9114285714286,25.419999999999998,26.399285714285714,295.43
2019-03-18,0,0,102,53,26,23,102,216.9157142857143,26.112857142857145,20.83857142857143,201.44
2019-03-19,1,0,102,54,25,23,102,210.97285714285712,25.224285714285713,24.35571428571429,247.72
2019-03-20,2,0,104,55,24,25,104,217.59285714285716,24.18857142857143,26.232857142857142,251.56
2019-03-21,3,0,105,56,25,24,105,193.3114285714286,25.029999999999998,26.027142857142856,178.52
2019-03-22,4,0,105,57,24,24,105,194.74428571428572,26.814285714285713,27.032857142857143,344.0
2019-03-23,5,1,105,58,22,25,68,183.10857142857142,26.142857142857142,25.755714285714287,116.44
2019-03-24,6,1,105,57,24,24,78,178.8142857142857,26.28,25.63857142857143,266.91
2019-03-25,0,0,105,57,23,25,105,183.1757142857143,25.84714285714286,27.014285714285716,243.65
2019-03-26,1,0,105,57,23,25,105,193.91,26.142857142857142,24.04428571428571,304.14
2019-03-27,2,0,105,58,23,24,105,190.61999999999998,27.722857142857144,24.395714285714284,242.05
2019-03-28,3,0,108,59,25,24,108,186.25,24.830000000000002,24.395714285714284,122.42
2019-03-29,4,0,108,59,25,24,108,170.88857142857142,23.84857142857143,23.390000000000004,222.32
2019-03-30,5,1,108,58,26,24,71,172.7442857142857,25.532857142857146,22.37142857142857,134.09
2019-03-31,6,1,108,58,25,25,81,161.52857142857144,26.330000000000002,23.23428571428571,200.02
2019-04-01,0,0,105,56,24,25,105,169.0,26.65142857142857,21.858571428571427,288.05
2019-04-02,1,0,105,58,21,26,105,156.96285714285713,25.395714285714288,24.755714285714284,231.37
2019-04-03,2,0,105,59,21,25,105,150.1042857142857,25.02285714285714,24.185714285714287,187.44
2019-04-04,3,0,105,59,22,24,105,174.8957142857143,25.68857142857143,25.114285714285717,315.84000000000003
2019-04-05,4,0,105,59,23,23,105,173.85142857142858,24.610000000000003,27.048571428571428,221.24
2019-04-06,5,1,104,56,24,24,67,170.6885714285714,25.214285714285715,26.122857142857146,109.7
2019-04-07,6,1,103,55,25,23,75,163.63000000000002,24.279999999999998,25.09,130.5
2019-04-08,0,0,102,52,28,22,102,138.4857142857143,22.745714285714286,26.002857142857142,108.21
2019-04-09,1,0,103,51,30,22,103,125.07857142857142,24.11285714285714,22.392857142857142,117.73
2019-04-10,2,0,105,52,31,22,105,140.7642857142857,26.58857142857143,20.73428571428571,298.01
2019-04-11,3,0,104,50,32,22,104,117.39999999999999,30.2,22.20285714285714,187.85
2019-04-12,4,0,103,48,33,22,103,109.21428571428571,34.497142857142855,20.865714285714287,184.66000000000005
2019-04-13,5,1,102,49,31,22,71,110.01571428571428,31.98,21.34857142857143,99.81
2019-04-14,6,1,101,50,30,21,67,111.19857142857143,31.98,19.818571428571428,129.22
2019-04-15,0,0,101,51,29,21,101,109.6557142857143,35.607142857142854,19.640000000000004,121.55
2019-04-16,1,0,101,50,31,20,101,124.99000000000001,36.33,19.640000000000004,225.83
2019-04-17,2,0,100,49,31,20,100,103.88285714285715,33.940000000000005,21.47857142857143,151.35
2019-04-18,3,0,98,46,32,20,98,90.39285714285714,29.419999999999998,19.08142857142857,1.28
2019-04-19,4,0,99,46,32,21,99,97.11714285714287,29.608571428571427,18.48428571428571,227.34
2019-04-20,5,1,99,45,33,21,68,102.78714285714285,32.30571428571428,21.072857142857142,177.76000000000002
2019-04-21,6,1,99,45,35,19,69,102.00142857142858,34.567142857142855,20.764285714285716,141.54
2019-04-22,0,0,99,44,35,20,99,136.96571428571428,33.22571428571429,22.732857142857142,408.42
2019-04-23,1,0,99,45,34,20,99,127.4057142857143,30.961428571428574,25.66857142857143,172.0
2019-04-24,2,0,99,47,33,19,99,151.44142857142856,32.01857142857143,23.830000000000002,308.01
2019-04-25,3,0,99,49,30,20,99,163.25,36.794285714285714,29.39071428571429,201.82
2019-04-26,4,0,98,50,28,20,98,170.14857142857142,31.974285714285717,30.842142857142857,253.58
2019-04-27,5,1,98,51,28,19,65,170.98857142857145,31.869999999999997,33.21142857142857,211.06
2019-04-28,6,1,99,50,31,18,65,159.31,29.608571428571427,33.21142857142857,1.24
2019-04-29,0,0,99,50,32,17,99,142.32999999999998,26.49857142857143,31.048571428571428,212.52
2019-04-30,1,0,100,51,34,15,100,146.31285714285715,29.037142857142857,28.11285714285714,188.6
2019-05-01,2,0,101,54,32,15,101,116.68571428571428,25.689999999999998,28.11285714285714,62.96
2019-05-02,3,0,101,55,30,16,101,122.05857142857143,24.454285714285714,22.552142857142858,180.8
2019-05-03,4,0,101,56,30,15,101,114.52714285714286,25.68857142857143,21.100714285714282,196.51
2019-05-04,5,1,100,56,29,15,67,114.3442857142857,23.095714285714287,17.294285714285714,150.17000000000002
2019-05-05,6,1,99,55,27,17,71,133.09571428571428,23.095714285714287,18.52,174.3
2019-05-06,0,0,99,56,26,17,99,128.8842857142857,24.687142857142856,18.16142857142857,194.07
2019-05-07,1,0,98,56,26,16,98,139.62285714285716,25.904285714285713,18.16142857142857,275.05999999999995
2019-05-08,2,0,100,58,25,17,100,144.52285714285713,29.189999999999998,20.33857142857143,155.85
2019-05-09,3,0,100,58,23,19,100,137.2657142857143,26.925714285714285,20.715714285714284,126.04
2019-05-10,4,0,100,58,22,20,100,125.25,27.56142857142857,21.29,123.7
2019-05-11,5,1,99,56,23,20,66,119.50285714285714,28.37142857142857,20.40142857142857,112.64
2019-05-12,6,1,100,59,21,20,70,125.08714285714287,28.37142857142857,19.75714285714286,210.62
2019-05-13,0,0,101,61,21,19,101,128.9757142857143,28.265714285714285,20.034285714285716,222.49
2019-05-14,1,0,101,60,22,19,101,121.99000000000001,24.064285714285713,21.512857142857143,208.95
2019-05-15,2,0,104,62,22,20,104,137.12,20.80857142857143,19.428571428571427,224.38
2019-05-16,3,0,104,62,23,19,104,137.45571428571427,20.518571428571427,19.592857142857145,127.51
2019-05-17,4,0,105,62,24,19,105,155.27857142857144,22.49285714285714,19.018571428571427,252.45
2019-05-18,5,1,105,62,24,19,65,154.33142857142857,22.472857142857144,21.415714285714284,122.65
2019-05-19,6,1,105,62,23,20,77,147.31714285714287,23.248571428571427,22.599999999999998,184.04
2019-05-20,0,0,105,62,23,20,105,143.15857142857143,23.534285714285716,22.154285714285713,192.26
2019-05-21,1,0,105,62,23,20,105,135.86857142857144,25.712857142857143,21.49142857142857,172.41
2019-05-22,2,0,105,62,24,19,105,136.1642857142857,26.052857142857142,23.62285714285714,243.75
2019-05-23,3,0,104,63,22,19,104,149.5742857142857,25.06714285714286,23.08142857142857,199.85
2019-05-24,4,0,103,61,22,20,103,156.6342857142857,21.51285714285714,23.961428571428574,288.96000000000004
2019-05-25,5,1,102,61,21,20,68,170.69714285714286,20.722857142857144,24.83857142857143,217.81
2019-05-26,6,1,102,61,20,21,72,171.75,19.947142857142858,24.75142857142857,176.32
2019-05-27,0,0,101,60,20,21,101,168.99285714285716,18.712857142857143,25.361428571428572,168.58999999999995
2019-05-28,1,0,99,58,20,21,99,168.82714285714286,17.694285714285716,24.981428571428573,161.46
2019-05-29,2,0,98,56,21,21,98,155.29571428571427,18.610000000000003,24.060000000000002,148.99
2019-05-30,3,0,98,57,20,21,98,145.31142857142856,18.610000000000003,25.005714285714287,145.87
2019-05-31,4,0,97,56,20,21,97,131.00571428571428,17.982857142857142,25.59142857142857,179.08
2019-06-01,5,1,97,55,21,21,68,121.38857142857144,17.982857142857142,21.451428571428572,110.4
2019-06-02,6,1,100,55,24,21,66,118.47571428571429,17.982857142857142,19.990000000000002,149.03
2019-06-03,0,0,100,56,23,21,100,114.93000000000002,17.445714285714285,19.36714285714286,116.23
2019-06-04,1,0,104,57,27,20,104,125.51714285714286,17.495714285714286,20.382857142857144,243.03
2019-06-05,2,0,106,58,28,20,106,137.58857142857144,16.601428571428574,19.82,223.29
2019-06-06,3,0,106,57,29,20,106,148.73428571428573,17.492857142857144,21.084285714285716,240.53
2019-06-07,4,0,106,56,30,20,106,150.07,17.812857142857144,20.99857142857143,199.52
2019-06-08,5,1,106,58,28,20,66,150.4742857142857,20.004285714285714,20.99857142857143,139.54
2019-06-09,6,1,105,57,27,21,75,144.60714285714286,20.447142857142858,24.068571428571428,138.26999999999998
2019-06-10,0,0,106,55,30,21,106,144.34142857142857,21.237142857142857,24.068571428571428,136.24
2019-06-11,1,0,105,53,32,20,105,141.63,21.647142857142857,27.05857142857143,247.85
2019-06-12,2,0,105,54,31,20,105,132.16285714285715,23.487142857142857,28.852857142857147,182.46
2019-06-13,3,0,106,53,32,21,106,124.98857142857142,22.595714285714287,26.642857142857142,146.82
2019-06-14,4,0,105,53,31,21,105,117.74428571428571,22.275714285714287,25.262857142857143,127.29999999999998
2019-06-15,5,1,103,52,30,21,79,114.78428571428572,23.102857142857143,27.385714285714283,143.5
2019-06-16,6,1,105,53,32,20,73,115.88571428571427,22.66,24.270000000000003,111.02
2019-06-17,0,0,103,53,30,20,103,118.96000000000001,22.11285714285714,25.88714285714286,168.32999999999998
2019-06-18,1,0,103,52,31,20,103,122.9157142857143,21.517142857142858,22.09857142857143,244.85
2019-06-19,2,0,103,53,30,20,103,123.94428571428571,19.617142857142856,19.564285714285713,158.34
2019-06-20,3,0,103,52,31,20,103,118.74714285714286,21.275714285714287,20.224285714285713,148.45
2019-06-21,4,0,104,50,33,21,104,128.37,22.43285714285714,20.224285714285713,210.2
2019-06-22,5,1,104,52,31,21,77,135.49571428571429,21.314285714285713,18.101428571428574,167.84
2019-06-23,6,1,105,53,31,21,78,136.08714285714285,21.314285714285713,21.372857142857146,136.78
2019-06-24,0,0,106,54,32,20,106,137.46,22.708571428571428,23.212857142857143,200.58
2019-06-25,1,0,106,54,35,17,106,120.48285714285716,23.7,22.560000000000002,120.36
2019-06-26,2,0,105,54,35,16,105,113.57714285714285,23.368571428571432,22.560000000000002,97.31
2019-06-27,3,0,105,55,34,16,105,114.01571428571428,21.71,23.41714285714286,143.89
2019-06-28,4,0,102,53,33,16,102,103.98,20.552857142857142,23.41714285714286,132.78
2019-06-29,5,1,99,51,32,16,68,97.75142857142858,18.65285714285714,23.41714285714286,94.29
2019-06-30,6,1,101,56,29,16,66,109.58857142857143,18.65285714285714,20.611428571428572,207.33
2019-07-01,0,0,101,56,27,18,101,103.39285714285714,17.422857142857143,17.65285714285714,127.89
2019-07-02,1,0,102,58,26,18,102,105.00999999999999,16.327142857142857,18.352857142857143,136.93
2019-07-03,2,0,102,58,26,18,102,123.09000000000002,17.284285714285712,18.352857142857143,240.83
2019-07-04,3,0,103,59,24,20,103,121.46714285714286,17.555714285714288,17.65,131.53
2019-07-05,4,0,105,61,25,19,105,126.81285714285715,19.15285714285714,17.85857142857143,184.08
2019-07-06,5,1,105,61,25,19,74,125.92571428571429,19.15285714285714,18.077142857142857,97.8
2019-07-07,6,1,104,59,26,19,73,117.97000000000001,19.15285714285714,18.414285714285715,146.73000000000002
2019-07-08,0,0,105,60,26,19,105,126.49714285714286,19.689999999999998,19.099999999999998,196.14
2019-07-09,1,0,105,59,27,19,105,127.86142857142859,21.122857142857146,18.4,146.95000000000002
2019-07-10,2,0,103,57,28,18,103,117.96571428571428,21.835714285714285,21.552857142857142,199.01
2019-07-11,3,0,103,56,29,18,103,123.35428571428572,22.052857142857142,20.73857142857143,162.2
2019-07-12,4,0,104,57,28,19,104,137.51857142857142,21.071428571428573,24.5,302.69
2019-07-13,5,1,104,57,28,19,72,138.57285714285715,21.071428571428573,24.779999999999998,115.74
2019-07-14,6,1,104,56,30,18,76,137.37571428571428,21.071428571428573,24.71,140.74
2019-07-15,0,0,104,57,27,20,104,139.41857142857143,20.127142857142854,25.582857142857144,209.13
2019-07-16,1,0,103,57,26,20,103,138.09857142857143,17.967142857142857,27.384285714285713,139.86
2019-07-17,2,0,105,59,27,19,105,144.62142857142857,16.825714285714287,24.231428571428573,214.43
2019-07-18,3,0,106,58,26,22,106,149.66,18.61285714285714,28.928571428571427,245.73
2019-07-19,4,0,106,56,27,23,106,143.93857142857144,21.887142857142855,27.48428571428571,275.45
2019-07-20,5,1,106,55,28,23,71,143.75571428571428,21.887142857142855,27.664285714285715,112.53
2019-07-21,6,1,105,56,26,23,74,138.5957142857143,21.887142857142855,28.93285714285714,118.96
2019-07-22,0,0,105,58,25,22,105,128.9,23.601428571428567,26.875714285714285,128.34
2019-07-23,1,0,104,58,25,21,104,122.25571428571428,25.282857142857143,25.074285714285715,81.88000000000001
2019-07-24,2,0,105,56,28,21,105,127.34428571428573,29.99,27.747142857142858,301.89
2019-07-25,3,0,104,55,28,21,104,123.36714285714285,29.03,24.611428571428576,189.22000000000003
2019-07-26,4,0,102,53,28,21,102,111.44285714285715,27.778571428571432,27.470000000000002,203.23
2019-07-27,5,1,102,53,27,22,71,114.29,27.827142857142857,26.791428571428575,133.82
2019-07-28,6,1,103,55,25,23,73,112.08428571428571,27.82714285714286,25.407142857142855,87.48
2019-07-29,0,0,103,55,25,23,103,123.30857142857144,28.73714285714286,29.208571428571425,251.22000000000003
2019-07-30,1,0,101,53,26,22,101,134.43714285714287,28.16714285714286,32.94714285714286,192.59000000000003
2019-07-31,2,0,101,53,26,22,101,123.73714285714286,22.931428571428572,30.274285714285714,152.57
2019-08-01,3,0,100,53,25,22,100,139.12,21.948571428571427,32.05142857142857,302.46
2019-08-02,4,0,102,53,27,22,102,140.20142857142858,19.979999999999997,27.617142857142856,165.98000000000002
2019-08-03,5,1,102,51,28,23,67,133.38285714285715,20.099999999999998,28.924285714285713,96.21
2019-08-04,6,1,100,50,26,24,71,141.01,21.395714285714288,30.364285714285717,169.29999999999998
2019-08-05,0,0,99,46,29,24,99,121.80142857142856,19.487142857142857,27.175714285714285,81.08000000000001
2019-08-06,1,0,100,48,28,24,100,120.15285714285713,18.18285714285714,28.134285714285713,173.95
2019-08-07,2,0,99,47,27,25,99,108.32000000000001,18.95,30.175714285714285,108.46
2019-08-08,3,0,100,49,26,25,100,87.01285714285714,20.452857142857145,30.198571428571427,163.99
2019-08-09,4,0,99,48,26,25,99,76.91428571428571,22.79714285714286,29.35,105.76000000000002
2019-08-10,5,1,97,46,26,25,70,78.78285714285714,24.74857142857143,28.267142857142858,115.37
2019-08-11,6,1,97,46,26,25,73,73.58857142857143,23.452857142857145,28.827142857142857,127.04
2019-08-12,0,0,97,46,26,25,97,101.24571428571429,25.139999999999997,32.035714285714285,308.95
2019-08-13,1,0,97,47,26,24,97,98.6542857142857,25.139999999999997,30.572857142857142,141.82999999999998
2019-08-14,2,0,98,48,26,24,98,109.11142857142856,24.747142857142858,29.407142857142862,170.75
2019-08-15,3,0,101,50,28,23,101,106.35285714285715,24.472857142857144,29.47142857142857,143.20999999999998
2019-08-16,4,0,102,50,30,22,102,111.21714285714286,25.89428571428571,29.37,148.51000000000002
2019-08-17,5,1,104,53,29,22,77,114.81857142857142,23.774285714285714,31.708571428571428,139.76999999999998
2019-08-18,6,1,102,53,29,20,68,111.33714285714284,23.774285714285714,29.60571428571429,83.71
2019-08-19,0,0,101,53,28,20,101,85.63000000000001,23.465714285714284,25.784285714285716,99.81
2019-08-20,1,0,101,53,28,20,101,84.61285714285714,24.41,22.550000000000004,119.24
2019-08-21,2,0,100,53,26,21,100,84.09857142857143,25.825714285714287,22.09,173.84
2019-08-22,3,0,101,53,27,21,101,92.4342857142857,25.325714285714287,19.545714285714286,180.25
2019-08-23,4,0,101,51,29,21,101,91.4342857142857,23.005714285714287,23.17142857142857,151.19
2019-08-24,5,1,101,51,28,22,75,96.06142857142858,24.247142857142858,26.169285714285714,211.54
2019-08-25,6,1,104,52,28,24,75,100.47285714285715,24.247142857142858,25.483571428571427,109.85
2019-08-26,0,0,105,54,27,24,105,110.78428571428572,24.614285714285717,25.483571428571427,172.81
2019-08-27,1,0,105,54,28,23,105,118.94142857142856,23.669999999999998,25.483571428571427,166.37
2019-08-28,2,0,106,54,29,23,106,110.8157142857143,22.068571428571428,25.067857142857143,102.33
2019-08-29,3,0,105,54,28,23,105,108.78999999999999,22.62142857142857,27.97214285714286,190.27
2019-08-30,4,0,105,54,27,24,105,116.51857142857143,20.505714285714287,26.567857142857147,171.87
2019-08-31,5,1,105,56,25,24,79,110.08999999999999,19.264285714285712,21.97,117.31
2019-09-01,6,1,105,56,25,24,74,109.60285714285715,20.124285714285715,21.97,111.79
2019-09-02,0,0,104,57,24,23,104,108.54714285714284,17.95,23.39428571428571,162.2
2019-09-03,1,0,104,57,26,21,104,99.38000000000001,18.73857142857143,26.8,142.78
2019-09-04,2,0,105,59,26,20,105,117.89999999999999,19.087142857142858,26.8,228.12
2019-09-05,3,0,104,57,26,21,104,114.66285714285716,17.472857142857144,25.01571428571429,129.98
2019-09-06,4,0,104,57,25,22,104,123.47285714285715,18.071428571428573,22.794285714285714,223.22
2019-09-07,5,1,105,56,26,23,69,130.24142857142857,21.060000000000002,25.108571428571427,202.8
2019-09-08,6,1,104,56,25,23,66,135.28428571428572,20.59,27.66,167.26
2019-09-09,0,0,104,56,26,22,104,144.32714285714286,20.302857142857142,26.235714285714288,199.54
2019-09-10,1,0,103,56,25,22,103,153.67285714285714,24.110000000000003,26.07,233.69
2019-09-11,2,0,103,55,26,22,103,166.1657142857143,23.572857142857146,26.07,314.74
2019-09-12,3,0,104,56,26,22,104,173.43714285714287,25.845714285714287,24.068571428571428,191.76
2019-09-13,4,0,104,58,24,22,104,162.20142857142858,27.460000000000004,25.758571428571425,175.44
2019-09-14,5,1,106,61,24,21,73,160.21142857142857,26.224285714285713,25.697142857142858,179.79
2019-09-15,6,1,105,59,26,20,70,160.25714285714284,25.834285714285716,24.085714285714285,153.52999999999997
2019-09-16,0,0,105,59,26,20,105,156.21571428571428,25.834285714285716,27.235714285714284,206.75
2019-09-17,1,0,105,59,26,20,105,154.53285714285715,22.33285714285714,24.304285714285715,176.88
2019-09-18,2,0,105,60,25,20,105,135.57,22.33285714285714,25.787142857142857,192.59
2019-09-19,3,0,105,57,28,20,105,146.72857142857143,20.060000000000002,27.795714285714286,270.72
2019-09-20,4,0,104,56,28,20,104,172.71142857142857,17.847142857142856,26.99857142857143,381.3
2019-09-21,5,1,105,57,28,20,68,184.67142857142858,16.094285714285714,27.594285714285718,249.24
2019-09-22,6,1,104,55,29,20,78,209.81999999999996,16.094285714285714,26.654285714285713,313.99
2019-09-23,0,0,105,57,29,19,105,230.50142857142853,16.389999999999997,24.279999999999998,426.09
2019-09-24,1,0,105,59,27,19,105,253.7785714285714,17.66857142857143,23.971428571428568,466.21
2019-09-25,2,0,105,60,26,19,105,264.45714285714286,20.747142857142855,23.56142857142857,289.68
2019-09-26,3,0,105,61,26,18,105,263.71142857142854,22.89428571428571,22.12,272.6
2019-09-27,4,0,103,61,25,17,103,261.26142857142855,22.89428571428571,21.291428571428572,307.78000000000003
2019-09-28,5,1,103,60,26,17,66,263.0671428571428,22.89428571428571,18.692857142857143,247.59
2019-09-29,6,1,102,59,24,19,72,264.0628571428571,22.89428571428571,18.692857142857143,348.12
2019-09-30,0,0,102,61,21,20,102,264.0628571428571,23.554285714285715,17.917142857142856,367.33
2019-10-01,1,0,103,61,22,20,103,264.0628571428571,24.06,22.314285714285713,402.69999999999993
2019-10-02,2,0,105,62,22,21,105,261.71714285714285,21.995714285714286,22.08142857142857,257.18
2019-10-03,3,0,105,61,24,20,105,269.8128571428571,21.165714285714284,22.224285714285713,324.46000000000004
2019-10-04,4,0,104,61,23,20,104,251.09857142857143,23.705714285714286,24.22142857142857,214.06
2019-10-05,5,1,105,61,22,22,69,237.75142857142856,23.874285714285715,23.312857142857144,151.25
2019-10-06,6,1,105,60,23,22,72,218.70999999999998,23.892857142857142,23.65285714285714,199.22
2019-10-07,0,0,104,59,23,22,104,218.70999999999998,23.00857142857143,26.09,398.8
2019-10-08,1,0,107,62,24,21,107,218.70999999999998,25.214285714285715,21.692857142857143,369.23
