fecha,dia_semana,es_fin_de_semana,n_total,n_low,n_medium,n_high,n_presentes,N02BE_demand,N05B_demand,M01AB_demand,total_demand,nombre_dia,mes,N02BE_demand_lag1,N02BE_demand_lag7,N02BE_demand_rolling7,N05B_demand_lag1,N05B_demand_lag7,N05B_demand_rolling7,M01AB_demand_lag1,M01AB_demand_lag7,M01AB_demand_rolling7
2014-01-09,3,0,103,60,28,15,103,171.11,38.15,20.7,229.96,Jueves,1,181.34,222.17,186.2028571428571,45.42,15.35,27.592857142857145,15.56,0.12,13.545714285714284
2014-01-10,4,0,103,60,28,15,103,366.32,35.62,14.82,416.76,Viernes,1,171.11,347.97,188.8242857142857,38.15,35.6,27.595714285714287,20.7,25.48,12.022857142857145
2014-01-11,5,1,100,58,29,13,70,245.55,30.9,14.14,290.59,Sabado,1,366.32,268.73,185.51285714285714,35.62,19.84,29.17571428571429,14.82,6.37,13.132857142857144
2014-01-12,6,1,99,58,28,13,63,52.12,15.36,5.87,73.35,Domingo,1,245.55,187.14,166.2242857142857,30.9,16.71,28.982857142857142,14.14,12.45,12.192857142857141
2014-01-13,0,0,101,59,30,12,101,348.3,20.28,17.73,386.31000000000006,Lunes,1,52.12,147.13,194.96285714285713,15.36,37.07,26.584285714285716,5.87,13.49,12.79857142857143
2014-01-14,1,0,102,58,31,13,102,230.25,16.22,14.69,261.16,Martes,1,348.3,0.0,227.8557142857143,20.28,0.36,28.849999999999998,17.73,0.77,14.787142857142856
2014-01-15,2,0,105,62,28,15,105,187.79,29.43,11.56,228.78,Miercoles,1,230.25,181.34,228.77714285714288,16.22,45.42,26.565714285714282,14.69,15.56,14.215714285714284
2014-01-16,3,0,104,61,28,15,104,199.07,45.32,18.36,262.75,Jueves,1,187.79,171.11,232.77142857142854,29.43,38.15,27.59,11.56,20.7,13.881428571428572
2014-01-17,4,0,103,61,28,14,103,141.29,35.86,5.98,183.13,Viernes,1,199.07,366.32,200.6242857142857,45.32,35.62,27.624285714285715,18.36,14.82,12.618571428571428
2014-01-18,5,1,103,60,29,14,68,195.94,34.6,3.02,233.56,Sabado,1,141.29,245.55,193.53714285714287,35.86,30.9,28.15285714285714,5.98,14.14,11.03
2014-01-19,6,1,103,59,30,14,66,62.07,8.64,11.47,82.18,Domingo,1,195.94,52.12,194.95857142857145,34.6,15.36,27.192857142857147,3.02,5.87,11.83
2014-01-20,0,0,106,60,31,15,106,86.23,47.41,17.72,151.36,Lunes,1,62.07,348.3,157.51999999999998,8.64,20.28,31.06857142857143,11.47,17.73,11.828571428571431
2014-01-21,1,0,105,59,31,15,105,296.33,38.55,6.0,340.88,Martes,1,86.23,230.25,166.96,47.41,16.22,34.25857142857143,17.72,14.69,10.58714285714286
2014-01-22,2,0,105,60,30,15,105,131.83,27.26,21.54,180.63,Miercoles,1,296.33,187.79,158.96571428571428,38.55,29.43,33.94857142857143,6.0,11.56,12.012857142857143
2014-01-23,3,0,105,58,33,14,105,185.57,5.81,11.56,202.94,Jueves,1,131.83,199.07,157.03714285714287,27.26,45.32,28.304285714285715,21.54,18.36,11.041428571428572
2014-01-24,4,0,104,57,33,14,104,140.51,35.54,12.23,188.28,Viernes,1,185.57,141.29,156.9257142857143,5.81,35.86,28.25857142857143,11.56,5.98,11.934285714285716
2014-01-25,5,1,105,59,32,14,71,178.45,41.43,16.06,235.94,Sabado,1,140.51,195.94,154.42714285714285,35.54,34.6,29.23428571428571,12.23,3.02,13.797142857142859
2014-01-26,6,1,105,60,31,14,66,105.49,9.1,12.37,126.96,Domingo,1,178.45,62.07,160.63000000000002,41.43,8.64,29.3,16.06,11.47,13.925714285714287
2014-01-27,0,0,105,61,30,14,105,165.91,41.76,12.17,219.84,Lunes,1,105.49,86.23,172.01285714285714,9.1,47.41,28.492857142857144,12.37,17.72,13.132857142857143
2014-01-28,1,0,105,62,30,13,105,95.72,53.73,15.9,165.35,Martes,1,165.91,296.33,143.3542857142857,41.76,38.55,30.66142857142857,12.17,6.0,14.547142857142859
2014-01-29,2,0,102,58,30,14,102,96.72,24.63,15.37,136.72,Miercoles,1,95.72,131.83,138.33857142857144,53.73,27.26,30.285714285714285,15.9,21.54,13.665714285714285
2014-01-30,3,0,102,58,31,13,102,174.53,17.26,7.85,199.64,Jueves,1,96.72,185.57,136.76142857142855,24.63,5.81,31.92142857142857,15.37,11.56,13.135714285714286
2014-01-31,4,0,102,57,32,13,102,184.62,22.95,2.24,209.81,Viernes,1,174.53,140.51,143.06285714285713,17.26,35.54,30.12285714285714,7.85,12.23,11.708571428571428
2014-02-01,5,1,102,59,30,13,72,206.03,28.13,10.46,244.62,Sabado,2,184.62,178.45,147.00285714285715,22.95,41.43,28.222857142857144,2.24,16.06,10.908571428571431
2014-02-02,6,1,103,60,28,15,74,63.97,13.2,20.72,97.89,Domingo,2,206.03,105.49,141.07142857142858,28.13,9.1,28.80857142857143,10.46,12.37,12.101428571428572
2014-02-03,0,0,102,59,28,15,102,222.31,38.45,15.01,275.77,Lunes,2,63.97,165.91,149.1285714285714,13.2,41.76,28.335714285714285,20.72,12.17,12.507142857142856
2014-02-04,1,0,102,58,26,18,102,208.68,22.07,4.35,235.1,Martes,2,222.31,95.72,165.2657142857143,38.45,53.73,23.812857142857144,15.01,15.9,10.857142857142858
2014-02-05,2,0,103,58,28,17,103,220.46,39.95,10.72,271.13000000000005,Miercoles,2,208.68,96.72,182.94285714285712,22.07,24.63,26.001428571428573,4.35,15.37,10.192857142857145
2014-02-06,3,0,101,54,30,17,101,278.59,45.13,11.27,334.98999999999995,Jueves,2,220.46,174.53,197.80857142857144,39.95,17.26,29.982857142857142,10.72,7.85,10.68142857142857
2014-02-07,4,0,102,55,29,18,102,142.86,51.71,9.68,204.25000000000003,Viernes,2,278.59,184.62,191.84285714285713,45.13,22.95,34.09142857142857,11.27,2.24,11.744285714285715
2014-02-08,5,1,102,56,29,17,66,162.2,29.14,11.59,202.93,Sabado,2,142.86,206.03,185.58142857142857,51.71,28.13,34.23571428571429,9.68,10.46,11.905714285714286
2014-02-09,6,1,102,56,29,17,69,148.56,21.77,12.66,182.99,Domingo,2,162.2,63.97,197.66571428571427,29.14,13.2,35.46,11.59,20.72,10.754285714285714
2014-02-10,0,0,101,57,27,17,101,270.64,50.06,16.42,337.12,Lunes,2,148.56,222.31,204.57,21.77,38.45,37.118571428571435,12.66,15.01,10.955714285714285
2014-02-11,1,0,100,56,26,18,100,297.1,48.9,35.71,381.71,Martes,2,270.64,208.68,217.20142857142855,50.06,22.07,40.95142857142857,16.42,4.35,15.435714285714287
2014-02-12,2,0,100,56,26,18,100,427.59875,22.25,32.07,544.2800000000001,Miercoles,2,297.1,220.46,246.79267857142855,48.9,39.95,38.42285714285714,35.71,10.72,18.485714285714288
2014-02-13,3,0,101,56,27,18,101,332.68,33.35,17.02,383.05,Jueves,2,427.59875,278.59,254.51982142857145,22.25,45.13,36.74,32.07,11.27,19.307142857142857
2014-02-14,4,0,101,56,27,18,101,287.85,32.39,13.76,334.0,Viernes,2,332.68,142.86,275.2326785714286,33.35,51.71,33.980000000000004,17.02,9.68,19.890000000000004
2014-02-15,5,1,101,56,27,18,71,173.87,19.96,4.04,197.87,Sabado,2,287.85,162.2,276.89982142857144,32.39,29.14,32.66857142857143,13.76,11.59,18.81142857142857
2014-02-16,6,1,101,59,24,18,72,167.47,11.06,0.0,178.53,Domingo,2,173.87,148.56,279.60125,19.96,21.77,31.138571428571428,4.04,12.66,17.002857142857145
2014-02-17,0,0,98,58,22,18,98,177.89,28.39,26.3,232.58,Lunes,2,167.47,270.64,266.35125,11.06,50.06,28.042857142857144,0.0,16.42,18.414285714285715
2014-02-18,1,0,98,58,21,19,98,296.32,31.89,27.25,355.46,Martes,2,177.89,297.1,266.2398214285714,28.39,48.9,25.61285714285714,26.3,35.71,17.205714285714286
2014-02-19,2,0,98,58,21,19,98,427.59875,37.83,12.99,490.47,Miercoles,2,296.32,427.59875,266.2398214285714,31.89,22.25,27.83857142857143,27.25,32.07,14.480000000000002
2014-02-20,3,0,98,57,22,19,98,138.6,37.13,26.34,202.07,Jueves,2,427.59875,332.68,238.51410714285717,37.83,33.35,28.37857142857143,12.99,17.02,15.811428571428573
2014-02-21,4,0,100,59,22,19,100,172.21,38.95,21.63,232.79,Viernes,2,138.6,287.85,221.99410714285713,37.13,32.39,29.315714285714282,26.34,13.76,16.935714285714287
2014-02-22,5,1,102,60,22,20,67,114.44,26.77,27.6,168.81,Sabado,2,172.21,173.87,213.50410714285712,38.95,19.96,30.28857142857143,21.63,4.04,20.301428571428573
2014-02-23,6,1,103,60,23,20,66,94.73,21.51,3.84,120.08,Domingo,2,114.44,167.47,203.11267857142857,26.77,11.06,31.781428571428574,27.6,0.0,20.849999999999998
2014-02-24,0,0,103,59,25,19,103,180.51,8.16,27.17,215.84,Lunes,2,94.73,177.89,203.4869642857143,21.51,28.39,28.891428571428573,3.84,26.3,20.974285714285713
2014-02-25,1,0,105,61,24,20,105,245.93,33.65,20.66,300.24,Martes,2,180.51,296.32,196.28839285714284,8.16,31.89,29.142857142857142,27.17,27.25,20.032857142857146
2014-02-26,2,0,104,60,24,20,104,235.36,12.27,19.65,267.28000000000003,Miercoles,2,245.93,427.59875,168.82571428571427,33.65,37.83,25.49142857142857,20.66,12.99,20.98428571428571
2014-02-27,3,0,102,58,24,20,102,225.71,21.55,11.79,259.05,Jueves,2,235.36,138.6,181.27,12.27,37.13,23.26571428571429,19.65,26.34,18.905714285714286
2014-02-28,4,0,101,56,25,20,101,246.82,30.23,27.26,304.31,Viernes,2,225.71,172.21,191.92857142857142,21.55,38.95,22.020000000000003,11.79,21.63,19.71
2014-03-01,5,1,102,60,22,20,75,252.78,17.73,25.06,295.57,Sabado,3,246.82,114.44,211.6914285714286,30.23,26.77,20.72857142857143,27.26,27.6,19.34714285714286
2014-03-02,6,1,103,61,22,20,68,33.01,5.34,13.91,52.25999999999999,Domingo,3,252.78,94.73,202.87428571428572,17.73,21.51,18.41857142857143,25.06,3.84,20.785714285714285
2014-03-03,0,0,103,61,23,19,103,149.73,3.08,14.98,167.79,Lunes,3,33.01,180.51,198.47714285714284,5.34,8.16,17.692857142857143,13.91,27.17,19.044285714285714
2014-03-04,1,0,103,61,22,20,103,324.77,21.67,20.59,367.03,Martes,3,149.73,245.93,209.73999999999998,3.08,33.65,15.981428571428571,14.98,20.66,19.034285714285716
2014-03-05,2,0,103,62,20,21,103,169.58,11.02,12.89,193.49,Miercoles,3,324.77,235.36,200.34285714285716,21.67,12.27,15.802857142857144,20.59,19.65,18.068571428571428
2014-03-06,3,0,102,63,18,21,102,304.1,37.75,11.66,353.51000000000005,Jueves,3,169.58,225.71,211.54142857142855,11.02,21.55,18.117142857142856,12.89,11.79,18.05
2014-03-07,4,0,99,59,20,20,99,165.85,5.8,16.1,187.75,Viernes,3,304.1,246.82,199.97428571428574,37.75,30.23,14.627142857142857,11.66,27.26,16.455714285714286
2014-03-08,5,1,101,60,20,21,69,123.91,22.98,18.12,165.01,Sabado,3,165.85,252.78,181.5642857142857,5.8,17.73,15.377142857142857,16.1,25.06,15.464285714285714
2014-03-09,6,1,101,61,19,21,66,47.96,9.07,4.42,61.45,Domingo,3,123.91,33.01,183.7,22.98,5.34,15.91,18.12,13.91,14.108571428571429
2014-03-10,0,0,101,59,21,21,101,317.71,26.06,28.75,372.52,Lunes,3,47.96,149.73,207.69714285714286,9.07,3.08,19.192857142857143,4.42,14.98,16.075714285714287
2014-03-11,1,0,101,58,23,20,101,205.11,29.76,23.93,258.8,Martes,3,317.71,324.77,190.60285714285718,26.06,21.67,20.34857142857143,28.75,20.59,16.552857142857142
2014-03-12,2,0,101,57,23,21,101,129.67,55.1,26.55,211.32,Miercoles,3,205.11,169.58,184.90142857142857,29.76,11.02,26.645714285714284,23.93,12.89,18.504285714285714
2014-03-13,3,0,104,59,23,22,104,106.9,25.1,10.21,142.21,Jueves,3,129.67,304.1,156.73,55.1,37.75,24.83857142857143,26.55,11.66,18.29714285714286
2014-03-14,4,0,105,61,22,22,105,111.35,27.42,19.5,158.26999999999998,Viernes,3,106.9,165.85,148.9442857142857,25.1,5.8,27.927142857142858,10.21,16.1,18.782857142857146
2014-03-15,5,1,107,61,21,25,78,118.81,43.81,19.36,181.98,Sabado,3,111.35,123.91,148.21571428571428,27.42,22.98,30.90285714285714,19.5,18.12,18.96
2014-03-16,6,1,106,60,19,27,68,57.56,14.4,13.96,85.92000000000002,Domingo,3,118.81,47.96,149.58714285714285,43.81,9.07,31.664285714285715,19.36,4.42,20.322857142857146
2014-03-17,0,0,105,61,18,26,105,260.05,15.4,44.98,320.43,Lunes,3,57.56,317.71,141.35,14.4,26.06,30.141428571428573,13.96,28.75,22.641428571428573
2014-03-18,1,0,107,61,20,26,107,148.69,22.83,41.64,213.16,Martes,3,260.05,205.11,133.29,15.4,29.76,29.15142857142857,44.98,23.93,25.17142857142857
2014-03-19,2,0,107,61,20,26,107,157.02,6.28,20.24,183.54,Miercoles,3,148.69,129.67,137.19714285714286,22.83,55.1,22.177142857142858,41.64,26.55,24.270000000000003
2014-03-20,3,0,106,60,21,25,106,270.9,12.47,15.01,298.38,Jueves,3,157.02,106.9,160.6257142857143,6.28,25.1,20.37285714285714,20.24,10.21,24.955714285714286
2014-03-21,4,0,105,57,22,26,105,281.96,11.95,31.4,325.30999999999995,Viernes,3,270.9,111.35,184.99857142857144,12.47,27.42,18.162857142857142,15.01,19.5,26.655714285714286
2014-03-22,5,1,105,57,23,25,78,138.15,24.48,16.17,178.8,Sabado,3,281.96,118.81,187.76142857142858,11.95,43.81,15.401428571428571,31.4,19.36,26.199999999999996
2014-03-23,6,1,106,56,25,25,74,96.51,0.0,31.76,128.27,Domingo,3,138.15,57.56,193.32571428571427,24.48,14.4,13.344285714285714,16.17,13.96,28.742857142857144
2014-03-24,0,0,104,55,23,26,104,164.18,19.01,29.43,212.62,Lunes,3,96.51,260.05,179.63000000000002,0.0,15.4,13.860000000000001,31.76,44.98,26.521428571428572
2014-03-25,1,0,101,53,23,25,101,260.36,16.94,20.23,297.53000000000003,Martes,3,164.18,148.69,195.58285714285714,19.01,22.83,13.01857142857143,29.43,41.64,23.462857142857143
2014-03-26,2,0,102,54,21,27,102,47.85,20.1,13.21,81.16,Miercoles,3,260.36,157.02,179.98714285714286,16.94,6.28,14.992857142857144,20.23,20.24,22.458571428571425
2014-03-27,3,0,101,54,19,28,101,141.56,15.72,21.89,179.17000000000002,Jueves,3,47.85,270.9,161.51,20.1,12.47,15.457142857142857,13.21,15.01,23.44142857142857
2014-03-28,4,0,104,56,20,28,104,75.14,9.38,15.1,99.62,Viernes,3,141.56,281.96,131.96428571428572,15.72,11.95,15.090000000000002,21.89,31.4,21.11285714285714
2014-03-29,5,1,104,56,21,27,72,114.25,21.33,21.32,156.89999999999998,Sabado,3,75.14,138.15,128.55,9.38,24.48,14.64,15.1,16.17,21.84857142857143
2014-03-30,6,1,105,57,22,26,78,62.52,12.57,15.48,90.57,Domingo,3,114.25,96.51,123.69428571428571,21.33,0.0,16.435714285714287,21.32,31.76,19.52285714285714
2014-03-31,0,0,104,55,23,26,104,106.71,15.87,27.68,150.26,Lunes,3,62.52,164.18,115.48428571428573,12.57,19.01,15.987142857142857,15.48,29.43,19.27285714285714
2014-04-01,1,0,104,55,23,26,104,189.07,15.65,22.6,227.32,Martes,4,106.71,260.36,105.29999999999998,15.87,16.94,15.802857142857144,27.68,20.23,19.611428571428572
2014-04-02,2,0,104,54,23,27,104,159.17,3.03,10.21,172.41,Miercoles,4,189.07,47.85,121.20285714285716,15.65,20.1,13.364285714285714,22.6,13.21,19.18285714285714
2014-04-03,3,0,104,54,24,26,104,132.43,12.39,5.11,149.93,Jueves,4,159.17,141.56,119.89857142857143,3.03,15.72,12.888571428571428,10.21,21.89,16.785714285714285
2014-04-04,4,0,105,55,24,26,105,165.2,24.84,15.9,205.94,Viernes,4,132.43,75.14,132.7642857142857,12.39,9.38,15.097142857142856,5.11,15.1,16.900000000000002
2014-04-05,5,1,105,56,24,25,78,133.85,12.96,10.52,157.33,Sabado,4,165.2,114.25,135.56428571428572,24.84,21.33,13.901428571428571,15.9,21.32,15.357142857142858
2014-04-06,6,1,105,57,23,25,73,94.34,1.18,10.49,106.01,Domingo,4,133.85,62.52,140.10999999999999,12.96,12.57,12.274285714285714,10.52,15.48,14.644285714285715
2014-04-07,0,0,105,59,21,25,105,219.69,11.39,31.24,262.32,Lunes,4,94.34,106.71,156.25,1.18,15.87,11.634285714285713,10.49,27.68,15.152857142857144
2014-04-08,1,0,105,59,22,24,105,135.06,16.81,21.3,173.17000000000002,Martes,4,219.69,189.07,148.53428571428572,11.39,15.65,11.799999999999999,31.24,22.6,14.967142857142857
2014-04-09,2,0,105,58,22,25,105,126.17,6.04,29.83,162.04000000000002,Miercoles,4,135.06,159.17,143.82,16.81,3.03,12.23,21.3,10.21,17.77
2014-04-10,3,0,105,58,24,23,105,126.63,27.0,15.15,168.78,Jueves,4,126.17,132.43,142.99142857142857,6.04,12.39,14.317142857142857,29.83,5.11,19.204285714285714
2014-04-11,4,0,105,58,24,23,105,177.66,5.92,26.89,210.47,Viernes,4,126.63,165.2,144.77142857142857,27.0,24.84,11.614285714285714,15.15,15.9,20.774285714285718
2014-04-12,5,1,106,55,27,24,79,126.32,50.55,33.79,210.66,Sabado,4,177.66,133.85,143.69571428571427,5.92,12.96,16.984285714285715,26.89,10.52,24.09857142857143
2014-04-13,6,1,101,51,28,22,70,25.79,7.38,13.59,46.760000000000005,Domingo,4,126.32,94.34,133.90285714285713,50.55,1.18,17.869999999999997,33.79,10.49,24.541428571428575
2014-04-14,0,0,100,51,27,22,100,188.71,27.69,5.31,221.71,Lunes,4,25.79,219.69,129.47714285714284,7.38,11.39,20.198571428571427,13.59,31.24,20.837142857142858
2014-04-15,1,0,100,52,26,22,100,122.13,34.17,19.47,175.77,Martes,4,188.71,135.06,127.63,27.69,16.81,22.678571428571427,5.31,21.3,20.575714285714287
2014-04-16,2,0,100,52,27,21,100,168.49,1.07,8.86,178.42000000000002,Miercoles,4,122.13,126.17,133.6757142857143,34.17,6.04,21.96857142857143,19.47,29.83,17.580000000000002
2014-04-17,3,0,98,51,26,21,98,109.7,51.19,22.42,183.31,Jueves,4,168.49,126.63,131.25714285714287,1.07,27.0,25.424285714285713,8.86,15.15,18.618571428571425
2014-04-18,4,0,98,53,25,20,98,150.67,24.31,27.9,202.88,Viernes,4,109.7,177.66,127.40142857142858,51.19,5.92,28.05142857142857,22.42,26.89,18.762857142857143
2014-04-19,5,1,99,55,24,20,66,101.18,14.62,29.38,145.18,Sabado,4,150.67,126.32,123.81000000000002,24.31,50.55,22.91857142857143,27.9,33.79,18.132857142857144
2014-04-20,6,1,102,55,26,21,66,0.0,0.0,0.0,0.0,Domingo,4,101.18,25.79,120.1257142857143,14.62,7.38,21.864285714285717,29.38,13.59,16.19142857142857
2014-04-21,0,0,101,53,27,21,101,92.94,22.32,5.8,121.06,Lunes,4,0.0,188.71,106.44428571428571,0.0,27.69,21.09714285714286,0.0,5.31,16.26142857142857
2014-04-22,1,0,101,53,27,21,101,214.46,23.33,23.12,260.91,Martes,4,92.94,122.13,119.63428571428572,22.32,34.17,19.548571428571424,5.8,19.47,16.782857142857143
2014-04-23,2,0,100,54,25,21,100,165.35,20.2,25.94,211.49,Miercoles,4,214.46,168.49,119.18571428571428,23.33,1.07,22.28142857142857,23.12,8.86,19.222857142857144
2014-04-24,3,0,102,56,25,21,102,179.75,14.38,9.18,203.31,Jueves,4,165.35,109.7,129.19285714285712,20.2,51.19,17.02285714285714,25.94,22.42,17.33142857142857
2014-04-25,4,0,103,57,27,19,103,172.29,25.24,11.94,209.47,Viernes,4,179.75,150.67,132.28142857142856,14.38,24.31,17.155714285714286,9.18,27.9,15.051428571428572
2014-04-26,5,1,105,58,28,19,75,176.9,29.42,15.99,222.31,Sabado,4,172.29,101.18,143.09857142857143,25.24,14.62,19.270000000000003,11.94,29.38,13.138571428571428
2014-04-27,6,1,105,60,26,19,70,119.94,4.77,15.1,139.81,Domingo,4,176.9,0.0,160.23285714285717,29.42,0.0,19.951428571428572,15.99,0.0,15.295714285714284
2014-04-28,0,0,106,60,26,20,106,204.14,22.1,5.35,231.59,Lunes,4,119.94,92.94,176.1185714285714,4.77,22.32,19.919999999999998,15.1,5.8,15.231428571428571
2014-04-29,1,0,105,58,27,20,105,213.03,15.94,12.57,241.54,Martes,4,204.14,214.46,175.91428571428568,22.1,23.33,18.864285714285717,5.35,23.12,13.724285714285713
2014-04-30,2,0,106,60,27,19,106,303.54,28.43,15.78,347.75,Miercoles,4,213.03,165.35,195.6557142857143,15.94,20.2,20.04,12.57,25.94,12.272857142857143
2014-05-01,3,0,105,58,28,19,105,1.2,0.0,0.0,1.2,Jueves,5,303.54,179.75,170.14857142857142,28.43,14.38,17.985714285714288,15.78,9.18,10.96142857142857
2014-05-02,4,0,104,56,32,16,104,271.89,43.15,22.75,337.79,Viernes,5,1.2,172.29,184.37714285714284,0.0,25.24,20.544285714285714,0.0,11.94,12.505714285714285
2014-05-03,5,1,104,56,31,17,69,63.74,10.95,13.6,88.28999999999999,Sabado,5,271.89,176.9,168.21142857142854,43.15,29.42,17.905714285714286,22.75,15.99,12.164285714285713
2014-05-04,6,1,102,53,31,18,75,99.39,6.57,5.89,111.85,Domingo,5,63.74,119.94,165.2757142857143,10.95,4.77,18.162857142857142,13.6,15.1,10.848571428571429
2014-05-05,0,0,99,51,31,17,99,135.79,18.37,11.04,165.2,Lunes,5,99.39,204.14,155.51142857142855,6.57,22.1,17.63,5.89,5.35,11.661428571428571
2014-05-06,1,0,102,54,32,16,102,154.04,27.24,23.15,204.43,Martes,5,135.79,213.03,147.0842857142857,18.37,15.94,19.244285714285716,11.04,12.57,13.172857142857142
2014-05-07,2,0,104,56,31,17,104,117.17,22.87,11.61,151.64999999999998,Miercoles,5,154.04,303.54,120.46,27.24,28.43,18.45,23.15,15.78,12.577142857142857
2014-05-08,3,0,104,56,33,15,104,141.19,26.86,6.62,174.67000000000002,Jueves,5,117.17,1.2,140.45857142857142,22.87,0.0,22.287142857142857,11.61,0.0,13.522857142857143
2014-05-09,4,0,103,55,36,12,103,111.28,33.07,5.3,149.65,Viernes,5,141.19,271.89,117.5142857142857,26.86,43.15,20.84714285714286,6.62,22.75,11.03
2014-05-10,5,1,105,57,35,13,66,175.56,35.0,12.83,223.39,Sabado,5,111.28,63.74,133.48857142857145,33.07,10.95,24.282857142857146,5.3,13.6,10.92
2014-05-11,6,1,107,57,36,14,71,81.25,19.42,5.57,106.24,Domingo,5,175.56,99.39,130.89714285714285,35.0,6.57,26.118571428571432,12.83,5.89,10.874285714285714
2014-05-12,0,0,107,57,36,14,107,86.49,23.49,11.76,121.74,Lunes,5,81.25,135.79,123.85428571428572,19.42,18.37,26.85,5.57,11.04,10.977142857142857
2014-05-13,1,0,104,54,36,14,104,223.44,20.49,10.96,254.89,Martes,5,86.49,154.04,133.76857142857142,23.49,27.24,25.885714285714283,11.76,23.15,9.235714285714284
2014-05-14,2,0,105,54,35,16,105,167.67,10.41,2.95,181.03,Miercoles,5,223.44,117.17,140.98285714285714,20.49,22.87,24.10571428571428,10.96,11.61,7.998571428571428
2014-05-15,3,0,103,56,31,16,103,131.25,20.26,7.06,158.57,Jueves,5,167.67,141.19,139.56285714285713,10.41,26.86,23.162857142857145,2.95,6.62,8.061428571428571
2014-05-16,4,0,104,58,31,15,104,156.68,27.86,16.73,201.27,Viernes,5,131.25,111.28,146.04857142857142,20.26,33.07,22.418571428571425,7.06,5.3,9.694285714285714
2014-05-17,5,1,106,59,31,16,77,182.08,33.15,7.37,222.6,Sabado,5,156.68,175.56,146.98,27.86,35.0,22.154285714285713,16.73,12.83,8.914285714285715
2014-05-18,6,1,105,58,33,14,72,42.74,14.58,8.58,65.9,Domingo,5,182.08,81.25,141.47857142857143,33.15,19.42,21.46285714285714,7.37,5.57,9.344285714285714
2014-05-19,0,0,104,57,32,15,104,86.64,14.3,24.76,125.7,Lunes,5,42.74,86.49,141.5,14.58,23.49,20.150000000000002,8.58,11.76,11.20142857142857
2014-05-20,1,0,104,56,32,16,104,189.52,27.89,3.36,220.77000000000004,Martes,5,86.64,223.44,136.65428571428572,14.3,20.49,21.207142857142856,24.76,10.96,10.115714285714287
2014-05-21,2,0,104,57,32,15,104,104.87,16.28,5.85,127.0,Miercoles,5,189.52,167.67,127.68285714285716,27.89,10.41,22.045714285714286,3.36,2.95,10.530000000000001
2014-05-22,3,0,103,56,31,16,103,55.29,20.1,10.82,86.21000000000001,Jueves,5,104.87,131.25,116.83142857142857,16.28,20.26,22.022857142857145,5.85,7.06,11.067142857142857
2014-05-23,4,0,102,54,34,14,102,117.28,20.58,14.19,152.05,Viernes,5,55.29,156.68,111.20285714285714,20.1,27.86,20.982857142857142,10.82,16.73,10.704285714285714
2014-05-24,5,1,102,54,32,16,72,136.81,28.75,9.39,174.95,Sabado,5,117.28,182.08,104.73571428571428,20.58,33.15,20.354285714285716,14.19,7.37,10.992857142857144
2014-05-25,6,1,104,55,33,16,72,34.0,21.73,6.39,62.120000000000005,Domingo,5,136.81,42.74,103.48714285714287,28.75,14.58,21.375714285714285,9.39,8.58,10.680000000000001
2014-05-26,0,0,105,56,32,17,105,125.63,19.88,9.21,154.72,Lunes,5,34.0,86.64,109.05714285714285,21.73,14.3,22.17285714285714,6.39,24.76,8.45857142857143
2014-05-27,1,0,103,53,33,17,103,196.87,34.92,0.25,232.04,Martes,5,125.63,189.52,110.10714285714286,19.88,27.89,23.177142857142858,9.21,3.36,8.014285714285714
2014-05-28,2,0,103,53,31,19,103,72.32,25.22,4.45,101.99,Miercoles,5,196.87,104.87,105.45714285714284,34.92,16.28,24.454285714285714,0.25,5.85,7.814285714285715
2014-05-29,3,0,100,51,32,17,100,180.73,35.43,13.25,229.41,Jueves,5,72.32,55.29,123.37714285714286,25.22,20.1,26.64428571428571,4.45,10.82,8.161428571428571
2014-05-30,4,0,102,50,34,18,102,144.23,40.86,10.82,195.91,Viernes,5,180.73,117.28,127.22714285714287,35.43,20.58,29.541428571428572,13.25,14.19,7.68
2014-05-31,5,1,103,52,32,19,69,128.62,25.89,20.28,174.79,Sabado,5,144.23,136.81,126.05714285714285,40.86,28.75,29.132857142857144,10.82,9.39,9.235714285714286
2014-06-01,6,1,102,50,34,18,74,51.0,11.87,2.82,65.69,Domingo,6,128.62,34.0,128.4857142857143,25.89,21.73,27.724285714285717,20.28,6.39,8.725714285714286
2014-06-02,0,0,103,50,33,20,103,162.92,47.49,16.16,226.57,Lunes,6,51.0,125.63,133.81285714285713,11.87,19.88,31.668571428571425,2.82,9.21,9.718571428571428
2014-06-03,1,0,102,48,35,19,102,165.71,20.03,11.69,197.43,Martes,6,162.92,196.87,129.36142857142858,47.49,34.92,29.541428571428572,16.16,0.25,11.352857142857143
2014-06-04,2,0,103,48,35,20,103,166.59,18.45,3.5,188.54,Miercoles,6,165.71,72.32,142.82857142857142,20.03,25.22,28.574285714285715,11.69,4.45,11.217142857142857
2014-06-05,3,0,103,47,34,22,103,156.71,12.12,1.82,170.65,Jueves,6,166.59,180.73,139.39714285714285,18.45,35.43,25.244285714285713,3.5,13.25,9.584285714285715
2014-06-06,4,0,103,48,33,22,103,113.7,44.98,22.24,180.92,Viernes,6,156.71,144.23,135.03571428571428,12.12,40.86,25.832857142857144,1.82,10.82,11.215714285714284
2014-06-07,5,1,103,49,33,21,75,165.62,21.22,37.18,224.02,Sabado,6,113.7,128.62,140.32142857142858,44.98,25.89,25.165714285714284,22.24,20.28,13.629999999999999
2014-06-08,6,1,103,49,33,21,73,53.75,22.57,4.29,80.61,Domingo,6,165.62,51.0,140.71428571428572,21.22,11.87,26.694285714285712,37.18,2.82,13.840000000000002
2014-06-09,0,0,102,49,32,21,102,122.23,48.48,26.62,197.33,Lunes,6,53.75,162.92,134.90142857142857,22.57,47.49,26.835714285714285,4.29,16.16,15.334285714285713
2014-06-10,1,0,103,51,31,21,103,158.66,46.77,35.18,240.61,Martes,6,122.23,165.71,133.8942857142857,48.48,20.03,30.655714285714286,26.62,11.69,18.689999999999998
2014-06-11,2,0,102,51,30,21,102,87.4,45.51,18.35,151.26,Miercoles,6,158.66,166.59,122.58142857142857,46.77,18.45,34.521428571428565,35.18,3.5,20.81142857142857
2014-06-12,3,0,103,52,29,22,103,114.26,34.16,18.64,167.06,Jueves,6,87.4,156.71,116.51714285714286,45.51,12.12,37.67,18.35,1.82,23.214285714285715
2014-06-13,4,0,105,53,31,21,105,70.48,31.69,3.82,105.99,Viernes,6,114.26,113.7,110.34285714285714,34.16,44.98,35.771428571428565,18.64,22.24,20.58285714285714
2014-06-14,5,1,105,53,31,21,79,42.94,27.28,16.91,87.13,Sabado,6,70.48,165.62,92.81714285714285,31.69,21.22,36.637142857142855,3.82,37.18,17.687142857142856
2014-06-15,6,1,105,52,31,22,75,40.04,13.63,1.42,55.09,Domingo,6,42.94,53.75,90.85857142857142,27.28,22.57,35.36,16.91,4.29,17.277142857142856
2014-06-16,0,0,105,52,31,22,105,81.87,33.4,19.39,134.66000000000005,Lunes,6,40.04,122.23,85.09285714285714,13.63,48.48,33.205714285714286,1.42,26.62,16.244285714285716
2014-06-17,1,0,107,55,30,22,107,103.31,36.02,21.36,160.69,Martes,6,81.87,158.66,77.18571428571428,33.4,46.77,31.669999999999998,19.39,35.18,14.27
2014-06-18,2,0,107,55,31,21,107,131.72,18.93,9.04,159.69,Miercoles,6,103.31,87.4,83.51714285714286,36.02,45.51,27.872857142857146,21.36,18.35,12.939999999999998
2014-06-19,3,0,106,54,31,21,106,102.99,23.03,12.49,138.51,Jueves,6,131.72,114.26,81.90714285714286,18.93,34.16,26.282857142857146,9.04,18.64,12.061428571428573
2014-06-20,4,0,106,54,29,23,106,100.46,26.17,34.34,160.97,Viernes,6,102.99,70.48,86.18999999999998,23.03,31.69,25.494285714285716,12.49,3.82,16.42142857142857
2014-06-21,5,1,105,56,28,21,67,68.59,27.65,25.3,121.54,Sabado,6,100.46,42.94,89.85428571428572,26.17,27.28,25.54714285714286,34.34,16.91,17.62
2014-06-22,6,1,103,54,29,20,76,87.37,19.52,15.46,122.35,Domingo,6,68.59,40.04,96.61571428571428,27.65,13.63,26.388571428571428,25.3,1.42,19.625714285714285
2014-06-23,0,0,104,53,30,21,104,175.79,35.46,10.74,221.99,Lunes,6,87.37,81.87,110.03285714285714,19.52,33.4,26.68285714285715,15.46,19.39,18.390000000000004
2014-06-24,1,0,104,53,30,21,104,114.89,62.6325,12.66,193.43,Martes,6,175.79,103.31,111.68714285714285,35.46,36.02,30.48464285714286,10.74,21.36,17.147142857142857
2014-06-25,2,0,104,53,32,19,104,232.1,53.88,30.52,316.5,Miercoles,6,114.89,131.72,126.02714285714285,62.6325,18.93,35.4775,12.66,9.04,20.215714285714288
2014-06-26,3,0,103,52,31,20,103,131.44,41.49,11.82,184.75,Jueves,6,232.1,102.99,130.09142857142857,53.88,23.03,38.11464285714286,30.52,12.49,20.12
2014-06-27,4,0,102,50,31,21,102,224.16,37.94,18.58,280.68,Viernes,6,131.44,100.46,147.76285714285714,41.49,26.17,39.79607142857143,11.82,34.34,17.86857142857143
2014-06-28,5,1,102,50,32,20,67,91.78,36.62,1.78,130.18,Sabado,6,224.16,68.59,151.07571428571427,37.94,27.65,41.0775,18.58,25.3,14.508571428571429
2014-06-29,6,1,105,54,31,20,75,49.76,2.11,0.05,51.92,Domingo,6,91.78,87.37,145.70285714285714,36.62,19.52,38.59035714285715,1.78,15.46,12.307142857142855
2014-06-30,0,0,105,52,31,22,105,175.22,18.62,26.69,220.53,Lunes,6,49.76,175.79,145.62142857142857,2.11,35.46,36.184642857142855,0.05,10.74,14.585714285714285
2014-07-01,1,0,105,52,31,22,105,133.06,30.63,18.83,182.52,Martes,7,175.22,114.89,148.21714285714285,18.62,62.6325,31.61285714285714,26.69,12.66,15.467142857142857
2014-07-02,2,0,104,51,33,20,104,151.44,20.96,12.42,184.82,Miercoles,7,133.06,232.1,136.6942857142857,30.63,53.88,26.91,18.83,30.52,12.881428571428572
2014-07-03,3,0,105,53,32,20,105,86.26,21.45,8.34,116.05,Jueves,7,151.44,131.44,130.24,20.96,41.49,24.047142857142855,12.42,11.82,12.384285714285713
2014-07-04,4,0,105,54,32,19,105,73.65,39.99,16.46,130.10000000000002,Viernes,7,86.26,224.16,108.73857142857142,21.45,37.94,24.34,8.34,18.58,12.081428571428571
2014-07-05,5,1,105,53,34,18,75,187.57,27.91,11.86,227.34,Sabado,7,73.65,91.78,122.42285714285715,39.99,36.62,23.095714285714283,16.46,1.78,13.521428571428572
2014-07-06,6,1,105,52,33,20,76,53.71,24.08,15.93,93.72,Domingo,7,187.57,49.76,122.98714285714286,27.91,2.11,26.234285714285715,11.86,0.05,15.790000000000001
2014-07-07,0,0,105,53,31,21,105,90.97,31.85,8.34,131.16,Lunes,7,53.71,175.22,110.95142857142856,24.08,18.62,28.124285714285715,15.93,26.69,13.168571428571429
2014-07-08,1,0,105,53,31,21,105,99.47,10.05,26.29,135.81,Martes,7,90.97,133.06,106.15285714285714,31.85,30.63,25.184285714285718,8.34,18.83,14.234285714285715
2014-07-09,2,0,104,51,32,21,104,92.93,18.77,13.05,124.75,Miercoles,7,99.47,151.44,97.7942857142857,10.05,20.96,24.87142857142857,26.29,12.42,14.324285714285717
2014-07-10,3,0,104,52,32,20,104,144.66,62.6325,9.32,246.21,Jueves,7,92.93,86.26,106.13714285714286,18.77,21.45,30.754642857142862,13.05,8.34,14.464285714285714
2014-07-11,4,0,105,52,33,20,105,115.67,50.9,8.22,174.79,Viernes,7,144.66,73.65,112.14,62.6325,39.99,32.31321428571429,9.32,16.46,13.287142857142856
2014-07-12,5,1,103,52,33,18,76,142.68,30.26,29.92,202.86,Sabado,7,115.67,187.57,105.72714285714288,50.9,27.91,32.64892857142858,8.22,11.86,15.867142857142857
2014-07-13,6,1,102,51,34,17,73,84.3,5.76,5.62,95.68,Domingo,7,142.68,53.71,110.09714285714287,30.26,24.08,30.031785714285714,29.92,15.93,14.394285714285715
2014-07-14,0,0,102,51,34,17,102,78.59,55.26,16.91,150.76,Lunes,7,84.3,90.97,108.32857142857144,5.76,31.85,33.37607142857143,5.62,8.34,15.618571428571428
2014-07-15,1,0,103,51,35,17,103,104.82,54.44,10.7,169.95999999999998,Martes,7,78.59,99.47,109.09285714285714,55.26,10.05,39.717499999999994,16.91,26.29,13.391428571428573
2014-07-16,2,0,101,51,33,17,101,89.47,32.8,13.43,135.7,Miercoles,7,104.82,92.93,108.59857142857143,54.44,18.77,41.721785714285716,10.7,13.05,13.445714285714285
2014-07-17,3,0,102,51,34,17,102,170.07,39.09,6.98,216.14,Jueves,7,89.47,144.66,112.22857142857141,32.8,62.6325,38.35857142857143,13.43,9.32,13.111428571428572
2014-07-18,4,0,98,50,33,15,98,93.77,15.55,26.9,136.22,Viernes,7,170.07,115.67,109.10000000000001,39.09,50.9,33.308571428571426,6.98,8.22,15.780000000000001
2014-07-19,5,1,98,53,31,14,65,36.97,21.39,20.38,78.74,Sabado,7,93.77,142.68,93.99857142857141,15.55,30.26,32.04142857142857,26.9,29.92,14.417142857142858
2014-07-20,6,1,98,53,32,13,62,36.28,10.86,7.31,54.45,Domingo,7,36.97,84.3,87.13857142857144,21.39,5.76,32.769999999999996,20.38,5.62,14.65857142857143
2014-07-21,0,0,99,53,33,13,99,129.68,32.17,7.87,169.72000000000003,Lunes,7,36.28,78.59,94.43714285714285,10.86,55.26,29.47142857142857,7.31,16.91,13.367142857142856
2014-07-22,1,0,100,53,35,12,100,60.47,17.05,11.94,89.46,Martes,7,129.68,104.82,88.10142857142857,32.17,54.44,24.130000000000003,7.87,10.7,13.544285714285712
2014-07-23,2,0,100,54,35,11,100,51.87,50.32,6.22,108.41,Miercoles,7,60.47,89.47,82.73,17.05,32.8,26.632857142857144,11.94,13.43,12.514285714285714
2014-07-24,3,0,101,55,35,11,101,154.71,12.62,11.89,179.22000000000003,Jueves,7,51.87,170.07,80.53571428571429,50.32,39.09,22.851428571428574,6.22,6.98,13.215714285714284
2014-07-25,4,0,101,55,33,13,101,69.59,39.71,12.44,121.74,Viernes,7,154.71,93.77,77.08142857142857,12.62,15.55,26.302857142857142,11.89,26.9,11.15
2014-07-26,5,1,101,55,33,13,69,167.83,29.37,9.82,207.02,Sabado,7,69.59,36.97,95.7757142857143,39.71,21.39,27.442857142857143,12.44,20.38,9.641428571428571
2014-07-27,6,1,101,55,33,13,65,42.53,10.16,8.48,61.17,Domingo,7,167.83,36.28,96.66857142857144,29.37,10.86,27.34285714285715,9.82,7.31,9.808571428571428
2014-07-28,0,0,102,55,34,13,102,58.61,22.3,5.56,86.47,Lunes,7,42.53,129.68,86.51571428571428,10.16,32.17,25.93285714285714,8.48,7.87,9.478571428571428
2014-07-29,1,0,104,54,36,14,104,89.54,43.03,6.24,138.81,Martes,7,58.61,60.47,90.66857142857144,22.3,17.05,29.64428571428571,5.56,11.94,8.664285714285715
2014-07-30,2,0,105,54,36,15,105,95.84,39.61,2.75,138.2,Miercoles,7,89.54,51.87,96.95000000000002,43.03,50.32,28.114285714285717,6.24,6.22,8.168571428571429
2014-07-31,3,0,104,54,34,16,104,76.64,22.63,9.42,108.69,Jueves,7,95.84,154.71,85.79714285714286,39.61,12.62,29.544285714285714,2.75,11.89,7.815714285714286
2014-08-01,4,0,102,52,34,16,102,96.0,48.38,6.76,151.14,Viernes,8,76.64,69.59,89.57000000000001,22.63,39.71,30.782857142857146,9.42,12.44,7.0042857142857144
2014-08-02,5,1,101,51,34,16,74,145.96,29.66,16.5,192.12,Sabado,8,96.0,167.83,86.44571428571429,48.38,29.37,30.824285714285715,6.76,9.82,7.958571428571429
2014-08-03,6,1,101,51,33,17,71,26.74,13.81,17.46,58.01,Domingo,8,145.96,42.53,84.19000000000001,29.66,10.16,31.345714285714287,16.5,8.48,9.241428571428571
2014-08-04,0,0,103,53,34,16,103,151.07,38.92,12.39,202.38,Lunes,8,26.74,58.61,97.39857142857143,13.81,22.3,33.720000000000006,17.46,5.56,10.217142857142859
2014-08-05,1,0,104,54,34,16,104,122.29,25.33,6.45,154.07,Martes,8,151.07,89.54,102.07714285714287,38.92,43.03,31.19142857142857,12.39,6.24,10.247142857142856
2014-08-06,2,0,104,55,33,16,104,120.57,20.38,18.28,159.23,Miercoles,8,122.29,95.84,105.61,25.33,39.61,28.444285714285716,6.45,2.75,12.465714285714284
2014-08-07,3,0,106,57,33,16,106,235.7,35.11,11.46,282.27,Jueves,8,120.57,76.64,128.33285714285714,20.38,22.63,30.227142857142855,18.28,9.42,12.757142857142858
2014-08-08,4,0,103,55,32,16,103,87.79,32.39,16.11,136.29000000000002,Viernes,8,235.7,96.0,127.16,35.11,48.38,27.942857142857143,11.46,6.76,14.092857142857143
2014-08-09,5,1,104,55,33,16,77,98.18,61.35,13.0,172.53,Sabado,8,87.79,145.96,120.33428571428571,32.39,29.66,32.47,16.11,16.5,13.592857142857143
2014-08-10,6,1,105,55,34,16,75,15.86,10.17,12.01,38.04,Domingo,8,98.18,26.74,118.78,61.35,13.81,31.95,13.0,17.46,12.814285714285713
2014-08-11,0,0,105,56,32,17,105,140.8,50.88,28.2,219.88,Lunes,8,15.86,151.07,117.31285714285715,10.17,38.92,33.65857142857143,12.01,12.39,15.072857142857144
2014-08-12,1,0,104,55,31,18,104,68.31,23.86,1.0,93.17,Martes,8,140.8,122.29,109.60142857142857,50.88,25.33,33.44857142857143,28.2,6.45,14.294285714285715
2014-08-13,2,0,105,54,32,19,105,140.96,31.19,5.78,177.93,Miercoles,8,68.31,120.57,112.51428571428573,23.86,20.38,34.99285714285715,1.0,18.28,12.508571428571429
2014-08-14,3,0,105,53,33,19,105,101.35,38.34,14.75,154.44,Jueves,8,140.96,235.7,93.32142857142857,31.19,35.11,35.45428571428572,5.78,11.46,12.978571428571428
2014-08-15,4,0,106,52,33,21,106,94.2,44.6,17.42,156.22000000000003,Viernes,8,101.35,87.79,94.23714285714287,38.34,32.39,37.19857142857143,14.75,16.11,13.165714285714285
2014-08-16,5,1,106,54,30,22,76,98.38,62.6325,35.17,204.17,Sabado,8,94.2,98.18,94.26571428571428,44.6,61.35,37.38178571428572,17.42,13.0,16.332857142857144
2014-08-17,6,1,106,55,30,21,80,35.98,19.09,2.29,57.35999999999999,Domingo,8,98.38,15.86,97.14,62.6325,10.17,38.65607142857142,35.17,12.01,14.944285714285716
2014-08-18,0,0,104,53,30,21,104,114.93,58.96,17.4,191.29,Lunes,8,35.98,140.8,93.44428571428571,19.09,50.88,39.81035714285714,2.29,28.2,13.401428571428571
2014-08-19,1,0,102,51,30,21,102,110.98,38.53,47.84,197.35,Martes,8,114.93,68.31,99.53999999999999,58.96,23.86,41.90607142857142,17.4,1.0,20.092857142857145
2014-08-20,2,0,102,51,31,20,102,62.24,28.0,20.98,111.22,Miercoles,8,110.98,140.96,88.2942857142857,38.53,31.19,41.450357142857136,47.84,5.78,22.264285714285712
2014-08-21,3,0,103,50,33,20,103,121.37,46.79,12.34,180.5,Jueves,8,62.24,101.35,91.15428571428572,28.0,38.34,42.657500000000006,20.98,14.75,21.919999999999998
2014-08-22,4,0,102,50,33,19,102,129.08,45.48,24.1,198.66,Viernes,8,121.37,94.2,96.13714285714286,46.79,44.6,42.78321428571428,12.34,17.42,22.874285714285715
2014-08-23,5,1,100,48,33,19,67,114.07,13.77,11.35,139.19,Sabado,8,129.08,98.38,98.37857142857142,45.48,62.6325,35.80285714285714,24.1,35.17,19.47142857142857
2014-08-24,6,1,99,49,32,18,72,33.32,30.56,11.61,75.49,Domingo,8,114.07,35.98,97.99857142857142,13.77,19.09,37.44142857142857,11.35,2.29,20.802857142857142
2014-08-25,0,0,101,50,33,18,101,142.58,61.23,14.65,218.46,Lunes,8,33.32,114.93,101.94857142857144,30.56,58.96,37.76571428571429,11.61,17.4,20.41
2014-08-26,1,0,104,50,35,19,104,215.34,41.48,8.34,265.16,Martes,8,142.58,110.98,116.85714285714286,61.23,38.53,38.18714285714285,14.65,47.84,14.767142857142858
2014-08-27,2,0,103,50,34,19,103,146.47,42.13,12.37,200.97,Miercoles,8,215.34,62.24,128.89000000000001,41.48,28.0,40.205714285714286,8.34,20.98,13.537142857142856
2014-08-28,3,0,105,53,34,18,105,227.3,56.5,7.6,291.40000000000003,Jueves,8,146.47,121.37,144.02285714285716,42.13,46.79,41.59285714285714,12.37,12.34,12.86
2014-08-29,4,0,105,53,34,18,105,185.71,51.85,21.69,259.25,Viernes,8,227.3,129.08,152.11285714285714,56.5,45.48,42.50285714285714,7.6,24.1,12.515714285714285
2014-08-30,5,1,105,53,35,17,72,63.91,34.21,12.19,110.31,Sabado,8,185.71,114.07,144.94714285714286,51.85,13.77,45.42285714285715,21.69,11.35,12.635714285714286
2014-08-31,6,1,105,53,38,14,67,68.47,31.29,0.0,99.76,Domingo,8,63.91,33.32,149.96857142857144,34.21,30.56,45.527142857142856,12.19,11.61,10.977142857142857
2014-09-01,0,0,105,53,37,15,105,111.47,44.68,10.49,166.64,Lunes,9,68.47,142.58,145.52428571428572,31.29,61.23,43.16285714285714,0.0,14.65,10.382857142857144
2014-09-02,1,0,102,52,35,15,102,141.37,20.47,7.05,168.89,Martes,9,111.47,215.34,134.95714285714286,44.68,41.48,40.16142857142857,10.49,8.34,10.198571428571428
2014-09-03,2,0,100,48,37,15,100,149.39,35.08,20.86,205.33,Miercoles,9,141.37,146.47,135.37428571428572,20.47,42.13,39.15428571428571,7.05,12.37,11.411428571428571
2014-09-04,3,0,100,48,36,16,100,115.1,61.27,18.96,195.33,Jueves,9,149.39,227.3,119.34571428571428,35.08,56.5,39.83571428571429,20.86,7.6,13.034285714285716
2014-09-05,4,0,103,52,35,16,103,107.72,43.97,11.84,163.53,Viernes,9,115.1,185.71,108.20428571428572,61.27,51.85,38.709999999999994,18.96,21.69,11.627142857142859
2014-09-06,5,1,102,51,34,17,69,74.65,62.6325,18.53,171.91,Sabado,9,107.72,63.91,109.73857142857142,43.97,34.21,42.770357142857144,11.84,12.19,12.532857142857141
2014-09-07,6,1,101,54,31,16,73,34.85,21.15,6.02,62.02,Domingo,9,74.65,68.47,104.9357142857143,62.6325,31.29,41.32178571428572,18.53,0.0,13.392857142857142
2014-09-08,0,0,104,56,32,16,104,144.26,39.65,2.8,186.71,Lunes,9,34.85,111.47,109.61999999999999,21.15,44.68,40.60321428571429,6.02,10.49,12.294285714285715
2014-09-09,1,0,104,56,32,16,104,204.78,45.7,19.19,269.67,Martes,9,144.26,141.37,118.67857142857143,39.65,20.47,44.207499999999996,2.8,7.05,14.028571428571428
2014-09-10,2,0,103,56,31,16,103,259.98,31.0,13.78,304.76,Miercoles,9,204.78,149.39,134.47714285714287,45.7,35.08,43.62464285714286,19.19,20.86,13.017142857142858
2014-09-11,3,0,104,56,31,17,104,223.04,41.47,0.61,265.12,Jueves,9,259.98,115.1,149.89714285714285,31.0,61.27,40.79607142857143,13.78,18.96,10.395714285714286
2014-09-12,4,0,104,55,32,17,104,139.32,52.3,9.58,201.2,Viernes,9,223.04,107.72,154.41142857142856,41.47,43.97,41.98607142857143,0.61,11.84,10.072857142857144
2014-09-13,5,1,104,56,30,18,70,261.84,50.56,10.28,322.67999999999995,Sabado,9,139.32,74.65,181.15285714285713,52.3,62.6325,40.26142857142857,9.58,18.53,8.894285714285713
2014-09-14,6,1,107,58,31,18,78,102.49,15.31,5.03,122.83,Domingo,9,261.84,34.85,190.81571428571428,50.56,21.15,39.42714285714286,10.28,6.02,8.752857142857142
2014-09-15,0,0,105,57,30,18,105,199.02,25.63,4.47,229.12,Lunes,9,102.49,144.26,198.63857142857142,15.31,39.65,37.424285714285716,5.03,2.8,8.991428571428571
2014-09-16,1,0,103,55,30,18,103,409.24,35.53,14.21,458.98,Martes,9,199.02,204.78,227.84714285714287,25.63,45.7,35.97142857142857,4.47,19.19,8.28
2014-09-17,2,0,104,55,30,19,104,275.6,28.31,9.22,313.13000000000005,Miercoles,9,409.24,259.98,230.0785714285714,35.53,31.0,35.58714285714286,14.21,13.78,7.628571428571429
2014-09-18,3,0,103,54,30,19,103,303.4,19.33,11.11,333.84,Jueves,9,275.6,223.04,241.5585714285714,28.31,41.47,32.424285714285716,9.22,0.61,9.12857142857143
2014-09-19,4,0,102,53,29,20,102,155.93,23.39,7.68,187.0,Viernes,9,303.4,139.32,243.93142857142857,19.33,52.3,28.294285714285714,11.11,9.58,8.857142857142858
2014-09-20,5,1,100,50,30,20,67,92.99,34.86,17.62,145.47,Sabado,9,155.93,261.84,219.81,23.39,50.56,26.051428571428573,7.68,10.28,9.905714285714286
2014-09-21,6,1,99,48,30,21,65,52.1,18.74,4.61,75.45,Domingo,9,92.99,102.49,212.61142857142858,34.86,15.31,26.541428571428572,17.62,5.03,9.845714285714285
2014-09-22,0,0,101,47,32,22,101,233.86,30.82,14.02,278.7,Lunes,9,52.1,199.02,217.58857142857144,18.74,25.63,27.282857142857143,4.61,4.47,11.209999999999999
2014-09-23,1,0,103,49,31,23,103,177.13,32.24,14.17,223.54,Martes,9,233.86,409.24,184.43,30.82,35.53,26.812857142857144,14.02,14.21,11.204285714285714
2014-09-24,2,0,103,50,31,22,103,169.6,43.13,26.09,238.82,Miercoles,9,177.13,275.6,169.28714285714287,32.24,28.31,28.93,14.17,9.22,13.614285714285714
2014-09-25,3,0,103,51,30,22,103,340.25,44.16,21.09,405.5,Jueves,9,169.6,303.4,174.5514285714286,43.13,19.33,32.47714285714285,26.09,11.11,15.040000000000001
2014-09-26,4,0,101,51,27,23,101,254.88,62.0,18.32,335.2,Viernes,9,340.25,155.93,188.68714285714285,44.16,23.39,37.99285714285714,21.09,7.68,16.56
2014-09-27,5,1,102,51,30,21,73,226.47,47.55,16.85,290.87,Sabado,9,254.88,92.99,207.75571428571428,62.0,34.86,39.80571428571428,18.32,17.62,16.45
2014-09-28,6,1,102,53,30,19,69,97.48,15.8,0.62,113.9,Domingo,9,226.47,52.1,214.23857142857145,47.55,18.74,39.385714285714286,16.85,4.61,15.879999999999999
2014-09-29,0,0,101,53,30,18,101,200.04,33.57,24.27,257.88,Lunes,9,97.48,233.86,209.40714285714284,15.8,30.82,39.778571428571425,0.62,14.02,17.344285714285714
2014-09-30,1,0,100,51,32,17,100,404.13,27.86,34.0,465.99,Martes,9,200.04,177.13,241.83571428571426,33.57,32.24,39.152857142857144,24.27,14.17,20.177142857142858
2014-10-01,2,0,102,53,32,17,102,301.25,41.67,7.61,350.53000000000003,Miercoles,10,404.13,169.6,260.64285714285717,27.86,43.13,38.94428571428572,34.0,26.09,17.537142857142857
2014-10-02,3,0,101,53,32,16,101,161.82,29.53,5.97,197.32,Jueves,10,301.25,340.25,235.15285714285716,41.67,44.16,36.854285714285716,7.61,21.09,15.377142857142857
2014-10-03,4,0,102,55,31,16,102,297.95,32.17,14.64,344.76,Viernes,10,161.82,254.88,241.30571428571426,29.53,62.0,32.59285714285714,5.97,18.32,14.851428571428572
2014-10-04,5,1,101,52,33,16,68,226.88,30.59,15.15,272.61999999999995,Sabado,10,297.95,226.47,241.3642857142857,32.17,47.55,30.169999999999998,14.64,16.85,14.608571428571429
2014-10-05,6,1,101,53,33,15,66,79.93,2.57,5.05,87.55,Domingo,10,226.88,97.48,238.85714285714286,30.59,15.8,28.28,15.15,0.62,15.241428571428573
2014-10-06,0,0,100,51,36,13,100,427.59875,35.84,14.08,518.5600000000001,Lunes,10,79.93,200.04,271.3655357142857,2.57,33.57,28.604285714285712,5.05,24.27,13.785714285714286
2014-10-07,1,0,99,49,34,16,99,273.4,48.58,9.76,331.73999999999995,Martes,10,427.59875,404.13,252.68982142857143,35.84,27.86,31.564285714285713,14.08,34.0,10.322857142857144
2014-10-08,2,0,98,49,33,16,98,323.83,48.09,12.52,384.44,Miercoles,10,273.4,301.25,255.9155357142857,48.58,41.67,32.48142857142857,9.76,7.61,11.024285714285714
2014-10-09,3,0,99,50,34,15,99,319.15,27.26,2.94,349.35,Jueves,10,323.83,161.82,278.39125,48.09,29.53,32.15714285714286,12.52,5.97,10.59142857142857
2014-10-10,4,0,100,51,32,17,100,192.46,62.6325,14.36,273.13,Viernes,10,319.15,297.95,263.32125,27.26,32.17,36.50892857142857,2.94,14.64,10.551428571428572
2014-10-11,5,1,99,50,31,18,74,171.78,37.75,11.42,220.95,Sabado,10,192.46,226.88,255.4498214285714,62.6325,30.59,37.53178571428571,14.36,15.15,10.018571428571429
2014-10-12,6,1,98,49,32,17,70,102.03,17.0,10.21,129.24,Domingo,10,171.78,79.93,258.6069642857143,37.75,2.57,39.59321428571429,11.42,5.05,10.755714285714285
2014-10-13,0,0,98,49,31,18,98,206.06,29.94,6.5,242.5,Lunes,10,102.03,427.59875,226.95857142857145,17.0,35.84,38.75035714285714,10.21,14.08,9.672857142857142
2014-10-14,1,0,97,48,31,18,97,207.24,20.26,11.64,239.14,Martes,10,206.06,273.4,217.50714285714284,29.94,48.58,34.70464285714286,6.5,9.76,9.941428571428572
2014-10-15,2,0,99,47,33,19,99,157.3,42.39,4.54,204.23,Miercoles,10,207.24,323.83,193.71714285714285,20.26,48.09,33.89035714285714,11.64,12.52,8.801428571428572
2014-10-16,3,0,99,46,33,20,99,388.61,28.79,27.68,445.08,Jueves,10,157.3,319.15,203.64000000000001,42.39,27.26,34.10892857142857,4.54,2.94,12.335714285714285
2014-10-17,4,0,98,45,33,20,98,277.9,62.6325,12.06,356.5,Viernes,10,388.61,192.46,215.8457142857143,28.79,62.6325,34.10892857142857,27.68,14.36,12.007142857142856
2014-10-18,5,1,98,45,32,21,75,105.32,62.6325,17.64,189.66,Sabado,10,277.9,171.78,206.35142857142856,62.6325,37.75,37.66357142857142,12.06,11.42,12.895714285714288
2014-10-19,6,1,98,45,33,20,71,65.63,25.68,13.45,104.76,Domingo,10,105.32,102.03,201.15142857142857,62.6325,17.0,38.903571428571425,17.64,10.21,13.358571428571429
2014-10-20,0,0,98,46,32,20,98,230.45,62.6325,12.91,315.90000000000003,Lunes,10,65.63,206.06,204.63571428571427,25.68,29.94,43.57392857142857,13.45,6.5,14.274285714285716
2014-10-21,1,0,98,47,31,20,98,94.15,32.33,9.19,135.67000000000002,Martes,10,230.45,207.24,188.48,62.6325,20.26,45.29821428571429,12.91,11.64,13.924285714285716
2014-10-22,2,0,97,46,31,20,97,133.78,21.33,13.3,168.41000000000005,Miercoles,10,94.15,157.3,185.11999999999998,32.33,42.39,42.28964285714285,9.19,4.54,15.175714285714287
2014-10-23,3,0,98,46,32,20,98,209.7,20.27,6.03,236.0,Jueves,10,133.78,388.61,159.56142857142854,21.33,28.79,41.0725,13.3,27.68,12.082857142857145
2014-10-24,4,0,100,49,32,19,100,325.27,52.06,13.34,390.67,Viernes,10,209.7,277.9,166.32857142857142,20.27,62.6325,39.56214285714286,6.03,12.06,12.265714285714287
2014-10-25,5,1,100,49,32,19,76,161.67,54.73,8.61,225.01,Sabado,10,325.27,105.32,174.37857142857143,52.06,62.6325,38.43321428571428,13.34,17.64,10.975714285714284
2014-10-26,6,1,99,50,30,19,73,149.19,13.36,12.74,175.29000000000002,Domingo,10,161.67,65.63,186.31571428571425,54.73,25.68,36.67321428571428,8.61,13.45,10.874285714285715
2014-10-27,0,0,101,51,31,19,101,168.09,47.85,31.73,247.67,Lunes,10,149.19,230.45,177.40714285714284,13.36,62.6325,34.56142857142857,12.74,12.91,13.562857142857142
2014-10-28,1,0,101,53,29,19,101,276.37,61.38,15.91,353.66,Martes,10,168.09,94.15,203.4385714285714,47.85,32.33,38.71142857142858,31.73,9.19,14.522857142857143
2014-10-29,2,0,102,53,31,18,102,279.73,53.22,18.11,351.06000000000006,Miercoles,10,276.37,133.78,224.28857142857143,61.38,21.33,43.26714285714286,15.91,13.3,15.209999999999999
2014-10-30,3,0,101,50,33,18,101,135.11,30.97,0.98,167.06,Jueves,10,279.73,209.7,213.63285714285715,53.22,20.27,44.79571428571428,18.11,6.03,14.48857142857143
2014-10-31,4,0,100,50,32,18,100,203.87,44.16,7.01,255.04,Viernes,10,135.11,325.27,196.29,30.97,52.06,43.667142857142856,0.98,13.34,13.584285714285715
2014-11-01,5,1,100,50,32,18,72,208.89,59.26,8.4,276.54999999999995,Sabado,11,203.87,161.67,203.03571428571428,44.16,54.73,44.31428571428571,7.01,8.61,13.554285714285713
2014-11-02,6,1,103,52,33,18,68,9.48,8.8,14.52,32.8,Domingo,11,208.89,149.19,183.0771428571429,59.26,13.36,43.66285714285714,8.4,12.74,13.808571428571428
2014-11-03,0,0,102,53,31,18,102,184.5,51.9,24.83,261.23,Lunes,11,9.48,168.09,185.42142857142858,8.8,47.85,44.24142857142857,14.52,31.73,12.822857142857142
2014-11-04,1,0,100,53,29,18,100,175.94,39.74,22.85,238.53,Martes,11,184.5,276.37,171.0742857142857,51.9,61.38,41.15,24.83,15.91,13.814285714285715
2014-11-05,2,0,100,52,28,20,100,181.34,53.78,0.44,235.56,Miercoles,11,175.94,279.73,157.01857142857145,39.74,53.22,41.230000000000004,22.85,18.11,11.290000000000001
2014-11-06,3,0,101,53,28,20,101,157.77,61.54,23.65,242.96,Jueves,11,181.34,135.11,160.25571428571428,53.78,30.97,45.597142857142856,0.44,0.98,14.528571428571428
2014-11-07,4,0,101,53,28,20,101,105.85,62.6325,24.79,219.08,Viernes,11,157.77,203.87,146.25285714285715,61.54,44.16,48.23607142857143,23.65,7.01,17.068571428571428
2014-11-08,5,1,102,54,26,22,65,148.57,58.06,52.4,259.03,Sabado,11,105.85,208.89,137.63571428571427,62.6325,59.26,48.06464285714286,24.79,8.4,23.354285714285716
2014-11-09,6,1,99,51,26,22,71,109.01,50.85,15.29,175.15,Domingo,11,148.57,9.48,151.8542857142857,58.06,8.8,54.07178571428572,52.4,14.52,23.464285714285715
2014-11-10,0,0,102,54,26,22,102,166.69,34.7,4.63,206.02,Lunes,11,109.01,184.5,149.31,50.85,51.9,51.61464285714286,15.29,24.83,20.57857142857143
2014-11-11,1,0,101,56,24,21,101,159.17,45.79,33.4,238.36,Martes,11,166.69,175.94,146.91428571428568,34.7,39.74,52.478928571428575,4.63,22.85,22.085714285714285
2014-11-12,2,0,102,57,26,19,102,171.34,41.14,10.93,223.41000000000005,Miercoles,11,159.17,181.34,145.4857142857143,45.79,53.78,50.67321428571428,33.4,0.44,23.584285714285716
2014-11-13,3,0,99,54,26,19,99,220.58,24.83,29.61,275.02000000000004,Jueves,11,171.34,157.77,154.45857142857145,41.14,61.54,45.42892857142857,10.93,23.65,24.435714285714287
2014-11-14,4,0,99,53,27,19,99,195.94,51.14,20.13,267.21,Viernes,11,220.58,105.85,167.32857142857142,24.83,62.6325,43.787142857142854,29.61,24.79,23.770000000000003
2014-11-15,5,1,99,52,29,18,71,111.7,48.91,16.74,177.35000000000002,Sabado,11,195.94,148.57,162.0614285714286,51.14,58.06,42.480000000000004,20.13,52.4,18.675714285714285
2014-11-16,6,1,99,52,29,18,72,85.15,32.03,7.63,124.81,Domingo,11,111.7,109.01,158.65285714285713,48.91,50.85,39.791428571428575,16.74,15.29,17.58142857142857
2014-11-17,0,0,99,52,28,19,99,152.32,60.22,33.65,246.19,Lunes,11,85.15,166.69,156.59999999999997,32.03,34.7,43.43714285714286,7.63,4.63,21.72714285714286
2014-11-18,1,0,99,52,28,19,99,127.88,26.58,9.73,164.18999999999997,Martes,11,152.32,159.17,152.12999999999997,60.22,45.79,40.692857142857136,33.65,33.4,18.345714285714283
2014-11-19,2,0,98,52,27,19,98,207.81,46.47,4.32,258.6,Miercoles,11,127.88,171.34,157.34,26.58,41.14,41.45428571428572,9.73,10.93,17.40142857142857
2014-11-20,3,0,97,51,29,17,97,122.58,33.54,13.1,169.22,Jueves,11,207.81,220.58,143.34,46.47,24.83,42.69857142857143,4.32,29.61,15.042857142857143
2014-11-21,4,0,98,53,28,17,98,145.31,40.7,4.58,190.59,Viernes,11,122.58,195.94,136.10714285714286,33.54,51.14,41.207142857142856,13.1,20.13,12.821428571428571
2014-11-22,5,1,96,50,29,17,64,98.65,35.08,19.27,153.00000000000003,Sabado,11,145.31,111.7,134.24285714285716,40.7,48.91,39.23142857142857,4.58,16.74,13.182857142857143
2014-11-23,6,1,98,51,28,19,66,98.49,27.21,15.33,141.03,Domingo,11,98.65,85.15,136.14857142857142,35.08,32.03,38.542857142857144,19.27,7.63,14.282857142857143
2014-11-24,0,0,99,51,28,20,99,203.34,52.06,16.12,271.52,Lunes,11,98.49,152.32,143.43714285714285,27.21,60.22,37.37714285714286,15.33,33.65,11.77857142857143
2014-11-25,1,0,98,49,29,20,98,124.14,50.18,21.45,195.77,Martes,11,203.34,127.88,142.90285714285716,52.06,26.58,40.74857142857143,16.12,9.73,13.452857142857143
2014-11-26,2,0,98,51,27,20,98,139.64,35.38,11.35,186.37,Miercoles,11,124.14,207.81,133.16428571428568,50.18,46.47,39.16428571428571,21.45,4.32,14.457142857142857
2014-11-27,3,0,98,50,29,19,98,140.53,24.58,27.04,192.15,Jueves,11,139.64,122.58,135.72857142857143,35.38,33.54,37.88428571428572,11.35,13.1,16.44857142857143
2014-11-28,4,0,99,51,29,19,99,107.67,33.59,11.84,153.1,Viernes,11,140.53,145.31,130.35142857142856,24.58,40.7,36.868571428571435,27.04,4.58,17.485714285714288
2014-11-29,5,1,99,51,30,18,65,134.08,39.23,11.4,184.71,Sabado,11,107.67,98.65,135.41285714285715,33.59,35.08,37.46142857142858,11.84,19.27,16.36142857142857
2014-11-30,6,1,100,51,32,17,69,103.89,22.26,19.68,145.83,Domingo,11,134.08,98.49,136.18428571428572,39.23,27.21,36.75428571428571,11.4,15.33,16.982857142857142
2014-12-01,0,0,100,50,32,18,100,246.75,51.63,15.59,313.97,Lunes,12,103.89,203.34,142.3857142857143,22.26,52.06,36.69285714285714,19.68,16.12,16.907142857142855
2014-12-02,1,0,101,54,30,17,101,51.24,62.6325,23.77,144.54000000000002,Martes,12,246.75,124.14,131.97142857142856,51.63,50.18,38.471785714285716,15.59,21.45,17.23857142857143
2014-12-03,2,0,101,54,30,17,101,112.42,62.3,13.28,188.0,Miercoles,12,51.24,139.64,128.08285714285714,62.6325,35.38,42.317499999999995,23.77,11.35,17.514285714285712
2014-12-04,3,0,102,53,31,18,102,196.15,44.29,10.24,250.68,Jueves,12,112.42,140.53,136.02857142857144,62.3,24.58,45.13321428571429,13.28,27.04,15.114285714285714
2014-12-05,4,0,102,53,32,17,102,194.22,40.73,6.44,241.39,Viernes,12,196.15,107.67,148.39285714285714,44.29,33.59,46.153214285714284,10.24,11.84,14.342857142857142
2014-12-06,5,1,104,54,32,18,78,62.57,22.21,12.18,96.96,Sabado,12,194.22,134.08,138.17714285714285,40.73,39.23,43.721785714285716,6.44,11.4,14.454285714285716
2014-12-07,6,1,103,53,31,19,73,221.92,15.17,18.75,255.84,Domingo,12,62.57,103.89,155.03857142857143,22.21,22.26,42.70892857142858,12.18,19.68,14.321428571428571
2014-12-08,0,0,101,51,31,19,101,135.08,24.4,3.08,162.56000000000003,Lunes,12,221.92,246.75,139.0857142857143,15.17,51.63,38.81892857142857,18.75,15.59,12.534285714285714
2014-12-09,1,0,103,53,30,20,103,184.64,32.62,3.08,220.34,Martes,12,135.08,51.24,158.14285714285714,24.4,62.6325,34.53142857142857,3.08,23.77,9.578571428571427
2014-12-10,2,0,103,53,30,20,103,351.75,62.6325,13.25,444.33,Miercoles,12,184.64,112.42,192.33285714285714,32.62,62.3,34.57892857142857,3.08,13.28,9.574285714285713
2014-12-11,3,0,105,54,31,20,105,114.78,59.51,9.1,183.39,Jueves,12,351.75,196.15,180.70857142857145,62.6325,44.29,36.753214285714286,13.25,10.24,9.411428571428573
2014-12-12,4,0,105,55,30,20,105,292.97,52.5,24.7,370.17,Viernes,12,114.78,194.22,194.81571428571428,59.51,40.73,38.43464285714286,9.1,6.44,12.02
2014-12-13,5,1,105,54,32,19,75,128.66,28.21,3.7,160.57,Sabado,12,292.97,62.57,204.25714285714284,52.5,22.21,39.291785714285716,24.7,12.18,10.80857142857143
2014-12-14,6,1,105,54,32,19,71,187.74,27.06,37.98,252.78,Domingo,12,128.66,221.92,199.37428571428572,28.21,15.17,40.99035714285714,3.7,18.75,13.555714285714286
2014-12-15,0,0,104,56,30,18,104,292.97,37.7,19.39,350.06,Lunes,12,187.74,135.08,221.93,27.06,24.4,42.89035714285715,37.98,3.08,15.885714285714286
2014-12-16,1,0,103,56,31,16,103,157.89,59.38,20.52,237.79,Martes,12,292.97,184.64,218.10857142857145,37.7,32.62,46.71321428571429,19.39,3.08,18.37714285714286
2014-12-17,2,0,105,56,35,14,105,194.88,48.19,8.23,251.3,Miercoles,12,157.89,351.75,195.69857142857146,59.38,62.6325,44.65,20.52,13.25,17.66
2014-12-18,3,0,104,56,32,16,104,184.69,23.83,15.62,224.14,Jueves,12,194.88,114.78,205.68571428571428,48.19,59.51,39.55285714285714,8.23,9.1,18.59142857142857
2014-12-19,4,0,103,54,33,16,103,3.88,0.0,0.83,4.71,Viernes,12,184.69,292.97,164.38714285714283,23.83,52.5,32.05285714285714,15.62,24.7,15.181428571428572
2014-12-20,5,1,104,57,32,15,72,152.16,20.67,3.07,175.89999999999998,Sabado,12,3.88,128.66,167.74428571428572,0.0,28.21,30.975714285714286,0.83,3.7,15.09142857142857
2014-12-21,6,1,102,57,30,15,69,244.6,15.24,12.63,272.47,Domingo,12,152.16,187.74,175.86714285714285,20.67,27.06,29.287142857142857,3.07,37.98,11.47
2014-12-22,0,0,104,59,31,14,104,136.9,62.6325,8.71,256.73,Lunes,12,244.6,292.97,153.57142857142858,15.24,37.7,32.84892857142857,12.63,19.39,9.944285714285714
2014-12-23,1,0,105,59,32,14,105,284.62,33.4,28.85,346.87,Martes,12,136.9,157.89,171.6757142857143,62.6325,59.38,29.137499999999996,8.71,20.52,11.134285714285713
2014-12-24,2,0,105,60,31,14,105,292.72,40.85,3.03,336.6,Miercoles,12,284.62,194.88,185.65285714285716,33.4,48.19,28.08892857142857,28.85,8.23,10.391428571428571
2014-12-25,3,0,105,60,31,14,105,220.5,42.58,22.81,285.89,Jueves,12,292.72,184.69,190.76857142857145,40.85,23.83,30.767500000000002,3.03,15.62,11.418571428571429
2014-12-26,4,0,102,58,30,14,102,205.18,61.8,10.08,277.06,Viernes,12,220.5,3.88,219.5257142857143,42.58,0.0,39.59607142857143,22.81,0.83,12.74
2014-12-27,5,1,102,58,28,16,66,172.8,60.22,22.6,255.62,Sabado,12,205.18,152.16,222.47428571428574,61.8,20.67,45.246071428571426,10.08,3.07,15.530000000000001
2014-12-28,6,1,102,57,29,16,75,402.15,35.43,7.18,444.76,Domingo,12,172.8,244.6,244.98142857142858,60.22,15.24,48.130357142857136,22.6,12.63,14.751428571428573
2014-12-29,0,0,102,58,28,16,102,272.58,14.02,7.81,294.41,Lunes,12,402.15,136.9,264.3642857142857,35.43,62.6325,41.18571428571429,7.18,8.71,14.622857142857143
2014-12-30,1,0,102,59,27,16,102,348.17,44.48,27.8,420.4500000000001,Martes,12,272.58,284.62,273.4428571428571,14.02,33.4,42.76857142857143,7.81,28.85,14.472857142857142
2014-12-31,2,0,102,60,26,16,102,280.72,32.47,18.11,331.30000000000007,Miercoles,12,348.17,292.72,271.72857142857146,44.48,40.85,41.57142857142857,27.8,3.03,16.627142857142857
2015-01-01,3,0,104,63,25,16,104,0.38,0.3,0.0,0.6799999999999999,Jueves,1,280.72,220.5,240.28285714285715,32.47,42.58,35.53142857142857,18.11,22.81,13.368571428571428
2015-01-02,4,0,104,63,24,17,104,355.3,29.71,20.11,405.12,Viernes,1,0.38,205.18,261.72857142857146,0.3,61.8,30.947142857142858,0.0,10.08,14.801428571428572
2015-01-03,5,1,106,65,23,18,71,269.49,24.41,32.13,326.03000000000003,Sabado,1,355.3,172.8,275.5414285714286,29.71,60.22,25.83142857142857,20.11,22.6,16.162857142857142
2015-01-04,6,1,106,66,23,17,76,305.79,7.38,15.26,328.43,Domingo,1,269.49,402.15,261.7757142857143,24.41,35.43,21.82428571428571,32.13,7.18,17.31714285714286
2015-01-05,0,0,105,63,27,15,105,235.45,33.44,7.55,276.44,Lunes,1,305.79,272.58,256.4714285714286,7.38,14.02,24.59857142857143,15.26,7.81,17.279999999999998
2015-01-06,1,0,105,64,27,14,105,293.26,28.83,8.29,330.38,Martes,1,235.45,348.17,248.62714285714287,33.44,44.48,22.36285714285714,7.55,27.8,14.492857142857144
2015-01-07,2,0,104,62,28,14,104,0.27,0.0,0.0,0.27,Miercoles,1,293.26,280.72,208.56285714285715,28.83,32.47,17.724285714285713,8.29,18.11,11.905714285714286
2015-01-08,3,0,104,64,26,14,104,322.8,28.6,5.55,356.95000000000005,Jueves,1,0.27,0.38,254.62285714285713,0.0,0.3,21.767142857142858,0.0,0.0,12.698571428571428
2015-01-09,4,0,104,63,25,16,104,249.78,62.6325,9.34,334.93,Viernes,1,322.8,355.3,239.54857142857142,28.6,29.71,26.470357142857143,5.55,20.11,11.16
2015-01-10,5,1,105,63,25,17,66,142.4,28.28,20.75,191.43,Sabado,1,249.78,269.49,221.39285714285714,62.6325,24.41,27.023214285714285,9.34,32.13,9.534285714285714
2015-01-11,6,1,105,63,26,16,71,207.74,24.49,10.18,242.41000000000005,Domingo,1,142.4,305.79,207.3857142857143,28.28,7.38,29.4675,20.75,15.26,8.808571428571428
2015-01-12,0,0,105,63,26,16,105,252.06,42.71,7.69,302.46,Lunes,1,207.74,235.45,209.75857142857143,24.49,33.44,30.791785714285716,10.18,7.55,8.828571428571427
2015-01-13,1,0,104,62,25,17,104,234.8,33.36,34.82,302.98,Martes,1,252.06,293.26,201.40714285714284,42.71,28.83,31.43892857142857,7.69,8.29,12.61857142857143
2015-01-14,2,0,103,62,24,17,103,156.02,47.16,10.21,213.39,Miercoles,1,234.8,0.27,223.65714285714284,33.36,0.0,38.176071428571426,34.82,0.0,14.077142857142858
2015-01-15,3,0,102,63,21,18,102,376.06,26.99,24.4,427.45,Jueves,1,156.02,322.8,231.2657142857143,47.16,28.6,37.94607142857143,10.21,5.55,16.770000000000003
2015-01-16,4,0,103,62,24,17,103,297.89,37.2,22.34,357.42999999999995,Viernes,1,376.06,249.78,238.13857142857142,26.99,62.6325,34.31285714285714,24.4,9.34,18.62714285714286
2015-01-17,5,1,103,60,27,16,66,85.42,41.01,21.77,148.20000000000002,Sabado,1,297.89,142.4,229.99857142857144,37.2,28.28,36.13142857142857,22.34,20.75,18.77285714285714
2015-01-18,6,1,103,60,27,16,63,84.82,36.3,12.81,133.92999999999998,Domingo,1,85.42,207.74,212.4385714285714,41.01,24.49,37.818571428571424,21.77,10.18,19.148571428571426
2015-01-19,0,0,102,60,26,16,102,216.7,27.22,16.03,259.95,Lunes,1,84.82,252.06,207.38714285714286,36.3,42.71,35.605714285714285,12.81,7.69,20.34
2015-01-20,1,0,102,61,26,15,102,257.92,55.47,11.94,325.33,Martes,1,216.7,234.8,210.69,27.22,33.36,38.76428571428571,16.03,34.82,17.071428571428573
2015-01-21,2,0,103,61,29,13,103,259.39,41.85,10.46,311.7,Miercoles,1,257.92,156.02,225.45714285714286,55.47,47.16,38.005714285714284,11.94,10.21,17.107142857142858
2015-01-22,3,0,102,61,27,14,102,144.7,43.43,10.56,198.69,Jueves,1,259.39,376.06,192.40571428571428,41.85,26.99,40.35428571428571,10.46,24.4,15.129999999999999
2015-01-23,4,0,103,61,28,14,103,207.16,33.14,9.64,249.94,Viernes,1,144.7,297.89,179.4442857142857,43.43,37.2,39.77428571428572,10.56,22.34,13.315714285714288
2015-01-24,5,1,103,62,27,14,67,220.82,62.6325,11.61,297.24,Sabado,1,207.16,85.42,198.78714285714287,33.14,41.01,42.863214285714285,9.64,21.77,11.864285714285714
2015-01-25,6,1,105,62,30,13,66,168.51,26.41,10.23,205.15,Domingo,1,220.82,84.82,210.74285714285716,62.6325,36.3,41.450357142857136,11.61,12.81,11.495714285714287
2015-01-26,0,0,104,62,28,14,104,235.63,33.61,23.6,292.84000000000003,Lunes,1,168.51,216.7,213.44714285714284,26.41,27.22,42.363214285714285,10.23,16.03,12.577142857142857
2015-01-27,1,0,105,61,30,14,105,139.57,35.07,7.94,182.58,Martes,1,235.63,257.92,196.54,33.61,55.47,39.44892857142857,23.6,11.94,12.005714285714285
2015-01-28,2,0,105,62,29,14,105,225.51,41.97,8.07,275.55,Miercoles,1,139.57,259.39,191.7,35.07,41.85,39.466071428571425,7.94,10.46,11.664285714285715
2015-01-29,3,0,105,62,30,13,105,171.43,39.91,10.72,222.06,Jueves,1,225.51,144.7,195.51857142857142,41.97,43.43,38.96321428571429,8.07,10.56,11.687142857142858
2015-01-30,4,0,105,62,29,14,105,143.74,45.53,2.58,191.85,Viernes,1,171.43,207.16,186.45857142857145,39.91,33.14,40.73321428571428,10.72,9.64,10.678571428571429
2015-01-31,5,1,104,60,29,15,70,149.82,24.79,25.39,200.0,Sabado,1,143.74,220.82,176.31571428571425,45.53,62.6325,35.32714285714286,2.58,11.61,12.647142857142857
2015-02-01,6,1,102,59,26,17,66,158.96,14.9,15.08,188.94000000000003,Domingo,2,149.82,168.51,174.95142857142855,24.79,26.41,33.68285714285714,25.39,10.23,13.34
2015-02-02,0,0,103,60,26,17,103,143.21,31.78,20.95,195.94,Lunes,2,158.96,235.63,161.74857142857144,14.9,33.61,33.42142857142857,15.08,23.6,12.961428571428572
2015-02-03,1,0,106,62,27,17,106,169.32,44.17,11.59,225.08,Martes,2,143.21,139.57,165.99857142857144,31.78,35.07,34.721428571428575,20.95,7.94,13.482857142857144
2015-02-04,2,0,105,62,25,18,105,271.93,15.75,8.67,296.35,Miercoles,2,169.32,225.51,172.62999999999997,44.17,41.97,30.975714285714286,11.59,8.07,13.56857142857143
2015-02-05,3,0,105,63,24,18,105,170.38,29.61,7.3,207.29,Jueves,2,271.93,171.43,172.48,15.75,39.91,29.504285714285714,8.67,10.72,13.08
2015-02-06,4,0,105,63,25,17,105,162.94,18.0,12.02,192.96,Viernes,2,170.38,143.74,175.22285714285712,29.61,45.53,25.571428571428573,7.3,2.58,14.428571428571429
2015-02-07,5,1,105,62,26,17,64,144.8,20.15,7.4,172.35000000000002,Sabado,2,162.94,149.82,174.50571428571428,18.0,24.79,24.908571428571427,12.02,25.39,11.858571428571429
2015-02-08,6,1,105,62,27,16,73,146.32,17.54,4.3,168.16,Domingo,2,144.8,158.96,172.7,20.15,14.9,25.285714285714285,7.4,15.08,10.31857142857143
2015-02-09,0,0,103,62,25,16,103,141.61,18.53,11.4,171.54000000000002,Lunes,2,146.32,143.21,172.47142857142856,17.54,31.78,23.392857142857142,4.3,20.95,8.954285714285714
2015-02-10,1,0,104,61,27,16,104,229.89,26.67,11.12,267.68,Martes,2,141.61,169.32,181.1242857142857,18.53,44.17,20.892857142857142,11.4,11.59,8.887142857142857
2015-02-11,2,0,105,62,27,16,105,338.35,39.01,9.73,387.09,Miercoles,2,229.89,271.93,190.61285714285714,26.67,15.75,24.215714285714284,11.12,8.67,9.038571428571428
2015-02-12,3,0,105,62,27,16,105,166.37,27.06,9.71,203.14,Jueves,2,338.35,170.38,190.04,39.01,29.61,23.851428571428574,9.73,7.3,9.382857142857143
2015-02-13,4,0,104,60,29,15,104,204.0,25.95,18.29,248.24,Viernes,2,166.37,162.94,195.9057142857143,27.06,18.0,24.987142857142857,9.71,12.02,10.278571428571428
2015-02-14,5,1,105,60,29,16,66,126.76,32.05,12.85,171.66,Sabado,2,204.0,144.8,193.32857142857142,25.95,20.15,26.687142857142856,18.29,7.4,11.057142857142855
2015-02-15,6,1,103,59,27,17,71,179.17,16.81,39.87,235.85,Domingo,2,126.76,146.32,198.02142857142857,32.05,17.54,26.582857142857144,12.85,4.3,16.138571428571428
2015-02-16,0,0,102,59,26,17,102,271.3,11.43,9.72,292.45000000000005,Lunes,2,179.17,141.61,216.54857142857145,16.81,18.53,25.568571428571428,39.87,11.4,15.898571428571428
2015-02-17,1,0,100,57,26,17,100,242.44,6.69,17.85,266.98,Martes,2,271.3,229.89,218.34142857142857,11.43,26.67,22.71428571428571,9.72,11.12,16.860000000000003
2015-02-18,2,0,100,58,24,18,100,240.95,10.32,3.68,254.95,Miercoles,2,242.44,338.35,204.42714285714285,6.69,39.01,18.615714285714287,17.85,9.73,15.995714285714286
2015-02-19,3,0,100,56,25,19,100,243.38,5.52,6.46,255.36,Jueves,2,240.95,166.37,215.42857142857142,10.32,27.06,15.538571428571428,3.68,9.71,15.531428571428572
2015-02-20,4,0,100,52,28,20,100,178.31,13.3,21.0,212.61,Viernes,2,243.38,204.0,211.75857142857143,5.52,25.95,13.73142857142857,6.46,18.29,15.918571428571429
2015-02-21,5,1,101,55,26,20,75,286.77,22.49,10.5,319.76,Sabado,2,178.31,126.76,234.61714285714285,13.3,32.05,12.365714285714285,21.0,12.85,15.582857142857145
2015-02-22,6,1,101,55,26,20,67,223.55,15.67,8.14,247.36,Domingo,2,286.77,179.17,240.95714285714286,22.49,16.81,12.202857142857143,10.5,39.87,11.049999999999999
2015-02-23,0,0,100,55,24,21,100,372.03,22.65,21.55,416.23,Lunes,2,223.55,271.3,255.34714285714284,15.67,11.43,13.805714285714284,8.14,9.72,12.74
2015-02-24,1,0,100,54,25,21,100,147.63,29.2,15.7,192.53,Martes,2,372.03,242.44,241.80285714285714,22.65,6.69,17.02142857142857,21.55,17.85,12.432857142857143
2015-02-25,2,0,100,54,25,21,100,164.75,21.5,29.12,215.37,Miercoles,2,147.63,240.95,230.91714285714286,29.2,10.32,18.618571428571425,15.7,3.68,16.06714285714286
2015-02-26,3,0,98,50,26,22,98,241.4,34.18,26.63,302.21,Jueves,2,164.75,243.38,230.63428571428568,21.5,5.52,22.712857142857143,29.12,6.46,18.948571428571427
2015-02-27,4,0,100,51,28,21,100,339.02,1.97,25.93,366.92,Viernes,2,241.4,178.31,253.59285714285716,34.18,13.3,21.094285714285714,26.63,21.0,19.65285714285714
2015-02-28,5,1,98,49,29,20,67,118.76,22.17,25.45,166.38,Sabado,2,339.02,286.77,229.5914285714286,1.97,22.49,21.048571428571428,25.93,10.5,21.788571428571426
2015-03-01,6,1,99,50,28,21,67,118.55,7.19,37.84,163.57999999999998,Domingo,3,118.76,223.55,214.5914285714286,22.17,15.67,19.837142857142855,25.45,8.14,26.031428571428574
2015-03-02,0,0,101,51,30,20,101,276.25,17.05,27.01,320.31,Lunes,3,118.55,372.03,200.90857142857143,7.19,22.65,19.03714285714286,37.84,21.55,26.81142857142857
2015-03-03,1,0,102,52,30,20,102,311.98,38.49,32.02,382.49,Martes,3,276.25,147.63,224.38714285714286,17.05,29.2,20.364285714285717,27.01,15.7,29.142857142857142
2015-03-04,2,0,101,51,32,18,101,317.37,11.79,34.62,363.78,Miercoles,3,311.98,164.75,246.19,38.49,21.5,18.97714285714286,32.02,29.12,29.928571428571427
2015-03-05,3,0,102,53,31,18,102,239.49,5.0,21.6,266.09000000000003,Jueves,3,317.37,241.4,245.91714285714286,11.79,34.18,14.808571428571428,34.62,26.63,29.210000000000004
2015-03-06,4,0,102,52,30,20,102,133.02,11.54,7.35,151.91,Viernes,3,239.49,339.02,216.48857142857145,5.0,1.97,16.175714285714285,21.6,25.93,26.555714285714288
2015-03-07,5,1,102,52,30,20,72,9.12,0.28,13.38,22.78,Sabado,3,133.02,118.76,200.82571428571427,11.54,22.17,13.04857142857143,7.35,25.45,24.831428571428575
2015-03-08,6,1,102,52,30,20,76,281.24,23.64,23.76,328.64,Domingo,3,9.12,118.55,224.06714285714287,0.28,7.19,15.39857142857143,13.38,37.84,22.82
2015-03-09,0,0,102,52,30,20,102,220.45,27.97,7.15,255.57,Lunes,3,281.24,276.25,216.0957142857143,23.64,17.05,16.958571428571428,23.76,27.01,19.982857142857142
2015-03-10,1,0,103,51,31,21,103,278.8,17.37,6.25,302.42,Martes,3,220.45,311.98,211.3557142857143,27.97,38.49,13.941428571428572,7.15,32.02,16.30142857142857
2015-03-11,2,0,104,53,29,22,104,220.73,26.85,47.55,295.13,Miercoles,3,278.8,317.37,197.55,17.37,11.79,16.092857142857145,6.25,34.62,18.14857142857143
2015-03-12,3,0,107,58,28,21,107,138.61,13.18,10.78,162.57000000000002,Jueves,3,220.73,239.49,183.13857142857142,26.85,5.0,17.261428571428574,47.55,21.6,16.602857142857143
2015-03-13,4,0,106,57,29,20,106,427.59875,29.63,15.75,494.8,Viernes,3,138.61,133.02,225.22125,13.18,11.54,19.845714285714287,10.78,7.35,17.802857142857142
2015-03-14,5,1,105,56,29,20,72,189.94,23.82,10.63,224.39,Sabado,3,427.59875,9.12,251.05267857142854,29.63,0.28,23.208571428571428,15.75,13.38,17.41
2015-03-15,6,1,105,56,29,20,69,188.84,7.26,13.35,209.45,Domingo,3,189.94,281.24,237.85267857142858,23.82,23.64,20.868571428571425,10.63,23.76,15.922857142857142
2015-03-16,0,0,105,55,30,20,105,325.83,23.02,31.45,380.3,Lunes,3,188.84,220.45,252.9069642857143,7.26,27.97,20.16142857142857,13.35,7.15,19.39428571428571
2015-03-17,1,0,103,54,28,21,103,200.24,25.54,20.62,246.4,Martes,3,325.83,278.8,241.68410714285713,23.02,17.37,21.32857142857143,31.45,6.25,21.447142857142858
2015-03-18,2,0,102,53,28,21,102,165.24,13.71,30.05,209.00000000000003,Miercoles,3,200.24,220.73,233.75696428571428,25.54,26.85,19.451428571428572,20.62,47.55,18.947142857142858
2015-03-19,3,0,102,53,28,21,102,211.36,20.02,8.81,240.19000000000003,Jueves,3,165.24,138.61,244.1498214285714,13.71,13.18,20.428571428571427,30.05,10.78,18.665714285714284
2015-03-20,4,0,101,53,27,21,101,262.28,35.4,3.54,301.22,Viernes,3,211.36,427.59875,220.53285714285715,20.02,29.63,21.252857142857142,8.81,15.75,16.92142857142857
2015-03-21,5,1,99,52,26,21,68,189.53,10.08,43.8,243.41000000000005,Sabado,3,262.28,189.94,220.47428571428574,35.4,23.82,19.29,3.54,10.63,21.66
2015-03-22,6,1,99,53,25,21,70,205.23,22.47,34.56,262.26,Domingo,3,189.53,188.84,222.81571428571428,10.08,7.26,21.462857142857143,43.8,13.35,24.69
2015-03-23,0,0,97,53,26,18,97,182.66,13.41,6.45,202.52,Lunes,3,205.23,325.83,202.36285714285714,22.47,23.02,20.09,34.56,31.45,21.118571428571425
2015-03-24,1,0,98,55,25,18,98,148.33,20.4,14.47,183.2,Martes,3,182.66,200.24,194.94714285714286,13.41,25.54,19.35571428571428,6.45,20.62,20.240000000000002
2015-03-25,2,0,98,54,24,20,98,112.53,24.19,14.5,151.22,Miercoles,3,148.33,165.24,187.41714285714286,20.4,13.71,20.85285714285714,14.47,30.05,18.018571428571427
2015-03-26,3,0,99,54,24,21,99,342.94,25.53,21.05,389.52,Jueves,3,112.53,211.36,206.21428571428572,24.19,20.02,21.639999999999997,14.5,8.81,19.767142857142858
2015-03-27,4,0,98,52,26,20,98,172.45,7.99,13.12,193.56,Viernes,3,342.94,262.28,193.3814285714286,25.53,35.4,17.724285714285713,21.05,3.54,21.13571428571429
2015-03-28,5,1,96,50,26,20,72,244.49,17.34,5.69,267.52,Sabado,3,172.45,189.53,201.2328571428571,7.99,10.08,18.76142857142857,13.12,43.8,15.691428571428572
2015-03-29,6,1,98,51,26,21,68,159.68,17.01,24.91,201.6,Domingo,3,244.49,205.23,194.7257142857143,17.34,22.47,17.981428571428573,5.69,34.56,14.312857142857142
2015-03-30,0,0,99,52,27,20,99,169.72,9.02,26.29,205.03,Lunes,3,159.68,182.66,192.87714285714287,17.01,13.41,17.354285714285716,24.91,6.45,17.147142857142857
2015-03-31,1,0,99,52,28,19,99,219.24,14.0,19.14,252.38,Martes,3,169.72,148.33,203.00714285714284,9.02,20.4,16.44,26.29,14.47,17.814285714285713
2015-04-01,2,0,101,54,28,19,101,167.11,17.77,24.34,209.22000000000003,Miercoles,4,219.24,112.53,210.8042857142857,14.0,24.19,15.522857142857143,19.14,14.5,19.22
2015-04-02,3,0,102,51,31,20,102,241.28,7.42,19.31,268.01,Jueves,4,167.11,342.94,196.28142857142862,17.77,25.53,12.935714285714285,24.34,21.05,18.97142857142857
2015-04-03,4,0,101,51,29,21,101,230.98,35.49,22.23,288.7,Viernes,4,241.28,172.45,204.64285714285714,7.42,7.99,16.864285714285717,19.31,13.12,20.27285714285714
2015-04-04,5,1,103,52,30,21,76,219.05,19.14,16.47,254.66,Sabado,4,230.98,244.49,201.00857142857146,35.49,17.34,17.12142857142857,22.23,5.69,21.812857142857144
2015-04-05,6,1,100,49,30,21,68,140.87,12.32,13.88,167.07,Domingo,4,219.05,159.68,198.32142857142858,19.14,17.01,16.451428571428572,16.47,24.91,20.237142857142857
2015-04-06,0,0,99,49,28,22,99,217.05,12.32,32.29,261.66,Lunes,4,140.87,169.72,205.08285714285714,12.32,9.02,16.922857142857143,13.88,26.29,21.094285714285714
2015-04-07,1,0,99,51,27,21,99,164.5,24.23,25.01,213.74,Martes,4,217.05,219.24,197.26285714285714,12.32,14.0,18.384285714285713,32.29,19.14,21.93285714285714
2015-04-08,2,0,98,48,30,20,98,115.12,30.8,15.86,161.78000000000003,Miercoles,4,164.5,167.11,189.83571428571432,24.23,17.77,20.245714285714286,25.01,24.34,20.72142857142857
2015-04-09,3,0,103,51,32,20,103,153.82,24.22,4.94,182.98,Jueves,4,115.12,241.28,177.3414285714286,30.8,7.42,22.645714285714284,15.86,19.31,18.66857142857143
2015-04-10,4,0,105,51,36,18,105,427.59875,15.12,35.08,509.35,Viernes,4,153.82,230.98,205.42982142857142,24.22,35.49,19.735714285714288,4.94,22.23,20.504285714285714
2015-04-11,5,1,104,52,35,17,74,128.9,27.31,39.35,195.56,Sabado,4,427.59875,219.05,192.55125,15.12,19.14,20.90285714285714,35.08,16.47,23.77285714285714
2015-04-12,6,1,103,52,34,17,67,0.0,0.0,0.0,0.0,Domingo,4,128.9,140.87,172.4269642857143,27.31,12.32,19.142857142857142,39.35,13.88,21.79
2015-04-13,0,0,102,52,33,17,102,171.59,14.13,22.64,208.36,Lunes,4,0.0,217.05,165.93267857142857,0.0,12.32,19.40142857142857,0.0,32.29,20.41142857142857
2015-04-14,1,0,99,49,33,17,99,275.75,13.2,16.6,305.55,Martes,4,171.59,164.5,181.8255357142857,14.13,24.23,17.825714285714287,22.64,25.01,19.21
2015-04-15,2,0,101,51,34,16,101,197.79,43.13,7.55,248.47,Miercoles,4,275.75,115.12,193.6355357142857,13.2,30.8,19.587142857142855,16.6,15.86,18.02285714285714
2015-04-16,3,0,101,52,33,16,101,208.27,19.73,7.69,235.69,Jueves,4,197.79,153.82,201.41410714285712,43.13,24.22,18.945714285714285,7.55,4.94,18.415714285714284
2015-04-17,4,0,102,53,34,15,102,208.05,15.53,27.59,251.17,Viernes,4,208.27,427.59875,170.04999999999998,19.73,15.12,19.004285714285714,7.69,35.08,17.345714285714287
2015-04-18,5,1,103,54,34,15,67,141.03,2.38,21.42,164.82999999999998,Sabado,4,208.05,128.9,171.78285714285715,15.53,27.31,15.442857142857141,27.59,39.35,14.784285714285714
2015-04-19,6,1,106,56,35,15,76,183.81,6.49,27.57,217.87,Domingo,4,141.03,0.0,198.04142857142855,2.38,0.0,16.37,21.42,0.0,18.722857142857144
2015-04-20,0,0,105,55,36,14,105,265.26,37.8,8.07,311.13,Lunes,4,183.81,171.59,211.42285714285714,6.49,14.13,19.75142857142857,27.57,22.64,16.64142857142857
2015-04-21,1,0,105,55,37,13,105,246.26,26.2,15.61,288.07,Martes,4,265.26,275.75,207.21,37.8,13.2,21.608571428571427,8.07,16.6,16.5
2015-04-22,2,0,106,55,37,14,106,224.23,10.21,3.93,238.37,Miercoles,4,246.26,197.79,210.98714285714286,26.2,43.13,16.905714285714286,15.61,7.55,15.982857142857144
2015-04-23,3,0,105,54,38,13,105,199.66,23.59,10.2,233.45,Jueves,4,224.23,208.27,209.7571428571429,10.21,19.73,17.45714285714286,3.93,7.69,16.341428571428573
2015-04-24,4,0,104,53,38,13,104,210.74,13.6,25.92,250.26,Viernes,4,199.66,208.05,210.14142857142855,23.59,15.53,17.181428571428572,10.2,27.59,16.102857142857143
2015-04-25,5,1,104,53,37,14,75,193.2,7.83,14.01,215.04,Sabado,4,210.74,141.03,217.5942857142857,13.6,2.38,17.96,25.92,21.42,15.044285714285715
2015-04-26,6,1,104,52,35,17,78,196.04,13.53,24.24,233.81,Domingo,4,193.2,183.81,219.34142857142857,7.83,6.49,18.965714285714284,14.01,27.57,14.56857142857143
2015-04-27,0,0,106,49,39,18,106,302.6,32.62,9.88,345.1,Lunes,4,196.04,265.26,224.6757142857143,13.53,37.8,18.225714285714286,24.24,8.07,14.827142857142857
2015-04-28,1,0,106,49,36,21,106,106.59,23.67,17.61,147.87,Martes,4,302.6,246.26,204.72285714285712,32.62,26.2,17.864285714285714,9.88,15.61,15.112857142857141
2015-04-29,2,0,105,49,35,21,105,190.47,5.42,7.44,203.33,Miercoles,4,106.59,224.23,199.9,23.67,10.21,17.18,17.61,3.93,15.614285714285714
2015-04-30,3,0,105,47,37,21,105,228.28,20.5,11.87,260.65,Jueves,4,190.47,199.66,203.98857142857142,5.42,23.59,16.73857142857143,7.44,10.2,15.852857142857143
2015-05-01,4,0,105,47,37,21,105,77.83,13.03,22.49,113.35,Viernes,5,228.28,210.74,185.00142857142856,20.5,13.6,16.65714285714286,11.87,25.92,15.362857142857141
2015-05-02,5,1,105,48,36,21,78,250.73,17.97,20.78,289.48,Sabado,5,77.83,193.2,193.22,13.03,7.83,18.10571428571429,22.49,14.01,16.330000000000002
2015-05-03,6,1,105,49,35,21,77,96.17,8.89,27.48,132.54,Domingo,5,250.73,196.04,178.95285714285714,17.97,13.53,17.442857142857143,20.78,24.24,16.79285714285714
2015-05-04,0,0,105,51,33,21,105,253.02,15.7,16.56,285.28000000000003,Lunes,5,96.17,302.6,171.86999999999998,8.89,32.62,15.025714285714287,27.48,9.88,17.747142857142858
2015-05-05,1,0,105,51,34,20,105,130.99,17.9,13.54,162.43,Martes,5,253.02,106.59,175.3557142857143,15.7,23.67,14.20142857142857,16.56,17.61,17.165714285714284
2015-05-06,2,0,103,49,34,20,103,276.99,32.78,18.95,328.72,Miercoles,5,130.99,190.47,187.71571428571428,17.9,5.42,18.11,13.54,7.44,18.81
2015-05-07,3,0,100,46,34,20,100,140.46,11.01,8.41,159.88,Jueves,5,276.99,228.28,175.17000000000002,32.78,20.5,16.754285714285714,18.95,11.87,18.315714285714286
2015-05-08,4,0,100,45,36,19,100,106.78,24.96,3.6,135.34,Viernes,5,140.46,77.83,179.30571428571426,11.01,13.03,18.458571428571425,8.41,22.49,15.617142857142856
2015-05-09,5,1,100,45,37,18,75,106.8,31.46,12.41,150.67,Sabado,5,106.78,250.73,158.74428571428572,24.96,17.97,20.385714285714283,3.6,20.78,14.421428571428569
2015-05-10,6,1,101,45,38,18,75,68.72,8.77,12.27,89.75999999999999,Domingo,5,106.8,96.17,154.82285714285715,31.46,8.89,20.368571428571432,12.41,27.48,12.248571428571427
2015-05-11,0,0,99,45,36,18,99,142.01,9.53,11.72,163.26,Lunes,5,68.72,253.02,138.96428571428572,8.77,15.7,19.487142857142857,12.27,16.56,11.557142857142859
2015-05-12,1,0,100,44,37,19,100,152.42,41.2,27.69,221.31,Martes,5,142.01,130.99,142.0257142857143,9.53,17.9,22.815714285714286,11.72,13.54,13.578571428571431
2015-05-13,2,0,100,44,35,21,100,189.1,17.9,33.59,240.59,Miercoles,5,152.42,276.99,129.47,41.2,32.78,20.689999999999998,27.69,18.95,15.670000000000002
2015-05-14,3,0,99,43,35,21,99,90.1,3.33,11.82,105.25,Jueves,5,189.1,140.46,122.27571428571427,17.9,11.01,19.592857142857145,33.59,8.41,16.157142857142855
2015-05-15,4,0,99,43,34,22,99,319.87,25.16,14.67,359.70000000000005,Viernes,5,90.1,106.78,152.71714285714285,3.33,24.96,19.62142857142857,11.82,3.6,17.73857142857143
2015-05-16,5,1,100,46,32,22,74,201.32,10.77,21.52,233.61,Sabado,5,319.87,106.8,166.22,25.16,31.46,16.665714285714284,14.67,12.41,19.04
2015-05-17,6,1,100,47,31,22,73,115.85,0.21,21.77,137.82999999999998,Domingo,5,201.32,68.72,172.9528571428571,10.77,8.77,15.442857142857141,21.52,12.27,20.397142857142857
2015-05-18,0,0,100,49,29,22,100,148.06,16.92,29.76,194.74,Lunes,5,115.85,142.01,173.81714285714284,0.21,9.53,16.498571428571427,21.77,11.72,22.974285714285717
2015-05-19,1,0,100,50,27,23,100,133.58,21.14,13.75,168.47000000000003,Martes,5,148.06,152.42,171.1257142857143,16.92,41.2,13.632857142857143,29.76,27.69,20.982857142857146
2015-05-20,2,0,102,49,30,23,102,118.02,35.91,25.64,179.57,Miercoles,5,133.58,189.1,160.97142857142856,21.14,17.9,16.205714285714286,13.75,33.59,19.84714285714286
2015-05-21,3,0,101,48,30,23,101,71.32,15.99,28.24,115.54999999999998,Jueves,5,118.02,90.1,158.28857142857143,35.91,3.33,18.014285714285712,25.64,11.82,22.192857142857143
2015-05-22,4,0,101,49,29,23,101,102.06,22.74,13.9,138.7,Viernes,5,71.32,319.87,127.17285714285715,15.99,25.16,17.66857142857143,28.24,14.67,22.08285714285714
2015-05-23,5,1,101,50,27,24,67,104.66,26.44,26.97,158.07,Sabado,5,102.06,201.32,113.36428571428573,22.74,10.77,19.907142857142855,13.9,21.52,22.861428571428572
2015-05-24,6,1,100,51,25,24,69,94.2,13.75,25.46,133.41,Domingo,5,104.66,115.85,110.27142857142859,26.44,0.21,21.84142857142857,26.97,21.77,23.388571428571428
2015-05-25,0,0,100,52,24,24,100,203.99,29.72,46.22,279.93,Lunes,5,94.2,148.06,118.26142857142857,13.75,16.92,23.669999999999998,25.46,29.76,25.740000000000002
2015-05-26,1,0,101,51,25,25,101,184.21,30.72,36.57,251.5,Martes,5,203.99,133.58,125.49428571428572,29.72,21.14,25.038571428571426,46.22,13.75,29.0
2015-05-27,2,0,103,50,29,24,103,166.28,21.03,19.01,206.32,Miercoles,5,184.21,118.02,132.38857142857142,30.72,35.91,22.912857142857145,36.57,25.64,28.052857142857142
2015-05-28,3,0,105,52,30,23,105,122.29,8.49,26.7,157.48,Jueves,5,166.28,71.32,139.67000000000002,21.03,15.99,21.841428571428573,19.01,28.24,27.832857142857144
2015-05-29,4,0,105,52,31,22,105,290.77,17.98,27.76,336.51,Viernes,5,122.29,102.06,166.62857142857143,8.49,22.74,21.16142857142857,26.7,13.9,29.812857142857144
2015-05-30,5,1,105,53,31,21,77,128.81,9.81,57.64375,196.66,Sabado,5,290.77,104.66,170.07857142857145,17.98,26.44,18.785714285714285,27.76,26.97,34.19482142857143
2015-05-31,6,1,105,53,30,22,77,165.57,5.83,12.91,184.31,Domingo,5,128.81,94.2,180.27428571428572,9.81,13.75,17.654285714285713,57.64375,25.46,32.401964285714286
2015-06-01,0,0,103,52,28,23,103,160.67,34.62,20.99,216.28,Lunes,6,165.57,203.99,174.08571428571432,5.83,29.72,18.354285714285712,12.91,46.22,28.797678571428573
2015-06-02,1,0,103,52,29,22,103,166.97,29.2,36.6,232.77,Martes,6,160.67,184.21,171.62285714285716,34.62,30.72,18.137142857142855,20.99,36.57,28.801964285714288
2015-06-03,2,0,103,53,29,21,103,205.72,24.98,21.72,252.42,Miercoles,6,166.97,166.28,177.25714285714284,29.2,21.03,18.701428571428572,36.6,19.01,29.189107142857143
2015-06-04,3,0,102,52,29,21,102,131.96,13.89,9.79,155.64,Jueves,6,205.72,122.29,178.63857142857142,24.98,8.49,19.472857142857144,21.72,26.7,26.773392857142856
2015-06-05,4,0,103,53,30,20,103,89.41,17.28,19.37,126.06,Viernes,6,131.96,290.77,149.87285714285713,13.89,17.98,19.372857142857146,9.79,27.76,25.57482142857143
2015-06-06,5,1,101,51,30,20,76,81.2,14.35,15.32,110.87,Sabado,6,89.41,128.81,143.07142857142858,17.28,9.81,20.021428571428572,19.37,57.64375,19.52857142857143
2015-06-07,6,1,100,51,30,19,69,75.7,15.62,24.19,115.51,Domingo,6,81.2,165.57,130.23285714285714,14.35,5.83,21.419999999999998,15.32,12.91,21.140000000000004
2015-06-08,0,0,101,52,32,17,101,213.09,27.51,20.61,261.21,Lunes,6,75.7,160.67,137.7214285714286,15.62,34.62,20.404285714285717,24.19,20.99,21.085714285714285
2015-06-09,1,0,99,51,32,16,99,174.37,38.41,10.58,223.36,Martes,6,213.09,166.97,138.77857142857144,27.51,29.2,21.720000000000002,20.61,36.6,17.36857142857143
2015-06-10,2,0,100,49,33,18,100,124.28,17.17,17.07,158.51999999999998,Miercoles,6,174.37,205.72,127.14428571428572,38.41,24.98,20.604285714285716,10.58,21.72,16.704285714285714
2015-06-11,3,0,101,50,33,18,101,258.08,29.38,21.27,308.73,Jueves,6,124.28,131.96,145.16142857142856,17.17,13.89,22.817142857142862,17.07,9.79,18.344285714285714
2015-06-12,4,0,101,51,33,17,101,113.29,6.33,5.23,124.85,Viernes,6,258.08,89.41,148.57285714285715,29.38,17.28,21.252857142857142,21.27,19.37,16.324285714285715
2015-06-13,5,1,101,51,31,19,71,101.93,16.09,9.48,127.5,Sabado,6,113.29,81.2,151.53428571428572,6.33,14.35,21.50142857142857,5.23,15.32,15.489999999999998
2015-06-14,6,1,102,52,32,18,68,64.36,13.71,17.13,95.2,Domingo,6,101.93,75.7,149.91428571428574,16.09,15.62,21.228571428571428,9.48,24.19,14.481428571428571
2015-06-15,0,0,103,53,32,18,103,250.52,24.03,13.4,287.95,Lunes,6,64.36,213.09,155.26142857142855,13.71,27.51,20.731428571428573,17.13,20.61,13.45142857142857
2015-06-16,1,0,103,53,32,18,103,136.4,16.24,24.7,177.34,Martes,6,250.52,174.37,149.83714285714285,24.03,38.41,17.564285714285713,13.4,10.58,15.468571428571428
2015-06-17,2,0,103,53,32,18,103,164.48,27.42,13.25,205.15,Miercoles,6,136.4,124.28,155.57999999999998,16.24,17.17,19.02857142857143,24.7,17.07,14.922857142857143
2015-06-18,3,0,100,52,30,18,100,159.92,10.49,10.61,181.02,Jueves,6,164.48,258.08,141.55714285714288,27.42,29.38,16.330000000000002,13.25,21.27,13.4
2015-06-19,4,0,99,51,29,19,99,160.27,35.28,20.66,216.21,Viernes,6,159.92,113.29,148.26857142857145,10.49,6.33,20.465714285714284,10.61,5.23,15.604285714285712
2015-06-20,5,1,98,50,29,19,70,128.76,11.52,35.51,175.79,Sabado,6,160.27,101.93,152.10142857142858,35.28,16.09,19.812857142857144,20.66,9.48,19.322857142857142
2015-06-21,6,1,98,51,28,19,72,86.47,12.51,34.7,133.68,Domingo,6,128.76,64.36,155.26,11.52,13.71,19.64142857142857,35.51,17.13,21.832857142857144
2015-06-22,0,0,98,52,26,20,98,192.76,0.4,20.06,213.22,Lunes,6,86.47,250.52,147.00857142857143,12.51,24.03,16.265714285714285,34.7,13.4,22.784285714285716
2015-06-23,1,0,100,52,28,20,100,125.43,18.98,17.78,162.19,Martes,6,192.76,136.4,145.44142857142856,0.4,16.24,16.657142857142855,20.06,24.7,21.79571428571429
2015-06-24,2,0,100,52,27,21,100,159.38,13.58,15.62,188.58,Miercoles,6,125.43,164.48,144.71285714285713,18.98,27.42,14.679999999999998,17.78,13.25,22.134285714285713
2015-06-25,3,0,100,52,26,22,100,162.9,12.21,27.73,202.84,Jueves,6,159.38,159.92,145.13857142857142,13.58,10.49,14.925714285714287,15.62,10.61,24.580000000000002
2015-06-26,4,0,100,52,27,21,100,195.24,5.98,30.14,231.36,Viernes,6,162.9,160.27,150.1342857142857,12.21,35.28,10.74,27.73,20.66,25.934285714285718
2015-06-27,5,1,99,51,28,20,68,162.38,25.87,28.84,217.09,Sabado,6,195.24,128.76,154.93714285714285,5.98,11.52,12.790000000000001,30.14,35.51,24.981428571428573
2015-06-28,6,1,99,51,29,19,64,49.35,0.52,20.59,70.46000000000001,Domingo,6,162.38,86.47,149.6342857142857,25.87,12.51,11.077142857142858,28.84,34.7,22.965714285714284
2015-06-29,0,0,99,52,28,19,99,145.95,39.6,21.86,207.41,Lunes,6,49.35,192.76,142.94714285714286,0.52,0.4,16.677142857142858,20.59,20.06,23.222857142857144
2015-06-30,1,0,98,50,30,18,98,233.66,32.72,3.5,269.88,Martes,6,145.95,125.43,158.40857142857143,39.6,18.98,18.640000000000004,21.86,17.78,21.18285714285714
2015-07-01,2,0,97,50,29,18,97,120.27,38.23,30.82,189.32,Miercoles,7,233.66,159.38,152.82142857142858,32.72,13.58,22.16142857142857,3.5,15.62,23.354285714285712
2015-07-02,3,0,99,52,29,18,99,154.85,8.78,11.2,174.82999999999998,Jueves,7,120.27,162.9,151.67142857142855,38.23,12.21,21.67142857142857,30.82,27.73,20.99285714285714
2015-07-03,4,0,98,52,28,18,98,162.95,27.36,20.18,210.49,Viernes,7,154.85,195.24,147.0585714285714,8.78,5.98,24.725714285714286,11.2,30.14,19.57
2015-07-04,5,1,100,52,28,20,69,70.47,4.7,28.79,103.96,Sabado,7,162.95,162.38,133.92857142857142,27.36,25.87,21.701428571428572,20.18,28.84,19.562857142857144
2015-07-05,6,1,101,53,29,19,72,69.58,23.51,19.54,112.63,Domingo,7,70.47,49.35,136.81857142857143,4.7,0.52,24.985714285714288,28.79,20.59,19.412857142857142
2015-07-06,0,0,100,52,30,18,100,133.08,20.14,19.8,173.02000000000004,Lunes,7,69.58,145.95,134.98,23.51,39.6,22.205714285714286,19.54,21.86,19.118571428571432
2015-07-07,1,0,100,54,29,17,100,130.95,13.22,15.99,160.16,Martes,7,133.08,233.66,120.30714285714285,20.14,32.72,19.419999999999998,19.8,3.5,20.90285714285714
2015-07-08,2,0,99,52,30,17,99,127.78,15.06,7.02,149.86,Miercoles,7,130.95,120.27,121.38,13.22,38.23,16.110000000000003,15.99,30.82,17.502857142857142
2015-07-09,3,0,100,53,29,18,100,217.48,10.5,8.44,236.42,Jueves,7,127.78,154.85,130.32714285714286,15.06,8.78,16.35571428571429,7.02,11.2,17.108571428571427
2015-07-10,4,0,100,52,31,17,100,251.09,40.7,18.17,309.96000000000004,Viernes,7,217.48,162.95,142.91857142857143,10.5,27.36,18.261428571428574,8.44,20.18,16.821428571428573
2015-07-11,5,1,98,50,32,16,66,196.25,22.86,13.06,232.17,Sabado,7,251.09,70.47,160.88714285714286,40.7,4.7,20.85571428571429,18.17,28.79,14.574285714285713
2015-07-12,6,1,100,53,30,17,72,123.23,12.59,21.3,157.12,Domingo,7,196.25,69.58,168.5514285714286,22.86,23.51,19.29571428571429,13.06,19.54,14.825714285714286
2015-07-13,0,0,99,51,32,16,99,147.41,14.69,11.62,173.72,Lunes,7,123.23,133.08,170.59857142857143,12.59,20.14,18.517142857142858,21.3,19.8,13.657142857142857
2015-07-14,1,0,100,50,34,16,100,96.77,3.7,1.56,102.03,Martes,7,147.41,130.95,165.7157142857143,14.69,13.22,17.157142857142855,11.62,15.99,11.595714285714285
2015-07-15,2,0,100,50,34,16,100,134.43,15.2,26.45,176.07999999999998,Miercoles,7,96.77,127.78,166.66571428571427,3.7,15.06,17.177142857142858,1.56,7.02,14.371428571428572
2015-07-16,3,0,100,49,35,16,100,119.23,7.54,27.66,154.43,Jueves,7,134.43,217.48,152.63000000000002,15.2,10.5,16.754285714285718,26.45,8.44,17.11714285714286
2015-07-17,4,0,101,49,36,16,101,192.79,8.33,7.29,208.41,Viernes,7,119.23,251.09,144.30142857142854,7.54,40.7,12.13,27.66,18.17,15.562857142857144
2015-07-18,5,1,102,49,36,17,73,123.66,21.51,12.57,157.73999999999998,Sabado,7,192.79,196.25,133.93142857142857,8.33,22.86,11.937142857142858,7.29,13.06,15.492857142857144
2015-07-19,6,1,101,49,34,18,71,70.47,2.49,41.3,114.26,Domingo,7,123.66,123.23,126.39428571428572,21.51,12.59,10.494285714285713,12.57,21.3,18.349999999999998
2015-07-20,0,0,101,48,35,18,101,273.44,12.98,20.6,307.02000000000004,Lunes,7,70.47,147.41,144.39857142857142,2.49,14.69,10.25,41.3,11.62,19.632857142857144
2015-07-21,1,0,101,49,34,18,101,95.5,19.55,16.57,131.62,Martes,7,273.44,96.77,144.21714285714285,12.98,3.7,12.514285714285714,20.6,1.56,21.777142857142856
2015-07-22,2,0,99,48,32,19,99,145.75,29.77,35.7,211.22000000000003,Miercoles,7,95.5,134.43,145.8342857142857,19.55,15.2,14.595714285714289,16.57,26.45,23.09857142857143
2015-07-23,3,0,99,48,31,20,99,93.64,9.55,5.87,109.06,Jueves,7,145.75,119.23,142.17857142857142,29.77,7.54,14.882857142857144,35.7,27.66,19.985714285714288
2015-07-24,4,0,102,49,34,19,102,204.74,26.62,22.53,253.89,Viernes,7,93.64,192.79,143.8857142857143,9.55,8.33,17.49571428571429,5.87,7.29,22.162857142857145
2015-07-25,5,1,102,49,34,19,75,113.24,19.93,15.66,148.82999999999998,Sabado,7,204.74,123.66,142.39714285714285,26.62,21.51,17.27,22.53,12.57,22.604285714285712
2015-07-26,6,1,101,50,32,19,68,129.35,11.0,19.42,159.76999999999998,Domingo,7,113.24,70.47,150.8085714285714,19.93,2.49,18.485714285714288,15.66,41.3,19.47857142857143
2015-07-27,0,0,102,52,32,18,102,165.08,24.9,26.56,216.54,Lunes,7,129.35,273.44,135.32857142857142,11.0,12.98,20.18857142857143,19.42,20.6,20.330000000000002
2015-07-28,1,0,102,53,31,18,102,105.03,38.3,50.78,194.11,Martes,7,165.08,95.5,136.69,24.9,19.55,22.867142857142856,26.56,16.57,25.217142857142857
2015-07-29,2,0,102,51,34,17,102,145.68,22.9,34.84,203.42,Miercoles,7,105.03,145.75,136.68,38.3,29.77,21.88571428571429,50.78,35.7,25.094285714285714
2015-07-30,3,0,103,51,34,18,103,108.08,8.57,11.8,128.45000000000002,Jueves,7,145.68,93.64,138.74285714285716,22.9,9.55,21.745714285714286,34.84,5.87,25.941428571428577
2015-07-31,4,0,103,51,34,18,103,162.17,22.67,19.45,204.29,Viernes,7,108.08,204.74,132.66142857142856,8.57,26.62,21.18142857142857,11.8,22.53,25.501428571428573
2015-08-01,5,1,103,50,33,20,72,95.57,35.72,19.61,150.89999999999998,Sabado,8,162.17,113.24,130.13714285714286,22.67,19.93,23.437142857142856,19.45,15.66,26.06571428571429
2015-08-02,6,1,102,49,33,20,68,67.94,22.81,19.53,110.28,Domingo,8,95.57,129.35,121.36428571428573,35.72,11.0,25.124285714285712,19.61,19.42,26.08142857142857
2015-08-03,0,0,103,49,34,20,103,157.64,11.18,6.22,175.04,Lunes,8,67.94,165.08,120.30142857142857,22.81,24.9,23.164285714285715,19.53,26.56,23.17571428571429
2015-08-04,1,0,102,47,34,21,102,159.51,15.89,26.11,201.51,Martes,8,157.64,105.03,128.0842857142857,11.18,38.3,19.962857142857143,6.22,50.78,19.65142857142857
2015-08-05,2,0,101,47,31,23,101,152.5,10.81,22.57,185.88,Miercoles,8,159.51,145.68,129.0585714285714,15.89,22.9,18.235714285714284,26.11,34.84,17.898571428571426
2015-08-06,3,0,100,45,33,22,100,235.0,34.3,23.13,292.43,Jueves,8,152.5,108.08,147.19,10.81,8.57,21.91142857142857,22.57,11.8,19.517142857142858
2015-08-07,4,0,100,45,33,22,100,148.64,27.06,18.54,194.24,Viernes,8,235.0,162.17,145.25714285714284,34.3,22.67,22.538571428571426,23.13,19.45,19.38714285714286
2015-08-08,5,1,99,46,31,22,73,106.44,12.65,28.16,147.25,Sabado,8,148.64,95.57,146.81,27.06,35.72,19.24285714285714,18.54,19.61,20.608571428571427
2015-08-09,6,1,97,44,31,22,75,103.59,13.64,22.12,139.35,Domingo,8,106.44,67.94,151.90285714285713,12.65,22.81,17.93285714285714,28.16,19.53,20.978571428571428
2015-08-10,0,0,99,46,30,23,99,190.6,38.11,15.76,244.47,Lunes,8,103.59,157.64,156.61142857142858,13.64,11.18,21.78,22.12,6.22,22.34142857142857
2015-08-11,1,0,100,47,30,23,100,122.92,30.59,55.83,209.34,Martes,8,190.6,159.51,151.3842857142857,38.11,15.89,23.88,15.76,26.11,26.587142857142855
2015-08-12,2,0,105,49,31,25,105,198.71,31.31,43.31,273.33000000000004,Miercoles,8,122.92,152.5,157.9857142857143,30.59,10.81,26.808571428571423,55.83,22.57,29.55
2015-08-13,3,0,104,48,30,26,104,166.06,29.35,40.94,236.35,Jueves,8,198.71,235.0,148.13714285714286,31.31,34.3,26.101428571428574,43.31,23.13,32.09428571428571
2015-08-14,4,0,103,48,30,25,103,114.38,15.16,15.3,144.84,Viernes,8,166.06,148.64,143.24285714285716,29.35,27.06,24.40142857142857,40.94,18.54,31.631428571428575
2015-08-15,5,1,103,50,29,24,70,166.87,39.21,15.58,221.66000000000005,Sabado,8,114.38,106.44,151.87571428571428,15.16,12.65,28.195714285714285,15.3,28.16,29.834285714285716
2015-08-16,6,1,104,50,30,24,79,103.3,9.49,9.13,121.92,Domingo,8,166.87,103.59,151.8342857142857,39.21,13.64,27.602857142857143,15.58,22.12,27.978571428571428
2015-08-17,0,0,104,50,29,25,104,229.22,19.41,40.07,288.7,Lunes,8,103.3,190.6,157.35142857142858,9.49,38.11,24.93142857142857,9.13,15.76,31.451428571428576
2015-08-18,1,0,104,49,29,26,104,169.67,51.84,30.81,252.32,Martes,8,229.22,122.92,164.03,19.41,30.59,27.967142857142854,40.07,55.83,27.877142857142854
2015-08-19,2,0,105,49,29,27,105,195.97,47.68,33.82,277.47,Miercoles,8,169.67,198.71,163.63857142857142,51.84,31.31,30.305714285714284,30.81,43.31,26.52142857142857
2015-08-20,3,0,104,49,29,26,104,129.01,20.11,17.77,166.89,Jueves,8,195.97,166.06,158.3457142857143,47.68,29.35,28.985714285714284,33.82,40.94,23.21142857142857
2015-08-21,4,0,103,48,29,26,103,235.94,25.27,30.96,292.17,Viernes,8,129.01,114.38,175.71142857142857,20.11,15.16,30.43,17.77,15.3,25.448571428571427
2015-08-22,5,1,104,46,31,27,75,136.98,18.71,13.73,169.42,Sabado,8,235.94,166.87,171.44142857142856,25.27,39.21,27.501428571428573,30.96,15.58,25.184285714285714
2015-08-23,6,1,105,47,31,27,82,154.24,26.3,47.93,228.47000000000003,Domingo,8,136.98,103.3,178.71857142857144,18.71,9.49,29.90285714285714,13.73,9.13,30.72714285714286
2015-08-24,0,0,105,47,31,27,105,317.45,25.93,45.42,388.8,Lunes,8,154.24,229.22,191.32285714285715,26.3,19.41,30.834285714285716,47.93,40.07,31.49142857142857
2015-08-25,1,0,105,47,32,26,105,162.76,62.6325,11.66,241.73,Martes,8,317.45,169.67,190.33571428571426,25.93,51.84,32.37607142857143,45.42,30.81,28.755714285714287
2015-08-26,2,0,105,47,33,25,105,188.18,21.66,14.03,223.87,Miercoles,8,162.76,195.97,189.22285714285712,62.6325,47.68,28.65892857142857,11.66,33.82,25.928571428571434
2015-08-27,3,0,104,45,35,24,104,224.21,23.95,44.12,292.28,Jueves,8,188.18,129.01,202.82285714285715,21.66,20.11,29.2075,14.03,17.77,29.692857142857143
2015-08-28,4,0,105,46,35,24,105,104.14,40.92,33.76,178.82,Viernes,8,224.21,235.94,183.99428571428572,23.95,25.27,31.443214285714287,44.12,30.96,30.092857142857138
2015-08-29,5,1,105,46,34,25,72,110.64,11.27,52.96,174.87,Sabado,8,104.14,136.98,180.23142857142858,40.92,18.71,30.380357142857143,33.76,13.73,35.69714285714286
2015-08-30,6,1,105,49,32,24,79,109.52,10.12,52.91,172.55,Domingo,8,110.64,154.24,173.84285714285716,11.27,26.3,28.068928571428575,52.96,47.93,36.40857142857143
2015-08-31,0,0,104,47,35,22,104,266.63,28.19,17.46,312.28,Lunes,8,109.52,317.45,166.58285714285714,10.12,25.93,28.391785714285714,52.91,45.42,32.41428571428572
2015-09-01,1,0,105,48,36,21,105,197.51,25.68,34.63,257.82,Martes,9,266.63,162.76,171.54714285714286,28.19,62.6325,23.112857142857145,17.46,11.66,35.69571428571428
2015-09-02,2,0,105,48,36,21,105,220.22,29.88,21.38,271.48,Miercoles,9,197.51,188.18,176.1242857142857,25.68,21.66,24.287142857142857,34.63,14.03,36.74571428571428
2015-09-03,3,0,106,47,38,21,106,131.48,43.2,6.05,180.73,Jueves,9,220.22,224.21,162.87714285714284,29.88,23.95,27.037142857142857,21.38,44.12,31.307142857142857
2015-09-04,4,0,105,47,37,21,105,138.48,26.72,13.68,178.88,Viernes,9,131.48,104.14,167.78285714285713,43.2,40.92,25.00857142857143,6.05,33.76,28.43857142857143
2015-09-05,5,1,105,48,35,22,73,97.24,31.74,38.82,167.79999999999998,Sabado,9,138.48,110.64,165.8685714285714,26.72,11.27,27.93285714285714,13.68,52.96,26.41857142857143
2015-09-06,6,1,105,48,35,22,72,113.26,21.4,37.25,171.91,Domingo,9,97.24,109.52,166.40285714285713,31.74,10.12,29.544285714285714,38.82,52.91,24.181428571428572
2015-09-07,0,0,101,47,31,23,101,219.82,21.36,19.16,260.34000000000003,Lunes,9,113.26,266.63,159.71571428571428,21.4,28.19,28.568571428571428,37.25,17.46,24.424285714285713
2015-09-08,1,0,101,46,32,23,101,193.92,11.73,12.47,218.12,Martes,9,219.82,197.51,159.2028571428571,21.36,25.68,26.575714285714287,19.16,34.63,21.25857142857143
2015-09-09,2,0,102,48,32,22,102,237.72,24.66,8.5,270.88,Miercoles,9,193.92,220.22,161.70285714285714,11.73,29.88,25.830000000000002,12.47,21.38,19.41857142857143
2015-09-10,3,0,102,48,32,22,102,144.21,55.89,25.99,226.09000000000003,Jueves,9,237.72,131.48,163.52142857142857,24.66,43.2,27.642857142857142,8.5,6.05,22.267142857142858
2015-09-11,4,0,103,50,32,21,103,206.39,26.07,47.06,279.52,Viernes,9,144.21,138.48,173.22285714285712,55.89,26.72,27.55,25.99,13.68,27.035714285714285
2015-09-12,5,1,102,49,32,21,73,308.75,16.48,19.29,344.52000000000004,Sabado,9,206.39,97.24,203.4385714285714,26.07,31.74,25.37,47.06,38.82,24.24571428571429
2015-09-13,6,1,101,48,31,22,70,114.39,10.28,31.6,156.27,Domingo,9,308.75,113.26,203.6,16.48,21.4,23.78142857142857,19.29,37.25,23.438571428571432
2015-09-14,0,0,101,48,30,23,101,211.52,43.11,21.74,276.37,Lunes,9,114.39,219.82,202.41428571428574,10.28,21.36,26.88857142857143,31.6,19.16,23.807142857142853
2015-09-15,1,0,102,49,29,24,102,162.99,21.62,15.6,200.21,Martes,9,211.52,193.92,197.99571428571429,43.11,11.73,28.30142857142857,21.74,12.47,24.254285714285714
2015-09-16,2,0,99,45,30,24,99,113.25,19.84,2.39,135.48,Miercoles,9,162.99,237.72,180.21428571428572,21.62,24.66,27.61285714285714,15.6,8.5,23.381428571428568
2015-09-17,3,0,100,46,30,24,100,233.51,8.74,47.14,289.39,Jueves,9,113.25,144.21,192.97142857142856,19.84,55.89,20.877142857142854,2.39,25.99,26.40285714285714
2015-09-18,4,0,99,45,30,24,99,107.04,12.79,15.79,135.62,Viernes,9,233.51,206.39,178.77857142857144,8.74,26.07,18.979999999999997,47.14,47.06,21.935714285714287
2015-09-19,5,1,99,45,30,24,75,183.55,19.73,32.97,236.25,Sabado,9,107.04,308.75,160.89285714285714,12.79,16.48,19.444285714285716,15.79,19.29,23.889999999999997
2015-09-20,6,1,99,46,29,24,70,133.17,41.23,47.09,221.49,Domingo,9,183.55,114.39,163.57571428571427,19.73,10.28,23.865714285714287,32.97,31.6,26.102857142857143
2015-09-21,0,0,98,46,28,24,98,305.99,18.73,9.38,334.1,Lunes,9,133.17,211.52,177.07142857142858,41.23,43.11,20.382857142857144,47.09,21.74,24.337142857142858
2015-09-22,1,0,98,47,27,24,98,129.77,27.47,32.82,190.06,Martes,9,305.99,162.99,172.32571428571433,18.73,21.62,21.21857142857143,9.38,15.6,26.797142857142855
2015-09-23,2,0,98,47,27,24,98,223.8,20.26,29.07,273.13,Miercoles,9,129.77,113.25,188.11857142857144,27.47,19.84,21.27857142857143,32.82,2.39,30.608571428571427
2015-09-24,3,0,97,45,26,26,97,242.86,20.53,15.35,278.74,Jueves,9,223.8,233.51,189.45428571428573,20.26,8.74,22.962857142857143,29.07,47.14,26.067142857142862
2015-09-25,4,0,99,46,27,26,99,170.69,34.86,25.37,230.92,Viernes,9,242.86,107.04,198.5471428571429,20.53,12.79,26.115714285714287,15.35,15.79,27.435714285714287
2015-09-26,5,1,98,48,25,25,73,161.87,14.55,57.64375,237.85,Sabado,9,170.69,183.55,195.45000000000002,34.86,19.73,25.375714285714285,25.37,32.97,30.960535714285715
2015-09-27,6,1,97,48,25,24,65,45.18,7.18,27.79,80.15,Domingo,9,161.87,133.17,182.88000000000002,14.55,41.23,20.511428571428574,57.64375,47.09,28.203392857142855
2015-09-28,0,0,98,47,27,24,98,101.77,23.37,5.89,131.03,Lunes,9,45.18,305.99,153.7057142857143,7.18,18.73,21.174285714285713,27.79,9.38,27.704821428571428
2015-09-29,1,0,98,46,28,24,98,254.64,22.18,31.0,307.82,Martes,9,101.77,129.77,171.5442857142857,23.37,27.47,20.41857142857143,5.89,32.82,27.44482142857143
2015-09-30,2,0,100,47,26,27,100,149.64,25.01,29.04,203.69,Miercoles,9,254.64,223.8,160.95,22.18,20.26,21.09714285714286,31.0,29.07,27.440535714285712
2015-10-01,3,0,98,44,27,27,98,225.82,4.19,52.2,282.21,Jueves,10,149.64,242.86,158.51571428571427,25.01,20.53,18.762857142857143,29.04,15.35,32.70482142857143
2015-10-02,4,0,98,45,26,27,98,246.34,16.69,27.06,290.09000000000003,Viernes,10,225.82,170.69,169.32285714285715,4.19,34.86,16.167142857142856,52.2,25.37,32.94625
2015-10-03,5,1,99,45,27,27,73,184.76,20.66,56.16,261.58,Sabado,10,246.34,161.87,172.59285714285716,16.69,14.55,17.04,27.06,57.64375,32.73428571428571
2015-10-04,6,1,97,43,27,27,74,288.12,8.26,36.91,333.29,Domingo,10,184.76,45.18,207.29857142857142,20.66,7.18,17.194285714285716,56.16,27.79,34.037142857142854
2015-10-05,0,0,98,42,30,26,98,427.59875,34.72,27.19,526.85,Lunes,10,288.12,101.77,253.8455357142857,8.26,23.37,18.815714285714286,36.91,5.89,37.08
2015-10-06,1,0,98,42,30,26,98,277.39,29.34,29.37,336.1,Martes,10,427.59875,254.64,257.09553571428575,34.72,22.18,19.83857142857143,27.19,31.0,36.847142857142856
2015-10-07,2,0,97,43,28,26,97,289.44,24.23,38.48,352.15000000000003,Miercoles,10,277.39,149.64,277.0669642857143,29.34,25.01,19.72714285714286,29.37,29.04,38.19571428571429
2015-10-08,3,0,98,43,29,26,98,200.96,15.15,45.85,261.96000000000004,Jueves,10,289.44,225.82,273.5155357142857,24.23,4.19,21.292857142857144,38.48,52.2,37.28857142857142
2015-10-09,4,0,99,45,28,26,99,185.91,40.06,10.59,236.56,Viernes,10,200.96,246.34,264.8826785714286,15.15,16.69,24.631428571428575,45.85,27.06,34.93571428571429
2015-10-10,5,1,101,47,28,26,70,218.24,54.89,31.52,304.65,Sabado,10,185.91,184.76,269.6655357142857,40.06,20.66,29.521428571428572,10.59,56.16,31.41571428571428
2015-10-11,6,1,100,47,27,26,71,331.47,22.12,52.97,406.56000000000006,Domingo,10,218.24,288.12,275.85839285714286,54.89,8.26,31.50142857142857,31.52,36.91,33.71
2015-10-12,0,0,101,47,27,27,101,427.59875,36.15,51.53,551.04,Lunes,10,331.47,427.59875,275.85839285714286,22.12,34.72,31.705714285714286,52.97,27.19,37.18714285714286
2015-10-13,1,0,106,50,27,29,106,427.59875,18.97,22.44,494.79,Martes,10,427.59875,277.39,297.31678571428574,36.15,29.34,30.224285714285713,51.53,29.37,36.19714285714286
2015-10-14,2,0,106,48,28,30,106,270.99,24.08,28.96,324.03,Miercoles,10,427.59875,289.44,294.68107142857144,18.97,24.23,30.20285714285714,22.44,38.48,34.83714285714286
2015-10-15,3,0,105,47,26,32,105,427.59875,11.48,31.97,497.02,Jueves,10,270.99,200.96,327.0580357142857,24.08,15.15,29.678571428571423,28.96,45.85,32.854285714285716
2015-10-16,4,0,106,47,26,33,106,408.57,7.31,11.15,427.03,Viernes,10,427.59875,185.91,358.8666071428571,11.48,40.06,25.0,31.97,10.59,32.934285714285714
2015-10-17,5,1,106,47,26,33,84,417.0,24.45,57.64375,508.92,Sabado,10,408.57,218.24,387.2608928571429,7.31,54.89,20.65142857142857,11.15,31.52,36.66625
2015-10-18,6,1,106,48,25,33,76,284.42,10.08,48.34,342.84000000000003,Domingo,10,417.0,331.47,380.53946428571425,24.45,22.12,18.93142857142857,57.64375,52.97,36.00482142857143
2015-10-19,0,0,105,48,23,34,105,427.59875,9.66,57.64375,530.5300000000001,Lunes,10,284.42,427.59875,380.53946428571425,10.08,36.15,15.147142857142857,48.34,51.53,36.87821428571429
2015-10-20,1,0,103,46,25,32,103,308.66,17.31,21.67,347.64000000000004,Martes,10,427.59875,427.59875,363.5482142857142,9.66,18.97,14.91,57.64375,22.44,36.768214285714286
2015-10-21,2,0,102,45,23,34,102,255.79,30.66,57.64375,344.78,Miercoles,10,308.66,270.99,361.37678571428575,17.31,24.08,15.85,21.67,28.96,40.86589285714286
2015-10-22,3,0,103,45,23,35,103,240.03,29.25,30.03,299.30999999999995,Jueves,10,255.79,427.59875,334.58125,30.66,11.48,18.388571428571428,57.64375,31.97,40.588750000000005
2015-10-23,4,0,104,46,24,34,104,287.7,11.81,47.32,346.83,Viernes,10,240.03,408.57,317.31410714285715,29.25,7.31,19.03142857142857,30.03,11.15,45.755892857142854
2015-10-24,5,1,104,47,23,34,76,345.37,23.15,57.64375,434.36,Sabado,10,287.7,417.0,307.08125,11.81,24.45,18.845714285714287,47.32,57.64375,45.755892857142854
2015-10-25,6,1,104,46,24,34,80,343.53,13.98,21.4,378.91,Domingo,10,345.37,284.42,315.5255357142857,23.15,10.08,19.40285714285714,57.64375,48.34,41.90732142857143
2015-10-26,0,0,102,47,22,33,102,365.87,24.83,57.64375,450.54,Lunes,10,343.53,427.59875,306.70714285714286,13.98,9.66,21.569999999999997,21.4,57.64375,41.90732142857143
2015-10-27,1,0,103,48,22,33,103,427.59875,23.19,27.75,494.45,Martes,10,365.87,308.66,323.6983928571429,24.83,17.31,22.41,57.64375,21.67,42.77589285714286
2015-10-28,2,0,103,48,23,32,103,228.42,35.11,6.19,269.72,Miercoles,10,427.59875,255.79,319.78839285714287,23.19,30.66,23.045714285714286,27.75,57.64375,35.425357142857145
2015-10-29,3,0,101,44,26,31,101,261.65,26.13,14.8,302.58,Jueves,10,228.42,240.03,322.8769642857143,35.11,29.25,22.599999999999998,6.19,30.03,33.24964285714286
2015-10-30,4,0,102,43,29,30,102,338.64,28.62,31.62,398.88,Viernes,10,261.65,287.7,330.1541071428571,26.13,11.81,25.00142857142857,14.8,47.32,31.006785714285716
2015-10-31,5,1,102,43,29,30,74,291.32,19.79,33.2,344.31,Sabado,10,338.64,345.37,322.43267857142854,28.62,23.15,24.521428571428572,31.62,57.64375,27.514821428571427
2015-11-01,6,1,105,46,28,31,74,396.2,36.22,13.9,446.32,Domingo,11,291.32,343.53,329.9569642857142,19.79,13.98,27.698571428571427,33.2,21.4,26.443392857142857
2015-11-02,0,0,105,47,28,30,105,318.94,23.13,26.99,369.06,Lunes,11,396.2,365.87,323.25267857142853,36.22,24.83,27.455714285714286,13.9,57.64375,22.064285714285717
2015-11-03,1,0,104,46,29,29,104,287.59,17.01,8.6,313.2,Martes,11,318.94,427.59875,303.25142857142856,23.13,23.19,26.572857142857146,26.99,27.75,19.32857142857143
2015-11-04,2,0,103,44,30,29,103,417.35,59.52,49.21,526.08,Miercoles,11,287.59,228.42,330.24142857142857,17.01,35.11,30.060000000000002,8.6,6.19,25.474285714285717
2015-11-05,3,0,103,43,31,29,103,308.62,8.82,24.64,342.08,Jueves,11,417.35,261.65,336.95142857142855,59.52,26.13,27.587142857142858,49.21,14.8,26.880000000000003
2015-11-06,4,0,103,42,32,29,103,216.66,16.8,19.5,252.96,Viernes,11,308.62,338.64,319.5257142857143,8.82,28.62,25.898571428571426,24.64,31.62,25.148571428571433
2015-11-07,5,1,103,43,30,30,72,331.96,45.94,24.8,402.7,Sabado,11,216.66,291.32,325.3314285714286,16.8,19.79,29.634285714285713,19.5,33.2,23.94857142857143
2015-11-08,6,1,100,40,30,30,79,255.96,23.37,37.96,317.29,Domingo,11,331.96,396.2,305.29714285714283,45.94,36.22,27.798571428571428,24.8,13.9,27.38571428571429
2015-11-09,0,0,100,40,30,30,100,270.3,9.67,21.55,301.52000000000004,Lunes,11,255.96,318.94,298.34857142857146,23.37,23.13,25.875714285714288,37.96,26.99,26.60857142857143
2015-11-10,1,0,101,41,28,32,101,282.43,27.31,39.85,349.59000000000003,Martes,11,270.3,287.59,297.6114285714286,9.67,17.01,27.34714285714286,21.55,8.6,31.072857142857146
2015-11-11,2,0,101,41,29,31,101,408.69,13.31,57.64375,480.3,Miercoles,11,282.43,417.35,296.3742857142857,27.31,59.52,20.74571428571429,39.85,49.21,32.277678571428574
2015-11-12,3,0,101,42,28,31,101,163.39,37.67,36.75,237.81,Jueves,11,408.69,308.62,275.6271428571428,13.31,8.82,24.867142857142856,57.64375,24.64,34.00767857142858
2015-11-13,4,0,101,42,29,30,101,147.68,41.2,29.43,218.31,Viernes,11,163.39,216.66,265.7728571428571,37.67,16.8,28.352857142857147,36.75,19.5,35.42625
2015-11-14,5,1,102,44,30,28,73,92.1,15.31,28.72,136.13,Sabado,11,147.68,331.96,231.50714285714284,41.2,45.94,23.977142857142862,29.43,24.8,35.98625
2015-11-15,6,1,102,44,31,27,81,226.26,23.72,7.62,257.6,Domingo,11,92.1,255.96,227.26428571428573,15.31,23.37,24.02714285714286,28.72,37.96,31.651964285714286
2015-11-16,0,0,103,45,31,27,103,348.1,30.66,30.12,408.88000000000005,Lunes,11,226.26,270.3,238.37857142857143,23.72,9.67,27.025714285714287,7.62,21.55,32.87625
2015-11-17,1,0,103,45,30,28,103,412.02,1.85,35.86,449.73,Martes,11,348.1,282.43,256.89142857142855,30.66,27.31,23.388571428571428,30.12,39.85,32.30625
2015-11-18,2,0,102,43,32,27,102,168.4,37.05,34.09,239.54,Miercoles,11,412.02,408.69,222.56428571428572,1.85,13.31,26.779999999999998,35.86,57.64375,28.941428571428567
2015-11-19,3,0,102,42,33,27,102,182.01,62.6325,10.66,267.47,Jueves,11,168.4,163.39,225.2242857142857,37.05,37.67,30.34607142857143,34.09,36.75,25.214285714285715
2015-11-20,4,0,102,43,33,26,102,173.54,6.29,29.21,209.04,Viernes,11,182.01,147.68,228.91857142857143,62.6325,41.2,25.35892857142857,10.66,29.43,25.18285714285714
2015-11-21,5,1,103,44,33,26,79,238.69,11.69,22.02,272.4,Sabado,11,173.54,92.1,249.85999999999999,6.29,15.31,24.841785714285713,29.21,28.72,24.225714285714286
2015-11-22,6,1,102,42,35,25,77,213.77,19.26,10.29,243.32,Domingo,11,238.69,226.26,248.07571428571427,11.69,23.72,24.204642857142858,22.02,7.62,24.607142857142858
2015-11-23,0,0,102,43,34,25,102,427.59875,10.09,14.68,491.13,Lunes,11,213.77,348.1,259.43267857142854,19.26,30.66,21.266071428571426,10.29,30.12,22.40142857142857
2015-11-24,1,0,104,45,34,25,104,137.68,41.5,23.76,202.94,Martes,11,427.59875,412.02,220.24125,10.09,1.85,26.93035714285714,14.68,35.86,20.672857142857143
2015-11-25,2,0,104,46,34,24,104,201.62,35.99,27.36,264.97,Miercoles,11,137.68,168.4,224.98696428571427,41.5,37.05,26.77892857142857,23.76,34.09,19.71142857142857
2015-11-26,3,0,104,48,32,24,104,176.56,25.83,20.24,222.63,Jueves,11,201.62,182.01,224.20839285714283,35.99,62.6325,21.521428571428572,27.36,10.66,21.080000000000002
2015-11-27,4,0,103,47,32,24,103,142.75,21.94,3.4,168.09,Viernes,11,176.56,173.54,219.8098214285714,25.83,6.29,23.75714285714286,20.24,29.21,17.392857142857142
2015-11-28,5,1,103,48,31,24,71,221.06,9.36,29.62,260.04,Sabado,11,142.75,238.69,217.29125,21.94,11.69,23.424285714285713,3.4,22.02,18.478571428571428
2015-11-29,6,1,104,48,34,22,75,212.25,1.43,28.98,242.66,Domingo,11,221.06,213.77,217.07410714285714,9.36,19.26,20.877142857142854,29.62,10.29,21.148571428571433
2015-11-30,0,0,103,48,31,24,103,243.73,15.36,35.67,294.76,Lunes,11,212.25,427.59875,190.80714285714288,1.43,10.09,21.630000000000003,28.98,14.68,24.147142857142857
2015-12-01,1,0,105,53,28,24,105,166.96,11.75,9.55,188.26,Martes,12,243.73,137.68,194.98999999999998,15.36,41.5,17.38,35.67,23.76,22.11714285714286
2015-12-02,2,0,105,52,29,24,105,291.47,62.6325,4.91,366.64,Miercoles,12,166.96,201.62,207.82571428571433,11.75,35.99,21.18607142857143,9.55,27.36,18.91
2015-12-03,3,0,105,52,27,26,105,394.68,19.59,19.58,433.85,Jueves,12,291.47,176.56,238.9857142857143,62.6325,25.83,20.294642857142858,4.91,20.24,18.815714285714286
2015-12-04,4,0,105,53,26,26,105,178.44,29.03,16.34,223.81,Viernes,12,394.68,142.75,244.08428571428573,19.59,21.94,21.3075,19.58,3.4,20.664285714285715
2015-12-05,5,1,103,53,25,25,69,163.31,5.91,40.25,209.47,Sabado,12,178.44,221.06,235.8342857142857,29.03,9.36,20.81464285714286,16.34,29.62,22.18285714285714
2015-12-06,6,1,103,53,24,26,69,276.57,13.1,28.89,318.56,Domingo,12,163.31,212.25,245.02285714285713,5.91,1.43,22.481785714285714,40.25,28.98,22.169999999999998
2015-12-07,0,0,101,51,23,27,101,176.25,16.62,16.16,209.03,Lunes,12,276.57,243.73,235.38285714285712,13.1,15.36,22.661785714285713,28.89,35.67,19.382857142857144
2015-12-08,1,0,102,52,23,27,102,278.12,23.17,10.64,311.93,Martes,12,176.25,166.96,251.26285714285714,16.62,11.75,24.29321428571429,16.16,9.55,19.53857142857143
2015-12-09,2,0,102,53,22,27,102,282.56,45.13,17.67,345.36,Miercoles,12,278.12,291.47,249.98999999999998,23.17,62.6325,21.792857142857144,10.64,4.91,21.361428571428572
2015-12-10,3,0,104,54,22,28,104,222.35,26.06,57.64375,313.13,Jueves,12,282.56,394.68,225.3714285714286,45.13,19.59,22.717142857142857,17.67,19.58,26.799107142857142
2015-12-11,4,0,104,54,24,26,104,159.14,25.02,30.96,215.12,Viernes,12,222.35,178.44,222.6142857142857,26.06,29.03,22.14428571428571,57.64375,16.34,28.88767857142857
2015-12-12,5,1,101,52,27,22,75,214.52,12.34,27.55,254.41000000000005,Sabado,12,159.14,163.31,229.93,25.02,5.91,23.062857142857144,30.96,40.25,27.07339285714286
2015-12-13,6,1,100,52,26,22,73,135.82,13.25,41.8,190.87,Domingo,12,214.52,276.57,209.82285714285717,12.34,13.1,23.084285714285716,27.55,28.89,28.91767857142857
2015-12-14,0,0,99,51,26,22,99,247.82,31.35,22.8,301.97,Lunes,12,135.82,176.25,220.0471428571429,13.25,16.62,25.18857142857143,41.8,16.16,29.86625
2015-12-15,1,0,98,50,26,22,98,272.52,7.89,22.45,302.86,Martes,12,247.82,278.12,219.24714285714285,31.35,23.17,23.005714285714284,22.8,10.64,31.553392857142853
2015-12-16,2,0,98,50,26,22,98,275.05,27.88,28.88,331.81,Miercoles,12,272.52,282.56,218.17428571428573,7.89,45.13,20.541428571428572,22.45,17.67,33.15482142857143
2015-12-17,3,0,95,49,25,21,95,155.8,17.06,37.74,210.6,Jueves,12,275.05,222.35,208.66714285714284,27.88,26.06,19.255714285714284,28.88,57.64375,30.31142857142857
2015-12-18,4,0,100,55,24,21,100,179.49,29.75,17.79,227.03,Viernes,12,155.8,159.14,211.5742857142857,17.06,25.02,19.93142857142857,37.74,30.96,28.430000000000003
2015-12-19,5,1,101,56,23,22,65,1.52,0.0,0.26,1.78,Sabado,12,179.49,214.52,181.1457142857143,29.75,12.34,18.16857142857143,17.79,27.55,24.53142857142857
2015-12-20,6,1,100,56,22,22,74,209.23,7.69,13.07,229.99,Domingo,12,1.52,135.82,191.63285714285712,0.0,13.25,17.374285714285715,0.26,41.8,20.427142857142858
2015-12-21,0,0,99,55,22,22,99,354.92,34.3,21.58,410.8,Lunes,12,209.23,247.82,206.93285714285713,7.69,31.35,17.795714285714286,13.07,22.8,20.252857142857145
2015-12-22,1,0,97,53,21,23,97,310.42,14.05,25.53,350.0,Martes,12,354.92,272.52,212.34714285714287,34.3,7.89,18.675714285714285,21.58,22.45,20.692857142857143
2015-12-23,2,0,97,53,19,25,97,189.77,8.24,17.28,215.29,Miercoles,12,310.42,275.05,200.16428571428574,14.05,27.88,15.870000000000001,25.53,28.88,19.035714285714285
2015-12-24,3,0,98,53,19,26,98,184.44,12.89,37.88,235.21,Jueves,12,189.77,155.8,204.2557142857143,8.24,17.06,15.274285714285714,17.28,37.74,19.055714285714284
2015-12-25,4,0,98,54,18,26,98,133.54,62.6325,3.01,206.11,Viernes,12,184.44,179.49,197.6914285714286,12.89,29.75,19.971785714285716,37.88,17.79,16.944285714285716
2015-12-26,5,1,99,52,21,26,73,425.99,36.71,24.1,486.8,Sabado,12,133.54,1.52,258.33000000000004,62.6325,0.0,25.21607142857143,3.01,0.26,20.349999999999998
2015-12-27,6,1,100,51,23,26,70,298.94,9.92,27.13,335.99,Domingo,12,425.99,209.23,271.1457142857143,36.71,7.69,25.53464285714286,24.1,13.07,22.35857142857143
2015-12-28,0,0,101,53,22,26,101,413.35,49.55,20.56,483.46,Lunes,12,298.94,354.92,279.49285714285713,9.92,34.3,27.713214285714283,27.13,21.58,22.212857142857143
2015-12-29,1,0,102,54,22,26,102,427.59875,23.29,55.57,570.94,Martes,12,413.35,310.42,296.23267857142855,49.55,14.05,29.033214285714287,20.56,25.53,26.504285714285714
2015-12-30,2,0,101,53,23,25,101,383.13,32.87,32.6,448.6,Miercoles,12,427.59875,189.77,323.85553571428574,23.29,8.24,32.551785714285714,55.57,17.28,28.692857142857143
2015-12-31,3,0,99,51,22,26,99,293.77,47.21,39.3,380.28,Jueves,12,383.13,184.44,339.4741071428571,32.87,12.89,37.45464285714286,32.6,37.88,28.895714285714284
2016-01-01,4,0,100,52,23,25,100,0.0,0.86,0.07,0.93,Viernes,1,293.77,133.54,320.39696428571426,47.21,62.6325,28.630000000000003,39.3,3.01,28.475714285714286
2016-01-02,5,1,101,53,23,25,70,238.4,0.57,1.73,240.7,Sabado,1,0.0,425.99,293.5983928571428,0.86,36.71,23.467142857142857,0.07,24.1,25.28
2016-01-03,6,1,101,54,23,24,74,274.09,1.34,18.63,294.05999999999995,Domingo,1,238.4,298.94,290.04839285714286,0.57,9.92,22.24142857142857,1.73,27.13,24.065714285714282
2016-01-04,0,0,101,52,26,23,101,315.96,16.46,33.51,365.93,Lunes,1,274.09,413.35,276.1355357142857,1.34,49.55,17.514285714285716,18.63,20.56,25.91571428571428
2016-01-05,1,0,101,53,26,22,101,260.28,39.05,22.86,322.19,Martes,1,315.96,427.59875,252.2328571428571,16.46,23.29,19.76571428571429,33.51,55.57,21.24285714285714
2016-01-06,2,0,102,55,27,20,102,423.41,5.11,26.38,454.9,Miercoles,1,260.28,383.13,257.9871428571428,39.05,32.87,15.799999999999999,22.86,32.6,20.354285714285712
2016-01-07,3,0,104,58,26,20,104,0.0,0.0,0.09,0.09,Jueves,1,423.41,293.77,216.01999999999998,5.11,47.21,9.055714285714286,26.38,39.3,14.752857142857142
2016-01-08,4,0,104,55,28,21,104,272.74,21.92,32.47,327.13,Viernes,1,0.0,0.0,254.98285714285717,0.0,0.86,12.064285714285715,0.09,0.07,19.381428571428575
2016-01-09,5,1,103,56,26,21,74,427.59875,21.8,29.79,493.67,Sabado,1,272.74,238.4,282.01124999999996,21.92,0.57,15.097142857142856,32.47,1.73,23.389999999999997
2016-01-10,6,1,102,55,26,21,71,318.64,19.63,29.48,367.75,Domingo,1,427.59875,274.09,288.3755357142857,21.8,1.34,17.71,29.79,18.63,24.939999999999998
2016-01-11,0,0,101,54,25,22,101,427.59875,47.52,41.46,527.75,Lunes,1,318.64,315.96,304.32392857142855,19.63,16.46,22.147142857142857,29.48,33.51,26.075714285714287
2016-01-12,1,0,102,55,25,22,102,420.86,19.57,51.63,492.06,Martes,1,427.59875,260.28,327.26392857142855,47.52,39.05,19.364285714285717,41.46,22.86,30.185714285714287
2016-01-13,2,0,104,54,29,21,104,292.48,42.04,37.42,371.94000000000005,Miercoles,1,420.86,423.41,308.5596428571429,19.57,5.11,24.639999999999997,51.63,26.38,31.762857142857143
2016-01-14,3,0,103,52,30,21,103,427.59875,53.53,8.36,537.08,Jueves,1,292.48,0.0,369.6451785714286,42.04,0.0,32.287142857142854,37.42,0.09,32.94428571428571
2016-01-15,4,0,102,52,29,21,102,127.84,24.32,38.17,190.33,Viernes,1,427.59875,272.74,348.9451785714286,53.53,21.92,32.63,8.36,32.47,33.75857142857143
2016-01-16,5,1,102,54,26,22,71,306.21,26.84,15.15,348.19999999999993,Sabado,1,127.84,427.59875,331.6039285714286,24.32,21.8,33.35,38.17,29.79,31.66714285714286
2016-01-17,6,1,102,52,26,24,74,229.18,7.5,33.45,270.13,Domingo,1,306.21,318.64,318.82392857142855,26.84,19.63,31.617142857142856,15.15,29.48,32.23428571428572
2016-01-18,0,0,100,51,25,24,100,416.56,8.03,16.61,441.2,Lunes,1,229.18,427.59875,317.24696428571434,7.5,47.52,25.975714285714286,33.45,41.46,28.684285714285718
2016-01-19,1,0,99,49,28,22,99,329.51,22.37,26.66,378.54,Martes,1,416.56,420.86,304.1969642857143,8.03,19.57,26.375714285714285,16.61,51.63,25.11714285714286
2016-01-20,2,0,100,50,29,21,100,103.02,62.6325,9.76,195.42,Miercoles,1,329.51,292.48,277.13124999999997,22.37,42.04,29.3175,26.66,37.42,21.165714285714284
2016-01-21,3,0,101,51,29,21,101,427.59875,23.62,20.54,507.17,Jueves,1,103.02,427.59875,277.13124999999997,62.6325,53.53,25.044642857142858,9.76,8.36,22.905714285714286
2016-01-22,4,0,101,51,30,20,101,270.7,30.28,4.49,305.47,Viernes,1,427.59875,127.84,297.53982142857143,23.62,24.32,25.896071428571428,20.54,38.17,18.094285714285714
2016-01-23,5,1,101,52,28,21,74,181.82,10.07,26.11,218.0,Sabado,1,270.7,306.21,279.76982142857145,30.28,26.84,23.500357142857144,4.49,15.15,19.66
2016-01-24,6,1,104,53,28,23,77,250.48,6.09,19.04,275.61,Domingo,1,181.82,229.18,282.81267857142853,10.07,7.5,23.298928571428572,26.11,33.45,17.601428571428574
2016-01-25,0,0,100,50,27,23,100,314.88,34.67,47.43,396.98,Lunes,1,250.48,416.56,268.2869642857143,6.09,8.03,27.10464285714286,19.04,16.61,22.004285714285714
2016-01-26,1,0,103,53,27,23,103,211.44,27.95,25.69,265.08,Martes,1,314.88,329.51,251.41982142857142,34.67,22.37,27.901785714285715,47.43,26.66,21.865714285714287
2016-01-27,2,0,104,53,29,22,104,208.57,50.45,18.91,277.93,Miercoles,1,211.44,103.02,266.49839285714285,27.95,62.6325,26.16142857142857,25.69,9.76,23.172857142857143
2016-01-28,3,0,106,55,28,23,106,231.52,9.92,33.88,275.32,Jueves,1,208.57,427.59875,238.48714285714283,50.45,23.62,24.204285714285714,18.91,20.54,25.07857142857143
2016-01-29,4,0,106,54,29,23,106,427.59875,8.91,23.0,559.17,Viernes,1,231.52,270.7,260.90125,9.92,30.28,21.15142857142857,33.88,4.49,27.722857142857144
2016-01-30,5,1,105,52,30,23,76,241.01,8.85,41.53,291.39,Sabado,1,427.59875,181.82,269.35696428571424,8.91,10.07,20.97714285714286,23.0,26.11,29.92571428571429
2016-01-31,6,1,108,54,29,25,77,407.79,7.31,22.78,437.88,Domingo,1,241.01,250.48,291.82982142857145,8.85,6.09,21.15142857142857,41.53,19.04,30.460000000000004
2016-02-01,0,0,108,55,28,25,108,128.8,21.25,31.46,181.51,Lunes,2,407.79,314.88,265.2469642857143,7.31,34.67,19.23428571428571,22.78,47.43,28.178571428571427
2016-02-02,1,0,106,53,29,24,106,276.55,17.75,57.64375,361.71,Martes,2,128.8,211.44,274.54839285714286,21.25,27.95,17.777142857142856,31.46,25.69,32.74339285714286
2016-02-03,2,0,106,51,30,25,106,275.53,34.91,39.59,350.03,Miercoles,2,276.55,208.57,284.1141071428571,17.75,50.45,15.557142857142855,57.64375,18.91,35.697678571428575
2016-02-04,3,0,103,46,32,25,103,198.61,15.86,40.77,255.24000000000004,Jueves,2,275.53,231.52,279.41267857142856,34.91,9.92,16.405714285714286,39.59,33.88,36.68196428571429
2016-02-05,4,0,102,48,29,25,102,348.34,21.8,27.67,397.81,Viernes,2,198.61,427.59875,268.09,15.86,8.91,18.247142857142855,40.77,23.0,37.34910714285714
2016-02-06,5,1,102,49,28,25,76,289.17,3.7,26.28,319.15,Sabado,2,348.34,241.01,274.96999999999997,21.8,8.85,17.51142857142857,27.67,41.53,35.17053571428571
2016-02-07,6,1,101,48,28,25,75,427.59875,3.87,19.28,465.68,Domingo,2,289.17,407.79,277.7998214285714,3.7,7.31,17.02,26.28,22.78,34.67053571428571
2016-02-08,0,0,102,48,29,25,102,188.49,15.82,31.08,235.39,Lunes,2,427.59875,128.8,286.32696428571427,3.87,21.25,16.244285714285713,19.28,31.46,34.61625
2016-02-09,1,0,102,49,28,25,102,330.27,47.44,35.71,413.42,Martes,2,188.49,276.55,294.00124999999997,15.82,17.75,20.485714285714284,31.08,57.64375,31.482857142857142
2016-02-10,2,0,102,49,28,25,102,232.0,62.6325,21.85,340.65000000000003,Miercoles,2,330.27,275.53,287.78267857142856,47.44,34.91,24.44607142857143,35.71,39.59,28.948571428571427
2016-02-11,3,0,102,49,27,26,102,258.53,31.06,8.46,298.04999999999995,Jueves,2,232.0,198.61,296.34267857142856,62.6325,15.86,26.6175,21.85,40.77,24.332857142857144
2016-02-12,4,0,102,48,27,27,102,414.14,11.32,31.41,456.87,Viernes,2,258.53,348.34,305.7426785714286,31.06,21.8,25.12035714285714,8.46,27.67,24.867142857142856
2016-02-13,5,1,104,50,28,26,76,215.54,7.69,13.83,237.06,Sabado,2,414.14,289.17,295.2241071428571,11.32,3.7,25.690357142857142,31.41,26.28,23.08857142857143
2016-02-14,6,1,104,50,27,27,72,212.22,15.33,31.43,258.98,Domingo,2,215.54,427.59875,264.4557142857143,7.69,3.87,27.327500000000004,13.83,19.28,24.824285714285715
2016-02-15,0,0,104,48,29,27,104,363.74,20.19,28.52,412.45,Lunes,2,212.22,188.49,289.49142857142857,15.33,15.82,27.951785714285712,31.43,31.08,24.458571428571425
2016-02-16,1,0,104,48,31,25,104,202.44,9.66,36.1,248.2,Martes,2,363.74,330.27,271.23,20.19,47.44,22.55464285714286,28.52,35.71,24.514285714285716
2016-02-17,2,0,105,49,30,26,105,189.63,36.31,16.46,242.4,Miercoles,2,202.44,232.0,265.1771428571429,9.66,62.6325,18.794285714285714,36.1,21.85,23.744285714285713
2016-02-18,3,0,103,47,29,27,103,302.21,8.42,12.72,323.35,Jueves,2,189.63,258.53,271.4171428571429,36.31,31.06,15.56,16.46,8.46,24.352857142857143
2016-02-19,4,0,104,48,29,27,104,194.52,56.16,21.23,271.91,Viernes,2,302.21,414.14,240.04285714285714,8.42,11.32,21.965714285714284,12.72,31.41,22.898571428571433
2016-02-20,5,1,103,48,29,26,72,178.77,13.33,53.7,245.8,Sabado,2,194.52,215.54,234.79,56.16,7.69,22.771428571428572,21.23,13.83,28.594285714285714
2016-02-21,6,1,102,46,31,25,71,267.41,15.83,30.93,314.17,Domingo,2,178.77,212.22,242.67428571428573,13.33,15.33,22.842857142857138,53.7,31.43,28.52285714285714
2016-02-22,0,0,100,48,29,23,100,339.44,30.98,13.32,383.74,Lunes,2,267.41,363.74,239.20285714285714,15.83,20.19,24.384285714285713,30.93,28.52,26.351428571428574
2016-02-23,1,0,100,49,28,23,100,276.59,30.56,13.16,320.31,Martes,2,339.44,202.44,249.79571428571427,30.98,9.66,27.37,13.32,36.1,23.074285714285715
2016-02-24,2,0,100,51,27,22,100,235.1,17.4,34.31,286.81,Miercoles,2,276.59,189.63,256.2914285714286,30.56,36.31,24.668571428571425,13.16,16.46,25.624285714285715
2016-02-25,3,0,102,51,29,22,102,278.89,62.6325,35.02,378.18,Jueves,2,235.1,302.21,252.95999999999998,17.4,8.42,32.41321428571428,34.31,12.72,28.810000000000002
2016-02-26,4,0,104,53,29,22,104,199.39,17.79,21.95,239.13,Viernes,2,278.89,194.52,253.65571428571428,62.6325,56.16,26.931785714285716,35.02,21.23,28.912857142857145
2016-02-27,5,1,103,54,27,22,69,122.19,7.21,34.24,163.64,Sabado,2,199.39,178.77,245.57285714285715,17.79,13.33,26.057499999999997,21.95,53.7,26.132857142857144
2016-02-28,6,1,102,53,28,21,73,325.81,16.69,33.66,376.16,Domingo,2,122.19,267.41,253.91571428571427,7.21,15.83,26.180357142857144,34.24,30.93,26.522857142857145
2016-02-29,0,0,102,51,32,19,102,315.59,37.76,26.35,379.7,Lunes,2,325.81,339.44,250.5085714285714,16.69,30.98,27.14892857142857,33.66,13.32,28.384285714285717
2016-03-01,1,0,103,53,32,18,103,212.7,31.27,35.64,279.61,Martes,3,315.59,276.59,241.38142857142856,37.76,30.56,27.250357142857144,26.35,13.16,31.595714285714287
2016-03-02,2,0,103,49,36,18,103,146.47,45.47,10.93,202.87,Miercoles,3,212.7,235.1,228.72,31.27,17.4,31.260357142857142,35.64,34.31,28.255714285714287
2016-03-03,3,0,102,49,36,17,102,379.87,5.49,9.7,395.06,Jueves,3,146.47,278.89,243.1457142857143,45.47,62.6325,23.09714285714286,10.93,35.02,24.638571428571428
2016-03-04,4,0,102,48,36,18,102,181.49,9.93,17.69,209.11,Viernes,3,379.87,199.39,240.5885714285714,5.49,17.79,21.974285714285713,9.7,21.95,24.029999999999998
2016-03-05,5,1,102,47,37,18,72,186.04,23.66,18.36,228.06,Sabado,3,181.49,122.19,249.71,9.93,7.21,24.324285714285715,17.69,34.24,21.76142857142857
2016-03-06,6,1,104,49,37,18,75,400.73,5.37,17.3,423.4,Domingo,3,186.04,325.81,260.41285714285715,23.66,16.69,22.707142857142856,18.36,33.66,19.424285714285713
2016-03-07,0,0,103,47,36,20,103,295.9,9.98,21.49,327.37,Lunes,3,400.73,315.59,257.6,5.37,37.76,18.738571428571426,17.3,26.35,18.73
2016-03-08,1,0,106,49,36,21,106,311.26,22.61,16.93,350.8,Martes,3,295.9,212.7,271.68,9.98,31.27,17.50142857142857,21.49,35.64,16.057142857142857
2016-03-09,2,0,106,49,37,20,106,155.02,23.78,18.05,196.85,Miercoles,3,311.26,146.47,272.90142857142854,22.61,45.47,14.402857142857142,16.93,10.93,17.074285714285715
2016-03-10,3,0,105,49,36,20,105,165.67,25.28,24.88,215.83,Jueves,3,155.02,379.87,242.3014285714286,23.78,5.49,17.23,18.05,9.7,19.24285714285714
2016-03-11,4,0,104,49,35,20,104,150.26,25.28,12.86,188.4,Viernes,3,165.67,181.49,237.83999999999997,25.28,9.93,19.422857142857143,24.88,17.69,18.552857142857142
2016-03-12,5,1,104,49,34,21,79,221.17,11.43,11.71,244.31,Sabado,3,150.26,186.04,242.8585714285714,25.28,23.66,17.675714285714285,12.86,18.36,17.602857142857143
2016-03-13,6,1,104,50,33,21,73,285.28,9.07,10.28,304.62999999999994,Domingo,3,221.17,400.73,226.3657142857143,11.43,5.37,18.204285714285714,11.71,17.3,16.6
2016-03-14,0,0,104,52,31,21,104,251.56,34.85,18.93,305.34000000000003,Lunes,3,285.28,295.9,220.03142857142856,9.07,9.98,21.75714285714286,10.28,21.49,16.234285714285715
2016-03-15,1,0,104,53,32,19,104,167.72,19.23,19.58,206.53,Martes,3,251.56,311.26,199.5257142857143,34.85,22.61,21.274285714285714,18.93,16.93,16.61285714285714
2016-03-16,2,0,103,52,32,19,103,255.57,46.24,19.91,321.72,Miercoles,3,167.72,155.02,213.89000000000001,19.23,23.78,24.482857142857142,19.58,18.05,16.87857142857143
2016-03-17,3,0,102,53,31,18,102,408.96,27.45,20.38,456.79,Jueves,3,255.57,165.67,248.6457142857143,46.24,25.28,24.79285714285714,19.91,24.88,16.235714285714288
2016-03-18,4,0,102,51,34,17,102,171.45,43.08,10.72,225.25,Viernes,3,408.96,150.26,251.6728571428571,27.45,25.28,27.335714285714285,20.38,12.86,15.929999999999998
2016-03-19,5,1,102,51,34,17,70,92.54,15.95,35.51,144.0,Sabado,3,171.45,221.17,233.29714285714286,43.08,11.43,27.981428571428573,10.72,11.71,19.330000000000002
2016-03-20,6,1,103,54,31,18,67,187.04,2.39,28.47,217.9,Domingo,3,92.54,285.28,219.2628571428571,15.95,9.07,27.027142857142856,35.51,10.28,21.928571428571427
2016-03-21,0,0,103,54,31,18,103,315.05,29.28,17.7,362.03,Lunes,3,187.04,251.56,228.33285714285714,2.39,34.85,26.231428571428573,28.47,18.93,21.752857142857142
2016-03-22,1,0,102,54,32,16,102,289.01,30.98,7.22,327.21000000000004,Martes,3,315.05,167.72,245.66,29.28,19.23,27.91,17.7,19.58,19.987142857142857
2016-03-23,2,0,101,55,29,17,101,164.33,57.97,13.05,235.35,Miercoles,3,289.01,255.57,232.62571428571428,30.98,46.24,29.585714285714285,7.22,19.91,19.007142857142856
2016-03-24,3,0,101,57,28,16,101,214.71,9.33,22.5,246.54,Jueves,3,164.33,408.96,204.8757142857143,57.97,27.45,26.997142857142858,13.05,20.38,19.31
2016-03-25,4,0,101,59,27,15,101,288.1,20.14,21.65,329.89,Viernes,3,214.71,171.45,221.54000000000002,9.33,43.08,23.72,22.5,10.72,20.87142857142857
2016-03-26,5,1,103,59,28,16,73,157.22,9.18,7.84,174.24,Sabado,3,288.1,92.54,230.78,20.14,15.95,22.752857142857145,21.65,35.51,16.91857142857143
2016-03-27,6,1,102,58,28,16,64,268.87,24.41,25.42,318.70000000000005,Domingo,3,157.22,187.04,242.47000000000003,9.18,2.39,25.898571428571426,7.84,28.47,16.482857142857146
2016-03-28,0,0,102,60,27,15,102,169.29,47.43,10.06,226.78,Lunes,3,268.87,315.05,221.64714285714285,24.41,29.28,28.49142857142857,25.42,17.7,15.391428571428573
2016-03-29,1,0,102,59,27,16,102,247.43,10.14,17.49,275.06,Martes,3,169.29,289.01,215.70714285714286,47.43,30.98,25.514285714285716,10.06,7.22,16.85857142857143
2016-03-30,2,0,103,60,25,18,103,149.9,8.44,25.55,183.89,Miercoles,3,247.43,164.33,213.6457142857143,10.14,57.97,18.438571428571432,17.49,13.05,18.64428571428572
2016-03-31,3,0,103,62,25,16,103,215.25,3.81,7.77,226.83,Jueves,3,149.9,214.71,213.72285714285712,8.44,9.33,17.65,25.55,22.5,16.54
2016-04-01,4,0,102,62,24,16,102,341.54,7.35,20.07,368.96,Viernes,4,215.25,288.1,221.3571428571429,3.81,20.14,15.822857142857142,7.77,21.65,16.314285714285713
2016-04-02,5,1,102,59,27,16,70,154.36,7.43,12.31,174.10000000000002,Sabado,4,341.54,157.22,220.94857142857146,7.35,9.18,15.572857142857144,20.07,7.84,16.952857142857145
2016-04-03,6,1,104,60,27,17,72,355.3,12.03,33.42,400.75,Domingo,4,154.36,268.87,233.2957142857143,7.43,24.41,13.804285714285715,12.31,25.42,18.095714285714287
2016-04-04,0,0,101,58,26,17,101,146.68,8.35,23.48,178.51,Lunes,4,355.3,169.29,230.06571428571428,12.03,47.43,8.221428571428572,33.42,10.06,20.012857142857143
2016-04-05,1,0,101,57,27,17,101,273.47,12.44,20.57,306.48,Martes,4,146.68,247.43,233.78571428571428,8.35,10.14,8.549999999999999,23.48,17.49,20.452857142857145
2016-04-06,2,0,101,57,26,18,101,103.1,15.87,23.55,142.52,Miercoles,4,273.47,149.9,227.1,12.44,8.44,9.611428571428572,20.57,25.55,20.16714285714286
2016-04-07,3,0,102,57,26,19,102,142.7,17.31,23.64,183.65,Jueves,4,103.1,215.25,216.7357142857143,15.87,3.81,11.540000000000001,23.55,7.77,22.434285714285714
2016-04-08,4,0,104,60,26,18,104,294.93,5.64,27.96,328.53,Viernes,4,142.7,341.54,210.07714285714286,17.31,7.35,11.295714285714284,23.64,20.07,23.56142857142857
2016-04-09,5,1,102,59,25,18,72,188.97,15.04,32.81,236.82,Sabado,4,294.93,154.36,215.02142857142857,5.64,7.43,12.382857142857143,27.96,12.31,26.490000000000002
2016-04-10,6,1,101,57,26,18,72,101.94,7.55,18.08,127.57,Domingo,4,188.97,355.3,178.82714285714286,15.04,12.03,11.742857142857142,32.81,33.42,24.298571428571424
2016-04-11,0,0,102,56,27,19,102,175.27,27.05,2.01,204.33,Lunes,4,101.94,146.68,182.9114285714286,7.55,8.35,14.414285714285715,18.08,23.48,21.231428571428573
2016-04-12,1,0,102,56,26,20,102,286.49,48.24,16.39,351.12,Martes,4,175.27,273.47,184.77142857142857,27.05,12.44,19.52857142857143,2.01,20.57,20.634285714285713
2016-04-13,2,0,105,58,25,22,105,241.09,59.81,27.36,328.26,Miercoles,4,286.49,103.1,204.4842857142857,48.24,15.87,25.805714285714284,16.39,23.55,21.178571428571427
2016-04-14,3,0,105,59,24,22,105,312.84,22.68,11.11,346.63,Jueves,4,241.09,142.7,228.79000000000002,59.81,17.31,26.572857142857142,27.36,23.64,19.388571428571428
2016-04-15,4,0,105,58,25,22,105,165.55,16.58,18.96,201.09,Viernes,4,312.84,294.93,210.30714285714288,22.68,5.64,28.13571428571429,11.11,27.96,18.102857142857143
2016-04-16,5,1,103,58,23,22,70,154.16,25.46,22.79,202.41,Sabado,4,165.55,188.97,205.3342857142857,16.58,15.04,29.624285714285715,18.96,32.81,16.67142857142857
2016-04-17,6,1,101,57,22,22,73,258.11,4.16,18.51,280.78000000000003,Domingo,4,154.16,101.94,227.6442857142857,25.46,7.55,29.140000000000004,22.79,18.08,16.732857142857142
2016-04-18,0,0,101,58,21,22,101,147.03,35.49,16.33,198.85,Lunes,4,258.11,175.27,223.60999999999999,4.16,27.05,30.345714285714287,18.51,2.01,18.77857142857143
2016-04-19,1,0,100,57,22,21,100,161.15,15.13,12.3,188.58,Martes,4,147.03,286.49,205.70428571428573,35.49,48.24,25.615714285714287,16.33,16.39,18.194285714285716
2016-04-20,2,0,99,56,22,21,99,113.97,26.91,9.84,150.72,Miercoles,4,161.15,241.09,187.54428571428573,15.13,59.81,20.915714285714284,12.3,27.36,15.69142857142857
2016-04-21,3,0,98,55,21,22,98,145.42,13.58,12.73,171.73,Jueves,4,113.97,312.84,163.62714285714287,26.91,22.68,19.615714285714287,9.84,11.11,15.922857142857142
2016-04-22,4,0,99,52,24,23,99,143.52,10.84,27.93,182.29,Viernes,4,145.42,165.55,160.48000000000002,13.58,16.58,18.79571428571429,12.73,18.96,17.204285714285714
2016-04-23,5,1,97,51,22,24,72,158.87,18.33,57.64375,242.1,Sabado,4,143.52,154.16,161.15285714285713,10.84,25.46,17.777142857142856,27.93,22.79,22.183392857142856
2016-04-24,6,1,98,51,23,24,70,172.1,8.68,4.66,185.44,Domingo,4,158.87,258.11,148.8657142857143,18.33,4.16,18.422857142857143,57.64375,18.51,20.204821428571424
2016-04-25,0,0,97,51,22,24,97,140.78,51.79,31.97,224.54,Lunes,4,172.1,147.03,147.97285714285712,8.68,35.49,20.75142857142857,4.66,16.33,22.439107142857143
2016-04-26,1,0,100,51,25,24,100,183.34,52.18,25.57,261.09000000000003,Martes,4,140.78,161.15,151.14285714285714,51.79,15.13,26.044285714285714,31.97,12.3,24.334821428571427
2016-04-27,2,0,101,50,27,24,101,318.86,62.6325,26.58,423.54,Miercoles,4,183.34,113.97,180.41285714285715,52.18,26.91,31.1475,25.57,9.84,26.726249999999997
2016-04-28,3,0,101,50,27,24,101,187.0,50.16,22.4,259.56,Jueves,4,318.86,145.42,186.35285714285715,62.6325,13.58,36.37321428571428,26.58,12.73,28.107678571428572
2016-04-29,4,0,101,52,25,24,101,250.16,42.21,32.07,324.44,Viernes,4,187.0,143.52,201.58714285714285,50.16,10.84,40.85464285714285,22.4,27.93,28.69910714285714
2016-04-30,5,1,101,51,28,22,73,232.38,29.82,43.12,305.32,Sabado,4,250.16,158.87,212.08857142857144,42.21,18.33,42.49607142857143,32.07,57.64375,26.624285714285715
2016-05-01,6,1,101,51,28,22,73,0.0,0.0,0.87,0.87,Domingo,5,232.38,172.1,187.50285714285715,29.82,8.68,41.25607142857143,43.12,4.66,26.082857142857144
2016-05-02,0,0,104,51,32,21,104,273.31,21.81,16.27,311.39,Lunes,5,0.0,140.78,206.43571428571428,0.0,51.79,36.973214285714285,0.87,31.97,23.84
2016-05-03,1,0,104,52,31,21,104,164.22,8.89,27.13,200.24,Martes,5,273.31,183.34,203.70428571428573,21.81,52.18,30.788928571428574,16.27,25.57,24.062857142857137
2016-05-04,2,0,104,52,32,20,104,220.39,11.36,29.53,261.28,Miercoles,5,164.22,318.86,189.63714285714283,8.89,62.6325,23.464285714285715,27.13,26.58,24.48428571428571
2016-05-05,3,0,105,50,34,21,105,288.56,49.66,19.39,357.61,Jueves,5,220.39,187.0,204.1457142857143,11.36,50.16,23.392857142857142,29.53,22.4,24.054285714285715
2016-05-06,4,0,105,51,33,21,105,236.37,21.19,16.34,273.9,Viernes,5,288.56,250.16,202.1757142857143,49.66,42.21,20.389999999999997,19.39,32.07,21.807142857142857
2016-05-07,5,1,105,52,30,23,76,235.56,13.87,18.37,267.8,Sabado,5,236.37,232.38,202.62999999999997,21.19,29.82,18.111428571428572,16.34,43.12,18.27142857142857
2016-05-08,6,1,104,51,31,22,70,192.24,32.05,21.99,246.28000000000003,Domingo,5,235.56,0.0,230.09285714285713,13.87,0.0,22.689999999999998,18.37,0.87,21.28857142857143
2016-05-09,0,0,106,55,28,23,106,207.27,7.62,26.83,241.72000000000003,Lunes,5,192.24,273.31,220.6585714285714,32.05,21.81,20.662857142857142,21.99,16.27,22.797142857142855
2016-05-10,1,0,104,51,32,21,104,198.39,12.95,30.46,241.8,Martes,5,207.27,164.22,225.54,7.62,8.89,21.24285714285714,26.83,27.13,23.27285714285714
2016-05-11,2,0,103,51,32,20,103,157.97,37.77,21.69,217.43,Miercoles,5,198.39,220.39,216.62285714285716,12.95,11.36,25.01571428571429,30.46,29.53,22.15285714285714
2016-05-12,3,0,103,52,31,20,103,197.45,23.22,11.88,232.55,Jueves,5,157.97,288.56,203.60714285714286,37.77,49.66,21.23857142857143,21.69,19.39,21.080000000000002
2016-05-13,4,0,102,51,31,20,102,252.95,25.35,9.65,287.95,Viernes,5,197.45,236.37,205.97571428571428,23.22,21.19,21.832857142857144,11.88,16.34,20.124285714285715
2016-05-14,5,1,102,47,35,20,73,151.37,34.81,22.22,208.4,Sabado,5,252.95,235.56,193.94857142857146,25.35,13.87,24.824285714285715,9.65,18.37,20.674285714285713
2016-05-15,6,1,103,47,35,21,72,210.29,17.12,23.31,250.72,Domingo,5,151.37,192.24,196.52714285714288,34.81,32.05,22.691428571428577,22.22,21.99,20.86285714285714
2016-05-16,0,0,104,48,35,21,104,166.1,52.68,20.69,239.47,Lunes,5,210.29,207.27,190.6457142857143,17.12,7.62,29.128571428571433,23.31,26.83,19.985714285714288
2016-05-17,1,0,105,50,34,21,105,271.3,12.11,17.31,300.72,Martes,5,166.1,198.39,201.06142857142854,52.68,12.95,29.00857142857143,20.69,30.46,18.107142857142858
2016-05-18,2,0,104,51,32,21,104,245.61,21.14,16.5,283.25,Miercoles,5,271.3,157.97,213.58142857142857,12.11,37.77,26.632857142857144,17.31,21.69,17.365714285714287
2016-05-19,3,0,104,51,32,21,104,211.15,30.34,26.96,268.45,Jueves,5,245.61,197.45,215.53857142857143,21.14,23.22,27.65,16.5,11.88,19.52
2016-05-20,4,0,105,53,32,20,105,95.93,41.3,13.12,150.35000000000002,Viernes,5,211.15,252.95,193.10714285714286,30.34,25.35,29.928571428571427,26.96,9.65,20.01571428571429
2016-05-21,5,1,104,52,32,20,79,224.32,6.89,7.91,239.12,Sabado,5,95.93,151.37,203.52857142857144,41.3,34.81,25.939999999999998,13.12,22.22,17.97142857142857
2016-05-22,6,1,102,51,31,20,71,266.9,15.56,17.35,299.81,Domingo,5,224.32,210.29,211.6157142857143,6.89,17.12,25.717142857142854,7.91,23.31,17.12
2016-05-23,0,0,99,52,27,20,99,364.27,51.11,19.96,435.34,Lunes,5,266.9,166.1,239.9257142857143,15.56,52.68,25.49285714285714,17.35,20.69,17.01571428571429
2016-05-24,1,0,99,53,27,19,99,214.82,7.2,45.93,267.95,Martes,5,364.27,271.3,231.85714285714283,51.11,12.11,24.791428571428572,19.96,17.31,21.104285714285716
2016-05-25,2,0,98,52,27,19,98,165.36,43.05,30.97,239.38,Miercoles,5,214.82,245.61,220.39285714285714,7.2,21.14,27.92142857142857,45.93,16.5,23.17142857142857
2016-05-26,3,0,98,55,24,19,98,165.65,46.68,16.87,229.2,Jueves,5,165.36,211.15,213.8928571428571,43.05,30.34,30.255714285714284,30.97,26.96,21.729999999999997
2016-05-27,4,0,100,54,28,18,100,113.16,36.82,31.3,181.28,Viernes,5,165.65,95.93,216.3542857142857,46.68,41.3,29.615714285714287,16.87,13.12,24.327142857142857
2016-05-28,5,1,100,55,27,18,70,201.24,9.94,44.06,255.24,Sabado,5,113.16,224.32,213.05714285714285,36.82,6.89,30.051428571428573,31.3,7.91,29.49142857142857
2016-05-29,6,1,99,55,27,17,65,136.68,4.11,29.28,170.07000000000002,Domingo,5,201.24,266.9,194.45428571428573,9.94,15.56,28.415714285714284,44.06,17.35,31.195714285714285
2016-05-30,0,0,100,54,29,17,100,193.79,8.72,11.48,213.99,Lunes,5,136.68,364.27,170.1,4.11,51.11,22.360000000000003,29.28,19.96,29.98428571428571
2016-05-31,1,0,101,54,30,17,101,139.64,8.3,20.03,167.97,Martes,5,193.79,214.82,159.35999999999999,8.72,7.2,22.517142857142858,11.48,45.93,26.284285714285712
2016-06-01,2,0,102,55,30,17,102,138.47,30.13,30.43,199.03,Miercoles,6,139.64,165.36,155.51857142857142,8.3,43.05,20.67142857142857,20.03,30.97,26.207142857142856
2016-06-02,3,0,104,56,30,18,104,149.42,49.16,8.1,206.68,Jueves,6,138.47,165.65,153.2,30.13,46.68,21.025714285714287,30.43,16.87,24.954285714285714
2016-06-03,4,0,103,55,30,18,103,126.09,22.51,26.38,174.98,Viernes,6,149.42,113.16,155.04714285714286,49.16,36.82,18.981428571428573,8.1,31.3,24.25142857142857
2016-06-04,5,1,103,57,28,18,65,91.02,3.56,12.37,106.95,Sabado,6,126.09,201.24,139.30142857142857,22.51,9.94,18.07,26.38,44.06,19.724285714285713
2016-06-05,6,1,101,55,27,19,70,110.51,11.3,38.68,160.49,Domingo,6,91.02,136.68,135.56285714285715,3.56,4.11,19.09714285714286,12.37,29.28,21.06714285714286
2016-06-06,0,0,103,55,27,21,103,178.79,13.09,22.15,214.03,Lunes,6,110.51,193.79,133.42,11.3,8.72,19.72142857142857,38.68,11.48,22.591428571428573
2016-06-07,1,0,100,52,28,20,100,187.46,34.78,23.66,245.9,Martes,6,178.79,139.64,140.25142857142856,13.09,8.3,23.504285714285714,22.15,20.03,23.110000000000003
2016-06-08,2,0,100,53,28,19,100,300.15,25.29,32.47,357.91,Miercoles,6,187.46,138.47,163.34857142857143,34.78,30.13,22.812857142857144,23.66,30.43,23.40142857142857
2016-06-09,3,0,99,52,28,19,99,135.86,19.27,32.4,187.53000000000003,Jueves,6,300.15,149.42,161.4114285714286,25.29,49.16,18.542857142857144,32.47,8.1,26.872857142857146
2016-06-10,4,0,101,53,29,19,101,175.78,29.79,31.6,237.17,Viernes,6,135.86,126.09,168.51000000000002,19.27,22.51,19.58285714285714,32.4,26.38,27.618571428571432
2016-06-11,5,1,102,54,30,18,71,169.21,8.6,38.98,216.79,Sabado,6,175.78,91.02,179.68000000000004,29.79,3.56,20.302857142857142,31.6,12.37,31.419999999999998
2016-06-12,6,1,102,55,29,18,73,231.87,19.89,29.64,281.4,Domingo,6,169.21,110.51,197.0171428571429,8.6,11.3,21.53,38.98,38.68,30.12857142857143
2016-06-13,0,0,104,57,28,19,104,103.86,19.55,20.73,144.14,Lunes,6,231.87,178.79,186.31285714285713,19.89,13.09,22.452857142857145,29.64,22.15,29.925714285714285
2016-06-14,1,0,102,55,28,19,102,119.96,45.41,9.45,174.82,Martes,6,103.86,187.46,176.67000000000002,19.55,34.78,23.97142857142857,20.73,23.66,27.895714285714284
2016-06-15,2,0,99,51,29,19,99,230.56,57.92,19.4,307.88,Miercoles,6,119.96,300.15,166.72857142857143,45.41,25.29,28.63285714285714,9.45,32.47,26.02857142857143
2016-06-16,3,0,98,51,28,19,98,135.62,9.89,15.13,160.64,Jueves,6,230.56,135.86,166.6942857142857,57.92,19.27,27.292857142857144,19.4,32.4,23.561428571428568
2016-06-17,4,0,99,52,28,19,99,132.61,21.04,11.72,165.37,Viernes,6,135.62,175.78,160.52714285714288,9.89,29.79,26.042857142857144,15.13,31.6,20.72142857142857
2016-06-18,5,1,99,52,27,20,72,181.01,3.18,8.14,192.33,Sabado,6,132.61,169.21,162.21285714285713,21.04,8.6,25.268571428571427,11.72,38.98,16.315714285714286
2016-06-19,6,1,102,55,26,21,69,182.44,3.33,26.75,212.52,Domingo,6,181.01,231.87,155.15142857142857,3.18,19.89,22.90285714285714,8.14,29.64,15.902857142857142
2016-06-20,0,0,101,56,25,20,101,152.22,12.95,28.57,193.74,Lunes,6,182.44,103.86,162.06,3.33,19.55,21.959999999999997,26.75,20.73,17.02285714285714
2016-06-21,1,0,101,55,26,20,101,154.51,40.16,29.77,224.44,Martes,6,152.22,119.96,166.99571428571429,12.95,45.41,21.21,28.57,9.45,19.925714285714285
2016-06-22,2,0,101,55,26,20,101,282.39,15.7,8.55,306.64,Miercoles,6,154.51,230.56,174.4,40.16,57.92,15.178571428571429,29.77,19.4,18.375714285714285
2016-06-23,3,0,100,55,24,21,100,125.48,13.53,12.54,151.54999999999998,Jueves,6,282.39,135.62,172.95142857142855,15.7,9.89,15.698571428571428,8.55,15.13,18.005714285714284
2016-06-24,4,0,102,54,26,22,102,126.15,40.58,26.64,193.37,Viernes,6,125.48,132.61,172.02857142857144,13.53,21.04,18.49,12.54,11.72,20.13714285714286
2016-06-25,5,1,102,55,26,21,69,95.3,12.27,23.59,131.16,Sabado,6,126.15,181.01,159.78428571428572,40.58,3.18,19.788571428571426,26.64,8.14,22.344285714285714
2016-06-26,6,1,103,55,27,21,74,87.03,48.26,12.59,147.88,Domingo,6,95.3,182.44,146.1542857142857,12.27,3.33,26.207142857142856,23.59,26.75,20.321428571428573
2016-06-27,0,0,102,54,27,21,102,164.13,25.38,25.26,214.77,Lunes,6,87.03,152.22,147.8557142857143,48.26,12.95,27.982857142857142,12.59,28.57,19.84857142857143
2016-06-28,1,0,104,55,27,22,104,164.92,53.96,6.2,225.08,Martes,6,164.13,154.51,149.34285714285716,25.38,40.16,29.954285714285714,25.26,29.77,16.481428571428573
2016-06-29,2,0,104,55,26,23,104,155.97,34.19,31.69,221.85,Miercoles,6,164.92,282.39,131.28285714285715,53.96,15.7,32.59571428571429,6.2,8.55,19.787142857142857
2016-06-30,3,0,103,55,27,21,103,63.1,16.16,16.65,95.91,Jueves,6,155.97,125.48,122.37142857142858,34.19,13.53,32.971428571428575,31.69,12.54,20.374285714285715
2016-07-01,4,0,103,54,28,21,103,167.88,5.27,16.45,189.6,Viernes,7,63.1,126.15,128.33285714285714,16.16,40.58,27.927142857142854,16.65,26.64,18.91857142857143
2016-07-02,5,1,104,56,27,21,76,129.7,21.33,19.01,170.03999999999996,Sabado,7,167.88,95.3,133.24714285714285,5.27,12.27,29.22142857142857,16.45,23.59,18.264285714285716
2016-07-03,6,1,104,56,27,21,76,93.95,10.39,28.39,132.73000000000002,Domingo,7,129.7,87.03,134.2357142857143,21.33,48.26,23.81142857142857,19.01,12.59,20.521428571428572
2016-07-04,0,0,102,55,26,21,102,95.62,22.29,34.25,152.16,Lunes,7,93.95,164.13,124.44857142857143,10.39,25.38,23.369999999999997,28.39,25.26,21.805714285714284
2016-07-05,1,0,102,55,26,21,102,128.31,25.51,24.77,178.59,Martes,7,95.62,164.92,119.21857142857142,22.29,53.96,19.305714285714284,34.25,6.2,24.458571428571428
2016-07-06,2,0,103,56,27,20,103,203.73,13.5,37.44,254.67,Miercoles,7,128.31,155.97,126.04142857142857,25.51,34.19,16.35,24.77,31.69,25.28
2016-07-07,3,0,105,57,27,21,105,148.65,28.98,30.49,208.12,Jueves,7,203.73,63.1,138.26285714285714,13.5,16.16,18.181428571428572,37.44,16.65,27.25714285714286
2016-07-08,4,0,105,57,26,22,105,197.13,32.74,6.1,235.97,Viernes,7,148.65,167.88,142.4414285714286,28.98,5.27,22.10571428571429,30.49,16.45,25.778571428571432
2016-07-09,5,1,105,54,28,23,73,53.79,30.81,14.51,99.11,Sabado,7,197.13,129.7,131.59714285714284,32.74,21.33,23.46,6.1,19.01,25.135714285714283
2016-07-10,6,1,104,51,30,23,70,138.2,14.99,26.09,179.28,Domingo,7,53.79,93.95,137.91857142857143,30.81,10.39,24.117142857142856,14.51,28.39,24.807142857142857
2016-07-11,0,0,103,50,30,23,103,136.43,27.22,27.96,191.61,Lunes,7,138.2,95.62,143.7485714285714,14.99,22.29,24.821428571428573,26.09,34.25,23.908571428571427
2016-07-12,1,0,102,50,28,24,102,184.87,41.87,26.82,253.56,Martes,7,136.43,128.31,151.82857142857142,27.22,25.51,27.15857142857143,27.96,24.77,24.201428571428572
2016-07-13,2,0,102,50,28,24,102,177.02,31.49,29.94,238.45,Miercoles,7,184.87,203.73,148.01285714285714,41.87,13.5,29.728571428571428,26.82,37.44,23.13
2016-07-14,3,0,100,48,26,26,100,81.29,8.84,11.96,102.09,Jueves,7,177.02,148.65,138.39000000000001,31.49,28.98,26.851428571428567,29.94,30.49,20.482857142857142
2016-07-15,4,0,101,47,26,28,101,99.54,12.46,16.05,128.05,Viernes,7,81.29,197.13,124.44857142857143,8.84,32.74,23.95428571428571,11.96,6.1,21.904285714285713
2016-07-16,5,1,102,47,27,28,73,112.62,16.76,51.47,180.85,Sabado,7,99.54,53.79,132.85285714285715,12.46,30.81,21.947142857142858,16.05,14.51,27.184285714285718
2016-07-17,6,1,103,46,28,29,73,127.92,7.91,52.15,187.98,Domingo,7,112.62,138.2,131.3842857142857,16.76,14.99,20.935714285714287,51.47,26.09,30.907142857142855
2016-07-18,0,0,101,48,26,27,101,168.32,6.6,32.62,207.54,Lunes,7,127.92,136.43,135.94,7.91,27.22,17.99,52.15,27.96,31.572857142857142
2016-07-19,1,0,102,48,24,30,102,128.24,15.88,43.78,187.9,Martes,7,168.32,184.87,127.85000000000001,6.6,41.87,14.27714285714286,32.62,26.82,33.995714285714286
2016-07-20,2,0,101,48,24,29,101,167.63,17.55,57.64375,244.17,Miercoles,7,128.24,177.02,126.50857142857144,15.88,31.49,12.285714285714286,43.78,29.94,37.95339285714285
2016-07-21,3,0,101,49,20,32,101,113.87,43.09,35.66,192.62,Jueves,7,167.63,81.29,131.16285714285715,17.55,8.84,17.178571428571427,57.64375,11.96,41.33910714285714
2016-07-22,4,0,98,47,19,32,98,89.94,11.58,22.16,123.68,Viernes,7,113.87,99.54,129.79142857142855,43.09,12.46,17.052857142857142,35.66,16.05,42.21196428571428
2016-07-23,5,1,98,47,21,30,72,69.12,18.36,28.05,115.53,Sabado,7,89.94,112.62,123.57714285714285,11.58,16.76,17.28142857142857,22.16,51.47,38.86625
2016-07-24,6,1,98,48,21,29,74,156.71,8.92,13.47,179.1,Domingo,7,69.12,127.92,127.68999999999998,18.36,7.91,17.425714285714285,28.05,52.15,33.340535714285714
2016-07-25,0,0,98,49,20,29,98,144.22,25.02,57.64375,243.57,Lunes,7,156.71,168.32,124.24714285714286,8.92,6.6,20.057142857142857,13.47,32.62,36.91535714285714
2016-07-26,1,0,100,51,20,29,100,65.96,44.82,48.38,159.16,Martes,7,144.22,128.24,115.35000000000001,25.02,15.88,24.19142857142857,57.64375,43.78,37.5725
2016-07-27,2,0,102,51,20,31,102,69.81,10.89,18.38,99.08,Miercoles,7,65.96,167.63,101.37571428571428,44.82,17.55,23.240000000000002,48.38,57.64375,31.963392857142853
2016-07-28,3,0,101,50,22,29,101,157.75,35.04,55.72,248.51,Jueves,7,69.81,113.87,107.64428571428572,10.89,43.09,22.09,18.38,35.66,34.82910714285715
2016-07-29,4,0,100,48,22,30,100,76.16,48.0,57.64375,183.51,Viernes,7,157.75,89.94,105.67571428571428,35.04,11.58,27.29285714285714,55.72,22.16,39.89821428571428
2016-07-30,5,1,98,47,21,30,70,175.63,19.11,38.25,232.99,Sabado,7,76.16,69.12,120.89142857142856,48.0,18.36,27.400000000000002,57.64375,28.05,41.355357142857144
2016-07-31,6,1,99,48,22,29,75,112.19,13.54,34.52,160.25,Domingo,7,175.63,156.71,114.53142857142858,19.11,8.92,28.060000000000002,38.25,13.47,44.3625
2016-08-01,0,0,97,48,22,27,97,90.43,20.95,44.2,155.58,Lunes,8,112.19,144.22,106.84714285714286,13.54,25.02,27.478571428571428,34.52,57.64375,42.441964285714285
2016-08-02,1,0,97,48,22,27,97,76.79,33.54,43.92,154.25,Martes,8,90.43,65.96,108.39428571428572,20.95,44.82,25.867142857142856,44.2,48.38,41.80482142857143
2016-08-03,2,0,98,48,23,27,98,135.86,32.36,42.93,211.15000000000003,Miercoles,8,76.79,69.81,117.83,33.54,10.89,28.934285714285714,43.92,18.38,45.31196428571429
2016-08-04,3,0,99,49,23,27,99,225.86,33.89,44.05,303.8,Jueves,8,135.86,157.75,127.56000000000002,32.36,35.04,28.77,42.93,55.72,43.644821428571426
2016-08-05,4,0,100,49,25,26,100,140.37,62.6325,52.84,261.68,Viernes,8,225.86,76.16,136.73285714285717,33.89,48.0,30.860357142857143,44.05,57.64375,42.95857142857143
2016-08-06,5,1,100,47,27,26,73,95.2,62.6325,15.4,199.97,Sabado,8,140.37,175.63,125.24285714285715,62.6325,19.11,37.07785714285715,52.84,38.25,39.69428571428572
2016-08-07,6,1,101,46,28,27,74,196.79,34.37,42.14,273.3,Domingo,8,95.2,112.19,137.32857142857142,62.6325,13.54,40.05357142857143,15.4,34.52,40.78285714285715
2016-08-08,0,0,101,46,28,27,101,98.75,62.6325,45.84,255.63,Lunes,8,196.79,90.43,138.5171428571429,34.37,20.95,46.00821428571429,42.14,44.2,41.01714285714286
2016-08-09,1,0,101,48,25,28,101,197.58,62.6325,35.44,309.26,Martes,8,98.75,76.79,155.77285714285716,62.6325,33.54,50.16428571428571,45.84,43.92,39.80571428571428
2016-08-10,2,0,100,47,25,28,100,158.8,31.71,57.64375,254.3,Miercoles,8,197.58,135.86,159.05,62.6325,32.36,50.07142857142857,35.44,42.93,41.90767857142857
2016-08-11,3,0,99,46,26,27,99,163.84,2.92,30.69,197.45,Jueves,8,158.8,225.86,150.19,31.71,33.89,45.64714285714285,57.64375,44.05,39.99910714285714
2016-08-12,4,0,98,45,25,28,98,179.89,17.8,48.34,246.03,Viernes,8,163.84,140.37,155.83571428571432,2.92,62.6325,39.2425,30.69,52.84,39.35625
2016-08-13,5,1,98,44,24,30,71,151.37,6.65,48.28,206.3,Sabado,8,179.89,95.2,163.85999999999999,17.8,62.6325,31.245,48.34,15.4,44.05339285714285
2016-08-14,6,1,98,45,25,28,74,90.67,4.94,27.26,122.87,Domingo,8,151.37,196.79,148.70000000000002,6.65,34.37,27.040714285714284,48.28,42.14,41.927678571428565
2016-08-15,0,0,97,44,25,28,97,133.22,33.49,27.63,194.34,Lunes,8,90.67,98.75,153.62428571428572,4.94,62.6325,22.8775,27.26,45.84,39.32625
2016-08-16,1,0,97,43,26,28,97,89.59,12.21,55.75,157.55,Martes,8,133.22,197.58,138.19714285714286,33.49,62.6325,15.674285714285716,27.63,35.44,42.22767857142857
2016-08-17,2,0,98,43,27,28,98,61.75,20.98,47.69,130.42000000000002,Miercoles,8,89.59,158.8,124.33285714285714,12.21,31.71,14.141428571428573,55.75,57.64375,40.80571428571428
2016-08-18,3,0,97,42,27,28,97,167.49,20.13,40.1,227.72,Jueves,8,61.75,163.84,124.85428571428572,20.98,2.92,16.6,47.69,30.69,42.15
2016-08-19,4,0,100,43,28,29,100,177.17,37.13,5.57,219.87,Viernes,8,167.49,179.89,124.46571428571428,20.13,17.8,19.361428571428572,40.1,48.34,36.04
2016-08-20,5,1,100,43,28,29,72,122.37,3.86,25.82,152.05,Sabado,8,177.17,151.37,120.32285714285715,37.13,6.65,18.962857142857143,5.57,48.28,32.831428571428575
2016-08-21,6,1,101,45,27,29,73,188.85,9.0,46.68,244.53,Domingo,8,122.37,90.67,134.34857142857143,3.86,4.94,19.542857142857144,25.82,27.26,35.605714285714285
2016-08-22,0,0,100,45,26,29,100,151.75,11.84,20.13,183.72,Lunes,8,188.85,133.22,136.99571428571429,9.0,33.49,16.45,46.68,27.63,34.534285714285716
2016-08-23,1,0,99,43,29,27,99,95.75,23.14,15.71,134.6,Martes,8,151.75,89.59,137.87571428571428,11.84,12.21,18.01142857142857,20.13,55.75,28.814285714285713
2016-08-24,2,0,99,45,26,28,99,73.26,5.97,51.19,130.42000000000002,Miercoles,8,95.75,61.75,139.52,23.14,20.98,15.867142857142856,15.71,47.69,29.314285714285713
2016-08-25,3,0,100,46,26,28,100,128.74,12.5,23.93,165.17000000000002,Jueves,8,73.26,167.49,133.98428571428573,5.97,20.13,14.777142857142858,51.19,40.1,27.004285714285714
2016-08-26,4,0,100,45,27,28,100,138.29,10.57,22.88,171.73999999999998,Viernes,8,128.74,177.17,128.43,12.5,37.13,10.982857142857144,23.93,5.57,29.477142857142855
2016-08-27,5,1,101,44,30,27,73,84.43,7.78,48.39,140.60000000000002,Sabado,8,138.29,122.37,123.01,10.57,3.86,11.542857142857143,22.88,25.82,32.70142857142857
2016-08-28,6,1,103,43,32,28,77,193.19,8.99,40.86,243.04,Domingo,8,84.43,188.85,123.63000000000001,7.78,9.0,11.541428571428572,48.39,46.68,31.870000000000005
2016-08-29,0,0,103,42,34,27,103,98.17,13.98,49.01,161.16,Lunes,8,193.19,151.75,115.97571428571429,8.99,11.84,11.847142857142858,40.86,20.13,35.995714285714286
2016-08-30,1,0,103,42,32,29,103,61.41,12.81,26.48,100.7,Martes,8,98.17,95.75,111.07000000000001,13.98,23.14,10.371428571428572,49.01,15.71,37.534285714285716
2016-08-31,2,0,104,44,30,30,104,160.52,11.5,35.96,207.98,Miercoles,8,61.41,73.26,123.53571428571429,12.81,5.97,11.161428571428573,26.48,51.19,35.35857142857143
2016-09-01,3,0,104,44,31,29,104,217.31,6.26,29.06,252.63,Jueves,9,160.52,128.74,136.18857142857144,11.5,12.5,10.27,35.96,23.93,36.09142857142857
2016-09-02,4,0,105,44,33,28,105,70.66,62.6325,51.6,207.76,Viernes,9,217.31,138.29,126.52714285714285,6.26,10.57,17.7075,29.06,22.88,40.19428571428572
2016-09-03,5,1,105,47,31,27,80,290.41,15.57,27.93,333.91,Sabado,9,70.66,84.43,155.95285714285714,62.6325,7.78,18.820357142857144,51.6,48.39,37.271428571428565
2016-09-04,6,1,105,48,30,27,71,144.92,29.35,45.41,219.68,Domingo,9,290.41,193.19,149.05714285714288,15.57,8.99,21.728928571428575,27.93,40.86,37.92142857142857
2016-09-05,0,0,103,48,28,27,103,237.22,26.25,17.97,281.44000000000005,Lunes,9,144.92,98.17,168.92142857142858,29.35,13.98,23.481785714285714,45.41,49.01,33.48714285714286
2016-09-06,1,0,104,50,27,27,104,225.9,43.53,27.17,296.6,Martes,9,237.22,61.41,192.42000000000002,26.25,12.81,27.87035714285715,17.97,26.48,33.58571428571428
2016-09-07,2,0,103,49,27,27,103,256.19,44.12,12.43,312.74,Miercoles,9,225.9,160.52,206.08714285714288,43.53,11.5,32.53035714285714,27.17,35.96,30.224285714285713
2016-09-08,3,0,103,49,27,27,103,227.89,23.19,31.76,282.84,Jueves,9,256.19,217.31,207.59857142857143,44.12,6.26,34.94892857142857,12.43,29.06,30.609999999999996
2016-09-09,4,0,103,51,25,27,103,178.14,29.92,26.4,234.46,Viernes,9,227.89,70.66,222.95285714285714,23.19,62.6325,30.275714285714287,31.76,51.6,27.009999999999998
2016-09-10,5,1,102,52,21,29,73,165.41,22.71,48.19,236.31,Sabado,9,178.14,290.41,205.0957142857143,29.92,15.57,31.29571428571429,26.4,27.93,29.904285714285713
2016-09-11,6,1,100,51,20,29,69,262.37,21.3,15.86,299.53000000000003,Domingo,9,165.41,144.92,221.8742857142857,22.71,29.35,30.145714285714288,48.19,45.41,25.682857142857138
2016-09-12,0,0,99,49,21,29,99,161.81,28.03,40.84,230.68,Lunes,9,262.37,237.22,211.10142857142858,21.3,26.25,30.4,15.86,17.97,28.949999999999996
2016-09-13,1,0,100,48,23,29,100,211.17,37.9,40.11,289.18,Martes,9,161.81,225.9,208.99714285714282,28.03,43.53,29.595714285714283,40.84,27.17,30.798571428571428
2016-09-14,2,0,99,47,23,29,99,161.67,21.3,34.97,217.94,Miercoles,9,211.17,256.19,195.49428571428572,37.9,44.12,26.33571428571429,40.11,12.43,34.01857142857143
2016-09-15,3,0,99,48,21,30,99,254.76,62.6325,17.66,362.27,Jueves,9,161.67,227.89,199.33285714285714,21.3,23.19,31.970357142857146,34.97,31.76,32.004285714285714
2016-09-16,4,0,100,49,20,31,100,176.18,47.84,11.44,235.46,Viernes,9,254.76,178.14,199.05285714285716,62.6325,29.92,34.53035714285714,17.66,26.4,29.867142857142856
2016-09-17,5,1,102,50,20,32,78,294.26,32.17,41.16,367.59,Sabado,9,176.18,165.41,217.46,47.84,22.71,35.88178571428572,11.44,48.19,28.86285714285714
2016-09-18,6,1,100,51,19,30,73,116.71,9.53,36.05,162.29,Domingo,9,294.26,262.37,196.65142857142857,32.17,21.3,34.20035714285714,41.16,15.86,31.747142857142858
2016-09-19,0,0,98,50,20,28,98,203.35,31.37,22.38,257.1,Lunes,9,116.71,161.81,202.58571428571426,9.53,28.03,34.6775,36.05,40.84,29.109999999999996
2016-09-20,1,0,98,50,21,27,98,217.85,38.64,24.73,281.22,Martes,9,203.35,211.17,203.54,31.37,37.9,34.78321428571429,22.38,40.11,26.912857142857142
2016-09-21,2,0,100,51,22,27,100,130.98,33.46,44.39,208.83,Miercoles,9,217.85,161.67,199.15571428571428,38.64,21.3,36.520357142857144,24.73,34.97,28.25857142857143
2016-09-22,3,0,100,52,21,27,100,197.16,15.93,33.52,246.61,Jueves,9,130.98,254.76,190.92714285714285,33.46,62.6325,29.84857142857143,44.39,17.66,30.524285714285718
2016-09-23,4,0,101,52,22,27,101,189.14,36.42,11.73,237.29,Viernes,9,197.16,176.18,192.7785714285714,15.93,47.84,28.217142857142857,33.52,11.44,30.565714285714286
2016-09-24,5,1,102,52,23,27,76,314.05,20.64,10.03,344.72,Sabado,9,189.14,294.26,195.60571428571424,36.42,32.17,26.57,11.73,41.16,26.118571428571432
2016-09-25,6,1,99,48,24,27,66,270.6,8.84,31.88,311.32,Domingo,9,314.05,116.71,217.58999999999997,20.64,9.53,26.47142857142857,10.03,36.05,25.52285714285714
2016-09-26,0,0,98,47,24,27,98,374.73,11.79,31.83,418.35,Lunes,9,270.6,203.35,242.07285714285715,8.84,31.37,23.674285714285713,31.88,22.38,26.872857142857146
2016-09-27,1,0,99,49,23,27,99,341.07,48.32,37.86,427.25,Martes,9,374.73,217.85,259.67571428571426,11.79,38.64,25.057142857142853,31.83,24.73,28.74857142857143
2016-09-28,2,0,100,48,26,26,100,427.59875,9.21,57.64375,507.72,Miercoles,9,341.07,130.98,302.0498214285714,48.32,33.46,21.592857142857145,37.86,44.39,30.641964285714284
2016-09-29,3,0,101,48,30,23,101,342.34,12.89,34.05,389.28,Jueves,9,427.59875,197.16,322.78982142857143,9.21,15.93,21.15857142857143,57.64375,33.52,30.71767857142857
2016-09-30,4,0,102,50,29,23,102,159.9,14.29,31.02,205.21,Viernes,9,342.34,189.14,318.6126785714286,12.89,36.42,17.997142857142855,34.05,11.73,33.473392857142855
2016-10-01,5,1,101,48,30,23,75,272.67,13.31,33.99,319.97,Sabado,10,159.9,314.05,312.70125,14.29,20.64,16.95,31.02,10.03,36.89625
2016-10-02,6,1,100,48,29,23,75,403.6,15.15,57.64375,495.46,Domingo,10,272.67,270.6,331.70125,13.31,8.84,17.851428571428574,33.99,31.88,40.57678571428572
2016-10-03,0,0,102,49,31,22,102,406.27,5.58,14.43,426.28,Lunes,10,403.6,374.73,336.20696428571426,15.15,11.79,16.964285714285715,57.64375,31.83,38.091071428571425
2016-10-04,1,0,101,51,29,21,101,319.06,24.45,26.4,369.91,Martes,10,406.27,341.07,333.0626785714286,5.58,48.32,13.554285714285713,14.43,37.86,36.45392857142857
2016-10-05,2,0,102,49,32,21,102,427.59875,23.32,17.74,572.85,Miercoles,10,319.06,427.59875,333.06267857142853,24.45,9.21,15.569999999999999,26.4,57.64375,30.753392857142853
2016-10-06,3,0,101,49,31,21,101,296.14,11.09,19.02,326.24999999999994,Jueves,10,427.59875,342.34,326.46267857142857,23.32,12.89,15.312857142857142,17.74,34.05,28.60625
2016-10-07,4,0,101,47,33,21,101,321.35,11.25,18.43,351.03000000000003,Viernes,10,296.14,159.9,349.52696428571426,11.09,14.29,14.87857142857143,19.02,31.02,26.80767857142857
2016-10-08,5,1,104,50,33,21,71,250.01,6.7,30.83,287.54,Sabado,10,321.35,272.67,346.28982142857143,11.25,13.31,13.934285714285716,18.43,33.99,26.356249999999996
2016-10-09,6,1,104,49,32,23,70,414.55,5.54,29.55,449.64,Domingo,10,250.01,403.6,347.8541071428572,6.7,15.15,12.561428571428573,30.83,57.64375,22.342857142857145
2016-10-10,0,0,105,49,32,24,105,224.64,4.18,9.24,238.06,Lunes,10,414.55,406.27,321.9069642857143,5.54,5.58,12.361428571428572,29.55,14.43,21.601428571428567
2016-10-11,1,0,105,48,33,24,105,373.14,62.6325,35.34,585.7,Martes,10,224.64,319.06,329.6326785714286,4.18,24.45,17.81607142857143,9.24,26.4,22.87857142857143
2016-10-12,2,0,105,47,35,23,105,320.93,57.62,37.59,416.14,Miercoles,10,373.14,427.59875,314.3942857142857,62.6325,23.32,22.71607142857143,35.34,17.74,25.714285714285715
2016-10-13,3,0,105,47,35,23,105,297.03,62.6325,21.76,385.04,Jueves,10,320.93,296.14,314.5214285714286,57.62,11.09,30.079285714285714,37.59,19.02,26.10571428571429
2016-10-14,4,0,105,47,34,24,105,272.09,62.6325,33.27,377.4599999999999,Viernes,10,297.03,321.35,307.4842857142857,62.6325,11.25,37.419642857142854,21.76,18.43,28.225714285714286
2016-10-15,5,1,105,47,34,24,76,241.68,46.3,19.09,307.07,Sabado,10,272.09,250.01,306.2942857142857,62.6325,6.7,43.07678571428571,33.27,30.83,26.548571428571428
2016-10-16,6,1,103,47,33,23,78,427.59875,7.51,38.0,510.18,Domingo,10,241.68,414.55,308.1583928571428,46.3,5.54,43.35821428571428,19.09,29.55,27.755714285714287
2016-10-17,0,0,104,46,34,24,104,351.04,3.66,9.88,364.58,Lunes,10,427.59875,224.64,326.2155357142857,7.51,4.18,43.283928571428575,38.0,9.24,27.84714285714286
2016-10-18,1,0,103,45,34,24,103,290.15,30.16,13.91,334.22,Martes,10,351.04,373.14,314.3598214285715,3.66,62.6325,38.644999999999996,9.88,35.34,24.785714285714285
2016-10-19,2,0,104,45,35,24,104,184.72,40.03,20.9,245.65,Miercoles,10,290.15,320.93,294.90124999999995,30.16,57.62,36.13214285714285,13.91,37.59,22.40142857142857
2016-10-20,3,0,105,45,35,25,105,368.74,6.32,8.01,383.07,Jueves,10,184.72,297.03,305.14553571428576,40.03,62.6325,28.0875,20.9,21.76,20.437142857142856
2016-10-21,4,0,106,46,34,26,106,291.81,16.26,44.88,352.95,Viernes,10,368.74,272.09,307.96267857142857,6.32,62.6325,21.462857142857143,8.01,33.27,22.095714285714287
2016-10-22,5,1,105,46,32,27,74,146.02,11.04,36.9,193.96,Sabado,10,291.81,241.68,294.2969642857143,16.26,46.3,16.425714285714285,44.88,19.09,24.639999999999997
2016-10-23,6,1,105,46,33,26,77,266.15,30.39,57.64375,359.59,Domingo,10,146.02,427.59875,271.23285714285714,11.04,7.51,19.694285714285712,36.9,38.0,27.44625
2016-10-24,0,0,105,44,35,26,105,260.93,3.16,13.05,277.14000000000004,Lunes,10,266.15,351.04,258.36,30.39,3.66,19.622857142857146,57.64375,9.88,27.89910714285714
2016-10-25,1,0,105,46,34,25,105,427.59875,33.04,21.52,493.39,Martes,10,260.93,290.15,277.9955357142857,3.16,30.16,20.034285714285716,13.05,13.91,28.986250000000002
2016-10-26,2,0,106,46,35,25,106,204.0,33.32,10.58,247.9,Miercoles,10,427.59875,184.72,280.7498214285714,33.04,40.03,19.075714285714287,21.52,20.9,27.51196428571429
2016-10-27,3,0,105,46,33,26,105,224.61,33.02,33.99,291.62,Jueves,10,204.0,368.74,260.15982142857143,33.32,6.32,22.890000000000004,10.58,8.01,31.22339285714286
2016-10-28,4,0,105,46,33,26,105,241.43,28.7,36.46,306.59,Viernes,10,224.61,291.81,252.96267857142857,33.02,16.26,24.667142857142856,33.99,44.88,30.02053571428571
2016-10-29,5,1,105,47,32,26,78,409.26,62.6325,57.64375,559.03,Sabado,10,241.43,146.02,290.5683928571429,28.7,11.04,32.0375,36.46,36.9,32.98392857142857
2016-10-30,6,1,104,49,29,26,72,353.77,12.73,23.78,390.28,Domingo,10,409.26,266.15,303.08553571428575,62.6325,30.39,29.51464285714286,57.64375,57.64375,28.146250000000002
2016-10-31,0,0,103,48,30,25,103,299.88,19.22,13.43,332.53000000000003,Lunes,10,353.77,260.93,308.64982142857144,12.73,3.16,31.80892857142857,23.78,13.05,28.200535714285714
2016-11-01,1,0,102,47,30,25,102,179.18,55.78,10.99,245.95,Martes,11,299.88,427.59875,273.1614285714286,19.22,33.04,35.0575,13.43,21.52,26.69625
2016-11-02,2,0,102,48,28,26,102,287.43,3.06,20.83,311.32,Miercoles,11,179.18,204.0,285.08,55.78,33.32,30.73464285714286,10.99,10.58,28.16053571428571
2016-11-03,3,0,102,48,28,26,102,288.17,9.33,10.44,307.94,Jueves,11,287.43,224.61,294.15999999999997,3.06,33.02,27.350357142857142,20.83,33.99,24.796250000000004
2016-11-04,4,0,101,49,28,24,101,166.67,40.87,39.5,247.04,Viernes,11,288.17,241.43,283.48,9.33,28.7,29.08892857142857,10.44,36.46,25.23053571428571
2016-11-05,5,1,104,51,28,25,72,169.77,25.69,38.5,233.96,Sabado,11,166.67,409.26,249.26714285714283,40.87,62.6325,23.81142857142857,39.5,57.64375,22.495714285714286
2016-11-06,6,1,104,50,29,25,75,212.27,8.01,38.95,259.23,Domingo,11,169.77,353.77,229.05285714285714,25.69,12.73,23.13714285714286,38.5,23.78,24.662857142857142
2016-11-07,0,0,103,49,30,24,103,241.55,28.36,23.93,293.84000000000003,Lunes,11,212.27,299.88,220.72,8.01,19.22,24.442857142857143,38.95,13.43,26.162857142857142
2016-11-08,1,0,104,49,31,24,104,141.64,59.96,33.63,235.23,Martes,11,241.55,179.18,215.35714285714286,28.36,55.78,25.04,23.93,10.99,29.39714285714286
2016-11-09,2,0,104,50,30,24,104,175.95,54.89,11.25,242.09,Miercoles,11,141.64,287.43,199.4314285714286,59.96,3.06,32.44428571428572,33.63,20.83,28.02857142857143
2016-11-10,3,0,103,50,30,23,103,213.65,14.37,33.66,261.68,Jueves,11,175.95,288.17,188.78571428571428,54.89,9.33,33.16428571428572,11.25,10.44,31.345714285714287
2016-11-11,4,0,101,47,32,22,101,223.93,19.38,46.29,289.6,Viernes,11,213.65,166.67,196.96571428571428,14.37,40.87,30.094285714285718,33.66,39.5,32.315714285714286
2016-11-12,5,1,100,46,33,21,76,285.17,28.21,33.31,346.69,Sabado,11,223.93,169.77,213.45142857142858,19.38,25.69,30.454285714285714,46.29,38.5,31.574285714285715
2016-11-13,6,1,98,45,32,21,73,295.11,2.6,25.27,322.98,Domingo,11,285.17,212.27,225.28571428571428,28.21,8.01,29.68142857142857,33.31,38.95,29.619999999999997
2016-11-14,0,0,99,46,33,20,99,332.39,17.14,38.82,388.35,Lunes,11,295.11,241.55,238.26285714285717,2.6,28.36,28.07857142857143,25.27,23.93,31.747142857142858
2016-11-15,1,0,101,50,31,20,101,205.19,62.6325,21.15,304.28,Martes,11,332.39,141.64,247.34142857142857,17.14,59.96,28.46035714285714,38.82,33.63,29.964285714285715
2016-11-16,2,0,103,49,36,18,103,267.43,16.39,14.27,298.09,Miercoles,11,205.19,175.95,260.40999999999997,62.6325,54.89,22.96035714285714,21.15,11.25,30.395714285714288
2016-11-17,3,0,104,50,34,20,104,283.59,0.0,20.6,304.19,Jueves,11,267.43,213.65,270.40142857142854,16.39,14.37,20.907500000000002,14.27,33.66,28.53
2016-11-18,4,0,105,53,33,19,105,219.79,21.4,4.75,245.94,Viernes,11,283.59,223.93,269.81,0.0,19.38,21.19607142857143,20.6,46.29,22.595714285714283
2016-11-19,5,1,104,54,31,19,74,175.16,7.43,18.32,200.91,Sabado,11,219.79,285.17,254.0942857142857,21.4,28.21,18.2275,4.75,33.31,20.45428571428571
2016-11-20,6,1,104,54,32,18,70,117.41,9.11,24.8,151.32,Domingo,11,175.16,295.11,228.70857142857145,7.43,2.6,19.1575,18.32,25.27,20.387142857142855
2016-11-21,0,0,105,54,32,19,105,207.26,4.43,5.31,217.0,Lunes,11,117.41,332.39,210.83285714285714,9.11,17.14,17.341785714285713,24.8,38.82,15.6
2016-11-22,1,0,105,53,34,18,105,162.95,9.18,13.97,186.1,Martes,11,207.26,205.19,204.79857142857142,4.43,62.6325,9.705714285714285,5.31,21.15,14.574285714285717
2016-11-23,2,0,105,52,34,19,105,306.11,13.65,11.75,331.51,Miercoles,11,162.95,267.43,210.3242857142857,9.18,16.39,9.314285714285715,13.97,14.27,14.214285714285714
2016-11-24,3,0,105,52,34,19,105,198.03,4.96,33.95,236.94,Jueves,11,306.11,283.59,198.10142857142856,13.65,0.0,10.022857142857143,11.75,20.6,16.121428571428574
2016-11-25,4,0,103,52,32,19,103,142.15,57.74,27.7,227.59,Viernes,11,198.03,219.79,187.01,4.96,21.4,15.214285714285714,33.95,4.75,19.400000000000002
2016-11-26,5,1,103,52,32,19,75,180.26,24.03,13.31,217.6,Sabado,11,142.15,175.16,187.73857142857145,57.74,7.43,17.585714285714285,27.7,18.32,18.684285714285714
2016-11-27,6,1,105,53,31,21,78,318.09,12.47,37.96,368.52,Domingo,11,180.26,117.41,216.40714285714284,24.03,9.11,18.065714285714286,13.31,24.8,20.564285714285713
2016-11-28,0,0,105,55,29,21,105,162.9,13.8,18.65,195.35,Lunes,11,318.09,207.26,210.07,12.47,4.43,19.404285714285717,37.96,5.31,22.47
2016-11-29,1,0,105,54,27,24,105,321.96,15.56,27.38,364.9,Martes,11,162.9,162.95,232.78571428571428,13.8,9.18,20.315714285714286,18.65,13.97,24.385714285714283
2016-11-30,2,0,103,53,26,24,103,170.05,36.35,16.61,223.01,Miercoles,11,321.96,306.11,213.34857142857143,15.56,13.65,23.55857142857143,27.38,11.75,25.080000000000002
2016-12-01,3,0,102,52,30,20,102,382.89,24.79,18.2,425.88,Jueves,12,170.05,198.03,239.75714285714284,36.35,4.96,26.391428571428573,16.61,33.95,22.830000000000002
2016-12-02,4,0,104,51,33,20,104,297.0,40.42,24.07,361.49,Viernes,12,382.89,142.15,261.87857142857143,24.79,57.74,23.91714285714286,18.2,27.7,22.31142857142857
2016-12-03,5,1,105,53,32,20,79,227.25,4.59,12.68,244.52,Sabado,12,297.0,180.26,268.59142857142854,40.42,24.03,21.140000000000004,24.07,13.31,22.221428571428568
2016-12-04,6,1,104,53,33,18,72,328.18,10.32,25.13,363.63,Domingo,12,227.25,318.09,270.03285714285715,4.59,12.47,20.832857142857144,12.68,37.96,20.388571428571428
2016-12-05,0,0,104,52,34,18,104,160.29,18.36,33.74,212.39,Lunes,12,328.18,162.9,269.65999999999997,10.32,13.8,21.48428571428571,25.13,18.65,22.544285714285714
2016-12-06,1,0,105,55,32,18,105,193.35,9.27,21.07,223.69,Martes,12,160.29,321.96,251.2871428571428,18.36,15.56,20.585714285714285,33.74,27.38,21.642857142857142
2016-12-07,2,0,103,55,29,19,103,321.34,22.43,16.22,359.99,Miercoles,12,193.35,170.05,272.9,9.27,36.35,18.59714285714286,21.07,16.61,21.587142857142858
2016-12-08,3,0,102,54,29,19,102,243.35,24.95,20.74,289.04,Jueves,12,321.34,382.89,252.96571428571428,22.43,24.79,18.62,16.22,18.2,21.949999999999996
2016-12-09,4,0,103,57,27,19,103,240.77,4.71,21.5,266.98,Viernes,12,243.35,297.0,244.93285714285713,24.95,40.42,13.518571428571429,20.74,24.07,21.58285714285714
2016-12-10,5,1,103,57,27,19,69,207.36,2.28,27.48,237.12,Sabado,12,240.77,227.25,242.0914285714286,4.71,4.59,13.18857142857143,21.5,12.68,23.697142857142858
2016-12-11,6,1,102,55,29,18,66,274.85,17.19,12.64,304.68,Domingo,12,207.36,328.18,234.47285714285712,2.28,10.32,14.17,27.48,25.13,21.912857142857142
2016-12-12,0,0,103,56,29,18,103,310.32,62.6325,12.63,397.21,Lunes,12,274.85,160.29,255.9057142857143,17.19,18.36,20.494642857142853,12.64,33.74,18.897142857142857
2016-12-13,1,0,104,56,29,19,104,303.17,0.0,3.21,306.38,Martes,12,310.32,193.35,271.5942857142857,62.6325,9.27,19.170357142857142,12.63,21.07,16.345714285714287
2016-12-14,2,0,103,55,29,19,103,223.33,57.28,21.35,301.96000000000004,Miercoles,12,303.17,321.34,257.59285714285716,0.0,22.43,24.148928571428574,3.21,16.22,17.07857142857143
2016-12-15,3,0,102,54,30,18,102,155.88,19.84,34.8,210.52,Jueves,12,223.33,243.35,245.09714285714287,57.28,24.95,23.41892857142857,21.35,20.74,19.087142857142858
2016-12-16,4,0,102,54,30,18,102,269.99,20.88,25.8,316.67,Viernes,12,155.88,240.77,249.27142857142857,19.84,4.71,25.728928571428575,34.8,21.5,19.701428571428572
2016-12-17,5,1,102,55,28,19,71,283.51,24.09,23.18,330.78,Sabado,12,269.99,207.36,260.15,20.88,2.28,28.844642857142855,25.8,27.48,19.087142857142858
2016-12-18,6,1,106,58,30,18,68,276.16,33.03,6.08,315.27000000000004,Domingo,12,283.51,274.85,260.33714285714285,24.09,17.19,31.107499999999998,23.18,12.64,18.15
2016-12-19,0,0,105,57,30,18,105,0.03,0.18,0.31,0.52,Lunes,12,276.16,310.32,216.01,33.03,62.6325,22.185714285714287,6.08,12.63,16.39
2016-12-20,1,0,104,55,30,19,104,319.75,33.84,24.0,377.59,Martes,12,0.03,303.17,218.37857142857143,0.18,0.0,27.020000000000003,0.31,3.21,19.360000000000003
2016-12-21,2,0,104,54,30,20,104,258.11,12.94,5.26,276.31,Miercoles,12,319.75,223.33,223.34714285714284,33.84,57.28,20.685714285714287,24.0,21.35,17.06142857142857
2016-12-22,3,0,105,55,30,20,105,269.39,2.73,17.65,289.77,Jueves,12,258.11,155.88,239.56285714285715,12.94,19.84,18.24142857142857,5.26,34.8,14.611428571428572
2016-12-23,4,0,104,56,29,19,104,222.14,16.5,19.43,258.07,Viernes,12,269.39,269.99,232.72714285714284,2.73,20.88,17.615714285714287,17.65,25.8,13.70142857142857
2016-12-24,5,1,105,52,33,20,80,427.59875,11.64,24.98,478.36,Sabado,12,222.14,283.51,253.31125,16.5,24.09,15.837142857142856,19.43,23.18,13.958571428571428
2016-12-25,6,1,105,52,32,21,73,389.41,0.44,10.56,400.41,Domingo,12,427.59875,276.16,269.4898214285714,11.64,33.03,11.18142857142857,24.98,6.08,14.598571428571429
2016-12-26,0,0,104,52,31,21,104,411.12,18.41,43.36,472.89,Lunes,12,389.41,0.03,328.2169642857143,0.44,0.18,13.785714285714286,10.56,0.31,20.74857142857143
2016-12-27,1,0,105,53,31,21,105,381.87,23.66,24.21,429.74,Martes,12,411.12,319.75,337.09125,18.41,33.84,12.331428571428571,43.36,24.0,20.77857142857143
2016-12-28,2,0,104,51,32,21,104,395.85,21.42,17.52,434.79,Miercoles,12,381.87,258.11,356.7683928571428,23.66,12.94,13.542857142857144,24.21,5.26,22.53
2016-12-29,3,0,102,48,34,20,102,427.59875,12.92,43.79,609.7399999999999,Jueves,12,395.85,269.39,379.3696428571429,21.42,2.73,14.998571428571427,17.52,17.65,26.264285714285712
2016-12-30,4,0,104,49,36,19,104,427.59875,42.34,21.52,1184.1799999999998,Viernes,12,427.59875,222.14,408.7208928571429,12.92,16.5,18.69,43.79,19.43,26.562857142857144
2016-12-31,5,1,102,47,35,20,75,427.59875,21.37,32.92,600.03,Sabado,12,427.59875,427.59875,408.7208928571428,42.34,11.64,20.080000000000002,21.52,24.98,27.697142857142858
2017-01-01,6,1,103,47,36,20,69,119.83,24.05,14.17,158.04999999999998,Domingo,1,427.59875,389.41,370.20946428571426,21.37,0.44,23.452857142857145,32.92,10.56,28.21285714285714
2017-01-02,0,0,102,45,39,18,102,218.05,0.08,2.02,220.15000000000003,Lunes,1,119.83,411.12,342.62803571428566,24.05,18.41,20.834285714285716,14.17,43.36,22.307142857142857
2017-01-03,1,0,102,45,39,18,102,427.59875,28.17,22.5,507.0,Martes,1,218.05,381.87,349.1607142857143,0.08,23.66,21.47857142857143,2.02,24.21,22.062857142857144
2017-01-04,2,0,102,46,37,19,102,387.99,32.7,25.81,446.5,Miercoles,1,427.59875,395.85,348.03785714285715,28.17,21.42,23.09,22.5,17.52,23.247142857142855
2017-01-05,3,0,101,46,37,18,101,421.63,45.63,27.67,494.93,Jueves,1,387.99,427.59875,347.18517857142854,32.7,12.92,27.762857142857147,25.81,43.79,20.944285714285716
2017-01-06,4,0,102,44,40,18,102,427.59875,35.48,15.31,495.08,Viernes,1,421.63,427.59875,347.18517857142854,45.63,42.34,26.782857142857146,27.67,21.52,20.057142857142857
2017-01-07,5,1,102,46,37,19,71,166.81,23.61,11.68,202.1,Sabado,1,427.59875,427.59875,309.9296428571428,35.48,21.37,27.102857142857143,15.31,32.92,17.02285714285714
2017-01-08,6,1,100,44,38,18,77,135.22,28.04,19.87,183.13,Domingo,1,166.81,119.83,312.1282142857143,23.61,24.05,27.67285714285714,11.68,14.17,17.837142857142858
2017-01-09,0,0,102,45,38,19,102,381.92,30.43,14.03,426.38,Lunes,1,135.22,218.05,335.5382142857143,28.04,0.08,32.00857142857143,19.87,2.02,19.552857142857142
2017-01-10,1,0,104,47,38,19,104,373.28,62.6325,24.67,478.34,Martes,1,381.92,427.59875,327.7783928571429,30.43,28.17,36.93178571428571,14.03,22.5,19.862857142857145
2017-01-11,2,0,103,47,37,19,103,350.35,62.37,34.75,447.47,Miercoles,1,373.28,387.99,322.40125,62.6325,32.7,41.17035714285714,24.67,25.81,21.140000000000004
2017-01-12,3,0,101,45,37,19,101,427.59875,43.6,32.48,521.84,Jueves,1,350.35,421.63,323.2539285714286,62.37,45.63,40.88035714285714,34.75,27.67,21.827142857142857
2017-01-13,4,0,101,45,35,21,101,366.48,61.47,27.73,455.68000000000006,Viernes,1,427.59875,427.59875,314.52267857142857,43.6,35.48,44.59321428571428,32.48,15.31,23.601428571428574
2017-01-14,5,1,100,44,34,22,75,238.69,47.71,26.23,312.63,Sabado,1,366.48,166.81,324.79125000000005,61.47,23.61,48.036071428571425,27.73,11.68,25.68
2017-01-15,6,1,100,44,34,22,75,194.34,44.02,35.56,273.92,Domingo,1,238.69,135.22,333.2369642857143,47.71,28.04,50.31892857142857,26.23,19.87,27.92142857142857
2017-01-16,0,0,101,46,29,26,101,427.59875,39.1,33.86,504.03,Lunes,1,194.34,381.92,339.7625,44.02,30.43,51.557500000000005,35.56,14.03,30.754285714285718
2017-01-17,1,0,101,45,30,26,101,322.33,41.86,37.6,401.79,Martes,1,427.59875,373.28,332.4839285714285,39.1,62.6325,48.589999999999996,33.86,24.67,32.60142857142857
2017-01-18,2,0,101,47,28,26,101,308.85,51.59,34.36,394.80000000000007,Miercoles,1,322.33,350.35,326.55535714285713,41.86,62.37,47.050000000000004,37.6,34.75,32.54571428571428
2017-01-19,3,0,101,50,25,26,101,256.59,46.53,26.11,329.23,Jueves,1,308.85,427.59875,302.1255357142857,51.59,43.6,47.46857142857142,34.36,32.48,31.63571428571429
2017-01-20,4,0,103,51,25,27,103,260.56,62.6325,19.5,349.25,Viernes,1,256.59,366.48,286.9941071428571,46.53,61.47,47.63464285714286,26.11,27.73,30.46
2017-01-21,5,1,104,53,24,27,77,258.06,40.27,30.51,328.84,Sabado,1,260.56,238.69,289.76125,62.6325,47.71,46.57178571428572,19.5,26.23,31.071428571428573
2017-01-22,6,1,104,52,24,28,78,195.71,50.1,24.75,270.56,Domingo,1,258.06,194.34,289.95696428571426,40.27,44.02,47.44035714285714,30.51,35.56,29.527142857142856
2017-01-23,0,0,103,50,24,29,103,287.16,48.15,29.94,365.25,Lunes,1,195.71,427.59875,269.89428571428573,50.1,39.1,48.73321428571428,24.75,33.86,28.967142857142854
2017-01-24,1,0,103,49,25,29,103,279.18,33.59,35.34,348.11,Martes,1,287.16,322.33,263.73,48.15,41.86,47.551785714285714,29.94,37.6,28.64428571428571
2017-01-25,2,0,104,51,24,29,104,357.09,54.9,45.25,457.24,Miercoles,1,279.18,308.85,270.62142857142857,33.59,51.59,48.02464285714286,35.34,34.36,30.2
2017-01-26,3,0,103,50,24,29,103,254.89,42.69,33.64,331.22,Jueves,1,357.09,256.59,270.37857142857143,54.9,46.53,47.47607142857144,45.25,26.11,31.275714285714287
2017-01-27,4,0,101,47,26,28,101,288.35,62.6325,43.34,396.7900000000001,Viernes,1,254.89,260.56,274.34857142857146,42.69,62.6325,47.47607142857144,33.64,19.5,34.681428571428576
2017-01-28,5,1,103,48,27,28,79,171.19,26.61,32.32,230.12,Sabado,1,288.35,258.06,261.93857142857144,62.6325,40.27,45.52464285714286,43.34,30.51,34.940000000000005
2017-01-29,6,1,103,48,27,28,80,289.59,48.02,28.98,366.59,Domingo,1,171.19,195.71,275.35,26.61,50.1,45.2275,32.32,24.75,35.544285714285714
2017-01-30,0,0,105,51,28,26,105,250.38,50.32,41.5,342.2,Lunes,1,289.59,287.16,270.0957142857143,48.02,48.15,45.5375,28.98,29.94,37.19571428571429
2017-01-31,1,0,105,49,29,27,105,331.4,42.87,23.89,398.16,Martes,1,250.38,279.18,277.55571428571426,50.32,33.59,46.863214285714285,41.5,35.34,35.56
2017-02-01,2,0,104,48,30,26,104,220.9,33.24,37.71,291.85,Miercoles,2,331.4,357.09,258.1,42.87,54.9,43.76892857142857,23.89,45.25,34.48285714285715
2017-02-02,3,0,103,47,30,26,103,289.25,28.21,42.39,359.85,Jueves,2,220.9,254.89,263.00857142857143,33.24,42.69,41.700357142857136,37.71,33.64,35.73285714285714
2017-02-03,4,0,104,48,28,28,104,298.28,49.55,42.01,389.84,Viernes,2,289.25,288.35,264.4271428571428,28.21,62.6325,39.83142857142857,42.39,43.34,35.542857142857144
2017-02-04,5,1,104,48,28,28,73,134.12,33.68,42.91,210.71,Sabado,2,298.28,171.19,259.13142857142856,49.55,26.61,40.84142857142857,42.01,32.32,37.05571428571428
2017-02-05,6,1,102,46,28,28,70,180.17,3.05,57.64375,242.41,Domingo,2,134.12,289.59,243.5,33.68,48.02,34.417142857142856,42.91,28.98,41.150535714285716
2017-02-06,0,0,100,45,26,29,100,89.22,9.33,57.61,156.16,Lunes,2,180.17,250.38,220.4771428571428,3.05,50.32,28.56142857142857,57.64375,41.5,43.45196428571428
2017-02-07,1,0,99,44,26,29,99,89.13,8.88,17.55,115.56,Martes,2,89.22,331.4,185.86714285714285,9.33,42.87,23.705714285714286,57.61,23.89,42.54624999999999
2017-02-08,2,0,100,44,27,29,100,239.97,20.89,57.64375,323.66,Miercoles,2,89.13,220.9,188.59142857142857,8.88,33.24,21.941428571428567,17.55,37.71,45.39392857142857
2017-02-09,3,0,102,46,26,30,102,137.46,21.94,24.47,183.87,Jueves,2,239.97,289.25,166.90714285714284,20.89,28.21,21.045714285714286,57.64375,42.39,42.833928571428565
2017-02-10,4,0,102,45,26,31,102,156.6,16.95,24.88,198.43,Viernes,2,137.46,298.28,146.66714285714286,21.94,49.55,16.388571428571428,24.47,42.01,40.386785714285715
2017-02-11,5,1,100,43,26,31,71,62.21,33.49,33.03,128.73000000000002,Sabado,2,156.6,134.12,136.3942857142857,16.95,33.68,16.361428571428572,24.88,42.91,38.97535714285714
2017-02-12,6,1,98,41,26,31,73,134.2,11.85,57.64375,207.47,Domingo,2,62.21,180.17,129.82714285714286,33.49,3.05,17.61857142857143,33.03,57.64375,38.97535714285714
2017-02-13,0,0,98,44,25,29,98,2.07,0.85,0.27,3.19,Lunes,2,134.2,89.22,117.37714285714286,11.85,9.33,16.407142857142855,57.64375,57.61,30.783928571428568
2017-02-14,1,0,99,44,24,31,99,144.89,1.36,25.98,172.23,Martes,2,2.07,89.13,125.34285714285714,0.85,8.88,15.332857142857142,0.27,17.55,31.988214285714285
2017-02-15,2,0,101,44,26,31,101,127.83,2.89,36.77,167.49,Miercoles,2,144.89,239.97,109.32285714285715,1.36,20.89,12.76142857142857,25.98,57.64375,29.00625
2017-02-16,3,0,105,48,26,31,105,220.54,4.85,22.72,248.11,Jueves,2,127.83,137.46,121.19142857142856,2.89,21.94,10.320000000000002,36.77,24.47,28.75625
2017-02-17,4,0,105,51,24,30,105,84.2,13.79,16.65,114.64,Viernes,2,220.54,156.6,110.84857142857143,4.85,16.95,9.868571428571428,22.72,24.88,27.58053571428571
2017-02-18,5,1,104,51,23,30,75,150.14,26.29,41.46,217.89,Sabado,2,84.2,62.21,123.40999999999998,13.79,33.49,8.84,16.65,33.03,28.78482142857143
2017-02-19,6,1,102,52,21,29,69,58.72,1.26,20.88,80.86,Domingo,2,150.14,134.2,112.62714285714284,26.29,11.85,7.327142857142856,41.46,57.64375,23.532857142857143
2017-02-20,0,0,100,50,20,30,100,222.84,5.53,29.08,257.45,Lunes,2,58.72,2.07,144.16571428571427,1.26,0.85,7.995714285714285,20.88,0.27,27.648571428571426
2017-02-21,1,0,102,50,21,31,102,157.78,40.81,30.82,229.41,Martes,2,222.84,144.89,146.00714285714284,5.53,1.36,13.63142857142857,29.08,25.98,28.34
2017-02-22,2,0,102,50,21,31,102,144.69,28.7,23.07,196.46,Miercoles,2,157.78,127.83,148.41571428571427,40.81,2.89,17.318571428571428,30.82,36.77,26.38285714285714
2017-02-23,3,0,102,50,22,30,102,161.47,16.87,39.16,217.5,Jueves,2,144.69,220.54,139.97714285714284,28.7,4.85,19.035714285714285,23.07,22.72,28.731428571428573
2017-02-24,4,0,104,52,22,30,104,207.63,29.55,6.27,243.45,Viernes,2,161.47,84.2,157.60999999999999,16.87,13.79,21.287142857142857,39.16,16.65,27.24857142857143
2017-02-25,5,1,104,48,25,31,72,115.21,20.9,36.41,172.51999999999998,Sabado,2,207.63,150.14,152.62000000000003,29.55,26.29,20.517142857142858,6.27,41.46,26.527142857142856
2017-02-26,6,1,108,49,27,32,82,88.6,8.17,34.37,131.14,Domingo,2,115.21,58.72,156.88857142857142,20.9,1.26,21.504285714285714,36.41,20.88,28.454285714285714
2017-02-27,0,0,107,47,30,30,107,114.14,48.28,33.89,196.31,Lunes,2,88.6,222.84,141.35999999999999,8.17,5.53,27.611428571428572,34.37,29.08,29.14142857142857
2017-02-28,1,0,107,47,31,29,107,186.04,30.29,30.6,246.93,Martes,2,114.14,157.78,145.39714285714285,48.28,40.81,26.108571428571427,33.89,30.82,29.109999999999996
2017-03-01,2,0,107,50,27,30,107,105.54,55.12,24.72,185.38,Miercoles,3,186.04,144.69,139.80428571428573,30.29,28.7,29.88285714285714,30.6,23.07,29.345714285714287
2017-03-02,3,0,106,49,28,29,106,93.67,3.38,28.07,125.12,Jueves,3,105.54,161.47,130.11857142857144,55.12,16.87,27.955714285714286,24.72,39.16,27.76142857142857
2017-03-03,4,0,105,49,28,28,105,89.77,28.57,50.33,168.67000000000002,Viernes,3,93.67,207.63,113.28142857142858,3.38,29.55,27.815714285714286,28.07,6.27,34.05571428571428
2017-03-04,5,1,103,46,29,28,75,84.21,1.2,27.15,112.56,Sabado,3,89.77,115.21,108.85285714285715,28.57,20.9,25.00142857142857,50.33,36.41,32.73285714285714
2017-03-05,6,1,103,46,29,28,79,173.44,9.24,57.64375,250.81,Domingo,3,84.21,88.6,120.97285714285714,1.2,8.17,25.154285714285717,27.15,34.37,36.057678571428575
2017-03-06,0,0,101,46,28,27,101,133.96,4.43,37.0,175.39,Lunes,3,173.44,114.14,123.80428571428571,9.24,48.28,18.889999999999997,57.64375,33.89,36.50196428571429
2017-03-07,1,0,101,46,26,29,101,103.09,13.26,13.09,129.44,Martes,3,133.96,186.04,111.95428571428572,4.43,30.29,16.457142857142856,37.0,30.6,34.00053571428571
2017-03-08,2,0,101,46,27,28,101,105.12,12.44,5.85,123.41,Miercoles,3,103.09,105.54,111.89428571428572,13.26,55.12,10.36,13.09,24.72,31.304821428571433
2017-03-09,3,0,101,44,29,28,101,184.84,18.17,57.64375,265.81,Jueves,3,105.12,93.67,124.91857142857144,12.44,3.38,12.472857142857142,5.85,28.07,35.52964285714285
2017-03-10,4,0,101,45,27,29,101,174.41,28.07,10.65,213.13,Viernes,3,184.84,89.77,137.01000000000002,18.17,28.57,12.401428571428571,57.64375,50.33,29.861071428571428
2017-03-11,5,1,101,43,29,29,74,101.31,4.57,36.31,142.19,Sabado,3,174.41,84.21,139.45285714285714,28.07,1.2,12.882857142857143,10.65,27.15,31.169642857142858
2017-03-12,6,1,100,41,27,32,73,231.84,18.96,48.11,298.91,Domingo,3,101.31,173.44,147.7957142857143,4.57,9.24,14.271428571428572,36.31,57.64375,29.807678571428568
2017-03-13,0,0,102,41,30,31,102,121.74,8.71,13.78,144.23,Lunes,3,231.84,133.96,146.05,18.96,4.43,14.882857142857144,48.11,37.0,26.490535714285716
2017-03-14,1,0,101,40,30,31,101,103.09,18.5,16.97,138.56,Martes,3,121.74,103.09,146.05,8.71,13.26,15.631428571428572,13.78,13.09,27.044821428571428
2017-03-15,2,0,101,41,29,31,101,100.81,13.26,22.13,136.20000000000002,Miercoles,3,103.09,105.12,145.43428571428572,18.5,12.44,15.748571428571429,16.97,5.85,29.37053571428571
2017-03-16,3,0,101,40,29,32,101,192.03,13.06,37.54,242.63,Jueves,3,100.81,184.84,146.46142857142857,13.26,18.17,15.018571428571429,22.13,57.64375,26.49857142857143
2017-03-17,4,0,102,41,30,31,102,71.06,47.08,26.81,144.95,Viernes,3,192.03,174.41,131.69714285714286,13.06,28.07,17.734285714285715,37.54,10.65,28.807142857142853
2017-03-18,5,1,102,44,27,31,77,105.19,8.78,30.45,144.42,Sabado,3,71.06,101.31,132.25142857142856,47.08,4.57,18.335714285714285,26.81,36.31,27.97
2017-03-19,6,1,103,44,28,31,79,210.59,8.17,57.64375,280.89,Domingo,3,105.19,231.84,129.21571428571428,8.78,18.96,16.794285714285714,30.45,48.11,29.331964285714285
2017-03-20,0,0,105,45,29,31,105,112.96,9.47,10.38,132.81,Lunes,3,210.59,121.74,127.96142857142857,8.17,8.71,16.90285714285714,57.64375,13.78,28.846249999999998
2017-03-21,1,0,105,44,30,31,105,85.76,15.31,57.01,158.08,Martes,3,112.96,103.09,125.48571428571428,9.47,18.5,16.447142857142858,10.38,16.97,34.566250000000004
2017-03-22,2,0,103,43,30,30,103,113.79,22.82,9.88,146.49,Miercoles,3,85.76,100.81,127.34,15.31,13.26,17.812857142857144,57.01,22.13,32.816250000000004
2017-03-23,3,0,103,42,33,28,103,91.71,29.24,42.03,162.98,Jueves,3,113.79,192.03,113.00857142857141,22.82,13.06,20.124285714285715,9.88,37.54,33.457678571428566
2017-03-24,4,0,105,40,37,28,105,87.4,26.72,9.56,123.68,Viernes,3,91.71,71.06,115.34285714285714,29.24,47.08,17.215714285714288,42.03,26.81,30.993392857142858
2017-03-25,5,1,105,42,35,28,75,170.85,8.85,56.36,236.06,Sabado,3,87.4,105.19,124.72285714285715,26.72,8.78,17.225714285714286,9.56,30.45,34.69482142857142
2017-03-26,6,1,105,41,36,28,80,98.89,13.65,29.41,141.95000000000002,Domingo,3,170.85,210.59,108.76571428571428,8.85,8.17,18.00857142857143,56.36,57.64375,30.661428571428576
2017-03-27,0,0,103,39,36,28,103,101.83,19.0,26.77,147.6,Lunes,3,98.89,112.96,107.17571428571429,13.65,9.47,19.37,29.41,10.38,33.002857142857145
2017-03-28,1,0,102,38,36,28,102,155.5,51.9,14.88,222.28,Martes,3,101.83,85.76,117.13857142857144,19.0,15.31,24.59714285714286,26.77,57.01,26.98428571428571
2017-03-29,2,0,105,41,36,28,105,90.43,10.57,36.67,137.67000000000002,Miercoles,3,155.5,113.79,113.80142857142857,51.9,22.82,22.84714285714286,14.88,9.88,30.81142857142857
2017-03-30,3,0,104,41,36,27,104,67.03,32.41,6.61,106.05,Jueves,3,90.43,91.71,110.2757142857143,10.57,29.24,23.3,36.67,42.03,25.751428571428573
2017-03-31,4,0,103,41,36,26,103,152.57,6.95,21.0,180.52,Viernes,3,67.03,87.4,119.58571428571429,32.41,26.72,20.475714285714282,6.61,9.56,27.385714285714283
2017-04-01,5,1,104,41,36,27,79,179.23,6.95,12.21,198.39,Sabado,4,152.57,170.85,120.78285714285714,6.95,8.85,20.204285714285714,21.0,56.36,21.078571428571426
2017-04-02,6,1,103,42,35,26,75,115.47,12.76,35.3,163.52999999999997,Domingo,4,179.23,98.89,123.15142857142857,6.95,13.65,20.077142857142857,12.21,29.41,21.919999999999998
2017-04-03,0,0,101,41,35,25,101,172.59,25.26,31.15,229.0,Lunes,4,115.47,101.83,133.26,12.76,19.0,20.97142857142857,35.3,26.77,22.545714285714286
2017-04-04,1,0,102,43,34,25,102,56.46,7.03,1.64,65.13,Martes,4,172.59,155.5,119.11142857142856,25.26,51.9,14.56142857142857,31.15,14.88,20.654285714285713
2017-04-05,2,0,100,42,33,25,100,92.62,30.7,24.88,148.20000000000002,Miercoles,4,56.46,90.43,119.42428571428572,7.03,10.57,17.437142857142856,1.64,36.67,18.97
2017-04-06,3,0,101,43,33,25,101,72.14,13.11,25.53,110.78,Jueves,4,92.62,67.03,120.15428571428572,30.7,32.41,14.680000000000001,24.88,6.61,21.672857142857143
2017-04-07,4,0,103,45,34,24,103,110.43,16.21,17.11,143.75,Viernes,4,72.14,152.57,114.13428571428572,13.11,6.95,16.002857142857142,25.53,21.0,21.117142857142856
2017-04-08,5,1,103,45,34,24,73,112.44,9.35,35.31,157.1,Sabado,4,110.43,179.23,104.59285714285714,16.21,6.95,16.345714285714287,17.11,12.21,24.417142857142856
2017-04-09,6,1,105,44,36,25,74,111.34,10.36,23.88,145.58,Domingo,4,112.44,115.47,104.00285714285715,9.35,12.76,16.002857142857145,35.31,35.3,22.785714285714285
2017-04-10,0,0,104,43,36,25,104,191.26,2.39,43.09,236.74,Lunes,4,111.34,172.59,106.67,10.36,25.26,12.735714285714286,23.88,31.15,24.49142857142857
2017-04-11,1,0,105,44,36,25,105,117.81,17.01,19.91,154.73,Martes,4,191.26,56.46,115.4342857142857,2.39,7.03,14.161428571428571,43.09,1.64,27.101428571428574
2017-04-12,2,0,106,45,35,26,106,78.01,34.51,57.64375,174.23000000000002,Miercoles,4,117.81,92.62,113.34714285714287,17.01,30.7,14.705714285714285,19.91,24.88,31.781964285714285
2017-04-13,3,0,105,44,35,26,105,213.4,4.09,25.27,242.76,Jueves,4,78.01,72.14,133.52714285714288,34.51,13.11,13.417142857142858,57.64375,25.53,31.744821428571424
2017-04-14,4,0,104,45,34,25,104,88.89,9.17,37.14,135.2,Viernes,4,213.4,110.43,130.45,4.09,16.21,12.411428571428573,25.27,17.11,34.606249999999996
2017-04-15,5,1,102,43,34,25,75,136.66,4.05,57.64375,199.3,Sabado,4,88.89,112.44,133.91000000000003,9.17,9.35,11.654285714285715,37.14,35.31,37.79678571428571
2017-04-16,6,1,102,43,34,25,72,0.0,0.0,0.07,0.07,Domingo,4,136.66,111.34,118.00428571428571,4.05,10.36,10.174285714285714,57.64375,23.88,34.395357142857144
2017-04-17,0,0,103,42,37,24,103,127.42,4.2,19.0,150.62,Lunes,4,0.0,191.26,108.88428571428572,0.0,2.39,10.432857142857143,0.07,43.09,30.95392857142857
2017-04-18,1,0,102,41,38,23,102,104.66,26.31,33.08,164.05,Martes,4,127.42,117.81,107.00571428571429,4.2,17.01,11.761428571428572,19.0,19.91,32.83535714285714
2017-04-19,2,0,102,41,37,24,102,93.73,6.66,4.45,104.84,Miercoles,4,104.66,78.01,109.25142857142858,26.31,34.51,7.782857142857144,33.08,57.64375,25.236250000000002
2017-04-20,3,0,100,37,40,23,100,65.6,36.14,21.71,123.45,Jueves,4,93.73,213.4,88.13714285714286,6.66,4.09,12.361428571428572,4.45,25.27,24.727678571428573
2017-04-21,4,0,102,37,41,24,102,200.2,11.29,17.14,228.63,Viernes,4,65.6,88.89,104.03857142857143,36.14,9.17,12.664285714285715,21.71,37.14,21.870535714285715
2017-04-22,5,1,102,36,41,25,73,92.62,22.16,12.67,127.45,Sabado,4,200.2,136.66,97.74714285714285,11.29,4.05,15.251428571428573,17.14,57.64375,15.445714285714287
2017-04-23,6,1,103,35,42,26,80,136.59,24.67,46.65,207.91,Domingo,4,92.62,0.0,117.26,22.16,0.0,18.775714285714287,12.67,0.07,22.099999999999998
2017-04-24,0,0,102,36,40,26,102,91.72,34.45,47.69,173.86,Lunes,4,136.59,127.42,112.16,24.67,4.2,23.09714285714286,46.65,19.0,26.198571428571427
2017-04-25,1,0,101,35,39,27,101,159.93,12.09,43.33,215.35,Martes,4,91.72,104.66,120.05571428571429,34.45,26.31,21.065714285714286,47.69,33.08,27.662857142857142
2017-04-26,2,0,101,38,38,25,101,70.27,9.76,14.97,95.0,Miercoles,4,159.93,93.73,116.7042857142857,12.09,6.66,21.50857142857143,43.33,4.45,29.165714285714284
2017-04-27,3,0,101,40,36,25,101,72.65,33.59,16.55,122.79,Jueves,4,70.27,65.6,117.71142857142857,9.76,36.14,21.14428571428572,14.97,21.71,28.428571428571427
2017-04-28,4,0,101,42,33,26,101,104.5,7.98,17.49,129.97,Viernes,4,72.65,200.2,104.04,33.59,11.29,20.671428571428574,16.55,17.14,28.478571428571428
2017-04-29,5,1,100,41,33,26,77,77.33,9.5,25.93,112.76,Sabado,4,104.5,92.62,101.85571428571428,7.98,22.16,18.862857142857145,17.49,12.67,30.37285714285714
2017-04-30,6,1,100,42,33,25,73,88.38,5.28,4.55,98.21,Domingo,4,77.33,136.59,94.96857142857142,9.5,24.67,16.092857142857145,25.93,46.65,24.358571428571427
2017-05-01,0,0,103,42,35,26,103,9.78,0.0,2.59,12.37,Lunes,5,88.38,91.72,83.26285714285713,5.28,34.45,11.171428571428573,4.55,47.69,17.915714285714284
2017-05-02,1,0,104,43,35,26,104,159.04,16.35,10.97,186.36,Martes,5,9.78,159.93,83.13571428571429,0.0,12.09,11.780000000000001,2.59,43.33,13.292857142857143
2017-05-03,2,0,103,40,36,27,103,124.57,21.79,7.59,153.95,Miercoles,5,159.04,70.27,90.89285714285714,16.35,9.76,13.498571428571429,10.97,14.97,12.23857142857143
2017-05-04,3,0,104,39,39,26,104,78.48,15.72,30.34,124.54,Jueves,5,124.57,72.65,91.72571428571429,21.79,33.59,10.945714285714287,7.59,16.55,14.20857142857143
2017-05-05,4,0,102,40,37,25,102,46.53,26.51,11.41,84.45,Viernes,5,78.48,104.5,83.44428571428571,15.72,7.98,13.592857142857143,30.34,17.49,13.34
2017-05-06,5,1,105,43,38,24,76,72.33,11.34,34.65,118.32,Sabado,5,46.53,77.33,82.72999999999999,26.51,9.5,13.855714285714285,11.41,25.93,14.585714285714285
2017-05-07,6,1,105,43,38,24,77,89.77,8.85,30.06,128.67999999999998,Domingo,5,72.33,88.38,82.92857142857143,11.34,5.28,14.365714285714287,34.65,4.55,18.23
2017-05-08,0,0,105,43,39,23,105,54.22,27.7,10.8,92.72,Lunes,5,89.77,9.78,89.27714285714285,8.85,0.0,18.322857142857142,30.06,2.59,19.40285714285714
2017-05-09,1,0,105,44,39,22,105,79.22,15.26,32.4,126.88,Martes,5,54.22,159.04,77.87428571428572,27.7,16.35,18.167142857142856,10.8,10.97,22.464285714285715
2017-05-10,2,0,105,44,38,23,105,105.43,12.96,39.04,157.43,Miercoles,5,79.22,124.57,75.14,15.26,21.79,16.905714285714286,32.4,7.59,26.957142857142856
2017-05-11,3,0,104,45,37,22,104,109.8,21.43,26.39,157.62,Jueves,5,105.43,78.48,79.61428571428571,12.96,15.72,17.72142857142857,39.04,30.34,26.392857142857142
2017-05-12,4,0,103,47,34,22,103,113.81,10.86,21.44,146.11,Viernes,5,109.8,46.53,89.22571428571428,21.43,26.51,15.485714285714284,26.39,11.41,27.825714285714287
2017-05-13,5,1,104,50,32,22,76,57.4,12.58,21.62,91.6,Sabado,5,113.81,72.33,87.09285714285716,10.86,11.34,15.662857142857144,21.44,34.65,25.964285714285715
2017-05-14,6,1,104,49,32,23,74,156.17,17.14,22.06,195.37,Domingo,5,57.4,89.77,96.57857142857142,12.58,8.85,16.847142857142856,21.62,30.06,24.821428571428573
2017-05-15,0,0,104,50,31,23,104,119.35,1.76,25.17,146.28,Lunes,5,156.17,54.22,105.88285714285715,17.14,27.7,13.141428571428571,22.06,10.8,26.874285714285715
2017-05-16,1,0,103,48,33,22,103,110.84,6.3,10.89,128.03,Martes,5,119.35,79.22,110.39999999999999,1.76,15.26,11.861428571428572,25.17,32.4,23.801428571428573
2017-05-17,2,0,103,47,32,24,103,62.01,16.72,30.77,109.5,Miercoles,5,110.84,105.43,104.19714285714285,6.3,12.96,12.398571428571428,10.89,39.04,22.62
2017-05-18,3,0,103,46,34,23,103,195.61,13.79,14.73,224.13,Jueves,5,62.01,109.8,116.4557142857143,16.72,21.43,11.307142857142855,30.77,26.39,20.954285714285714
2017-05-19,4,0,102,45,34,23,102,216.34,34.23,20.14,270.71,Viernes,5,195.61,113.81,131.10285714285715,13.79,10.86,14.645714285714286,14.73,21.44,20.768571428571427
2017-05-20,5,1,104,45,37,22,78,87.94,14.3,17.21,119.45,Sabado,5,216.34,57.4,135.46571428571428,34.23,12.58,14.891428571428571,20.14,21.62,20.138571428571428
2017-05-21,6,1,103,42,39,22,77,170.38,15.99,26.63,213.0,Domingo,5,87.94,156.17,137.49571428571429,14.3,17.14,14.727142857142857,17.21,22.06,20.791428571428575
2017-05-22,0,0,104,44,38,22,104,154.78,16.35,22.11,193.24,Lunes,5,170.38,119.35,142.55714285714285,15.99,1.76,16.81142857142857,26.63,25.17,20.354285714285716
2017-05-23,1,0,103,45,35,23,103,77.14,29.06,13.75,119.95,Martes,5,154.78,110.84,137.74285714285713,16.35,6.3,20.062857142857144,22.11,10.89,20.76285714285714
2017-05-24,2,0,104,47,34,23,104,98.81,27.83,30.14,156.78,Miercoles,5,77.14,62.01,143.0,29.06,16.72,21.65,13.75,30.77,20.672857142857143
2017-05-25,3,0,104,45,36,23,104,122.97,9.83,25.54,158.34,Jueves,5,98.81,195.61,132.62285714285716,27.83,13.79,21.084285714285716,30.14,14.73,22.217142857142854
2017-05-26,4,0,104,45,36,23,104,200.25,14.43,9.51,224.19,Viernes,5,122.97,216.34,130.3242857142857,9.83,34.23,18.255714285714284,25.54,20.14,20.69857142857143
2017-05-27,5,1,105,45,37,23,77,119.39,15.36,32.62,167.37,Sabado,5,200.25,87.94,134.81714285714287,14.43,14.3,18.407142857142855,9.51,17.21,22.9
2017-05-28,6,1,105,46,38,21,80,59.97,8.0,7.85,75.82,Domingo,5,119.39,170.38,119.0442857142857,15.36,15.99,17.265714285714285,32.62,26.63,20.217142857142854
2017-05-29,0,0,105,44,39,22,105,197.61,16.48,14.12,228.21,Lunes,5,59.97,154.78,125.16285714285716,8.0,16.35,17.284285714285712,7.85,22.11,19.075714285714287
2017-05-30,1,0,105,43,39,23,105,174.07,8.15,36.7,218.92,Martes,5,197.61,77.14,139.01000000000002,16.48,29.06,14.297142857142857,14.12,13.75,22.354285714285712
2017-05-31,2,0,105,43,36,26,105,81.16,20.77,20.22,122.15,Miercoles,5,174.07,98.81,136.48857142857142,8.15,27.83,13.288571428571428,36.7,30.14,20.937142857142856
2017-06-01,3,0,105,45,35,25,105,150.69,33.46,7.48,191.63,Jueves,6,81.16,122.97,140.44857142857146,20.77,9.83,16.664285714285715,20.22,25.54,18.357142857142858
2017-06-02,4,0,103,43,36,24,103,121.91,30.5,11.99,164.4,Viernes,6,150.69,200.25,129.25714285714287,33.46,14.43,18.96,7.48,9.51,18.71142857142857
2017-06-03,5,1,103,43,35,25,76,49.53,10.18,25.05,84.76,Sabado,6,121.91,119.39,119.27714285714285,30.5,15.36,18.220000000000002,11.99,32.62,17.63
2017-06-04,6,1,102,41,37,24,77,119.38,8.96,33.29,161.63,Domingo,6,49.53,59.97,127.76428571428572,10.18,8.0,18.357142857142858,25.05,7.85,21.264285714285712
2017-06-05,0,0,103,42,37,24,103,68.0,17.31,16.15,101.46,Lunes,6,119.38,197.61,109.24857142857142,8.96,16.48,18.475714285714286,33.29,14.12,21.554285714285715
2017-06-06,1,0,104,42,39,23,104,125.41,9.83,5.63,140.87,Martes,6,68.0,174.07,102.29714285714284,17.31,8.15,18.715714285714284,16.15,36.7,17.115714285714287
2017-06-07,2,0,103,41,39,23,103,142.8,46.82,24.55,214.17,Miercoles,6,125.41,81.16,111.10285714285715,9.83,20.77,22.437142857142856,5.63,20.22,17.734285714285715
2017-06-08,3,0,102,38,39,25,102,140.16,14.48,24.29,178.92999999999998,Jueves,6,142.8,150.69,109.59857142857142,46.82,33.46,19.725714285714282,24.55,7.48,20.135714285714283
2017-06-09,4,0,102,38,39,25,102,68.63,6.51,6.63,81.77,Viernes,6,140.16,121.91,101.98714285714286,14.48,30.5,16.298571428571428,24.29,11.99,19.37
2017-06-10,5,1,102,37,39,26,81,77.6,5.92,46.62,130.14,Sabado,6,68.63,49.53,105.99714285714286,6.51,10.18,15.69,6.63,25.05,22.451428571428572
2017-06-11,6,1,102,37,39,26,73,139.13,26.61,27.5,193.24,Domingo,6,77.6,119.38,108.81857142857143,5.92,8.96,18.211428571428574,46.62,33.29,21.624285714285715
2017-06-12,0,0,101,37,38,26,101,92.45,11.34,22.77,126.56,Lunes,6,139.13,68.0,112.31142857142858,26.61,17.31,17.35857142857143,27.5,16.15,22.57
2017-06-13,1,0,101,36,39,26,101,58.26,32.76,16.36,107.38,Martes,6,92.45,125.41,102.71857142857142,11.34,9.83,20.634285714285713,22.77,5.63,24.102857142857143
2017-06-14,2,0,101,36,39,26,101,59.39,21.43,6.68,87.5,Miercoles,6,58.26,142.8,90.80285714285715,32.76,46.82,17.007142857142856,16.36,24.55,21.55
2017-06-15,3,0,103,38,39,26,103,102.24,37.79,14.91,154.94,Jueves,6,59.39,140.16,85.38571428571429,21.43,14.48,20.337142857142855,6.68,24.29,20.21
2017-06-16,4,0,102,37,38,27,102,84.21,22.82,21.72,128.75,Viernes,6,102.24,68.63,87.61142857142856,37.79,6.51,22.66714285714286,14.91,6.63,22.365714285714287
2017-06-17,5,1,102,37,37,28,81,62.34,14.45,11.39,88.18,Sabado,6,84.21,77.6,85.43142857142857,22.82,5.92,23.885714285714283,21.72,46.62,17.332857142857144
2017-06-18,6,1,102,37,38,27,74,131.0,5.11,21.35,157.46,Domingo,6,62.34,139.13,84.27,14.45,26.61,20.814285714285713,11.39,27.5,16.454285714285714
2017-06-19,0,0,103,38,39,26,103,125.99,4.05,7.19,137.23,Lunes,6,131.0,92.45,89.06142857142856,5.11,11.34,19.77285714285714,21.35,22.77,14.22857142857143
2017-06-20,1,0,102,38,38,26,102,80.72,16.86,48.54,146.12,Martes,6,125.99,58.26,92.27,4.05,32.76,17.501428571428573,7.19,16.36,18.825714285714287
2017-06-21,2,0,105,39,38,28,105,147.03,13.25,21.59,181.87,Miercoles,6,80.72,59.39,104.78999999999999,16.86,21.43,16.332857142857144,48.54,6.68,20.955714285714286
2017-06-22,3,0,105,40,36,29,105,46.45,15.36,5.8,67.61,Jueves,6,147.03,102.24,96.82000000000001,13.25,37.79,13.128571428571428,21.59,14.91,19.654285714285713
2017-06-23,4,0,105,40,37,28,105,107.21,18.74,5.83,131.78,Viernes,6,46.45,84.21,100.10571428571428,15.36,22.82,12.545714285714284,5.8,21.72,17.384285714285713
2017-06-24,5,1,105,40,37,28,80,174.34,25.6,27.99,227.93,Sabado,6,107.21,62.34,116.10571428571428,18.74,14.45,14.138571428571428,5.83,11.39,19.755714285714284
2017-06-25,6,1,103,40,34,29,78,114.81,14.41,37.16,166.38,Domingo,6,174.34,131.0,113.79285714285713,25.6,5.11,15.467142857142857,27.99,21.35,22.014285714285712
2017-06-26,0,0,102,41,32,29,102,67.89,37.94,44.14,149.97,Lunes,6,114.81,125.99,105.49285714285715,14.41,4.05,20.30857142857143,37.16,7.19,27.292857142857144
2017-06-27,1,0,101,39,33,29,101,91.34,32.19,22.44,145.97,Martes,6,67.89,80.72,107.01,37.94,16.86,22.49857142857143,44.14,48.54,23.564285714285713
2017-06-28,2,0,101,37,35,29,101,124.42,25.92,23.62,173.96,Miercoles,6,91.34,147.03,103.77999999999999,32.19,13.25,24.30857142857143,22.44,21.59,23.854285714285716
2017-06-29,3,0,102,40,33,29,102,112.42,5.3,23.48,141.2,Jueves,6,124.42,46.45,113.20428571428572,25.92,15.36,22.871428571428574,23.62,5.8,26.38
2017-06-30,4,0,101,39,34,28,101,119.95,6.98,37.01,163.94,Viernes,6,112.42,107.21,115.02428571428571,5.3,18.74,21.19142857142857,23.48,5.83,30.83428571428571
2017-07-01,5,1,101,40,33,28,76,51.38,17.8,18.61,87.79,Sabado,7,119.95,174.34,97.45857142857142,6.98,25.6,20.077142857142857,37.01,27.99,29.494285714285713
2017-07-02,6,1,102,41,32,29,74,41.73,20.69,28.98,91.4,Domingo,7,51.38,114.81,87.01857142857143,17.8,14.41,20.974285714285713,18.61,37.16,28.325714285714287
2017-07-03,0,0,102,41,31,30,102,52.8,36.63,21.94,111.37,Lunes,7,41.73,67.89,84.86285714285714,20.69,37.94,20.787142857142857,28.98,44.14,25.154285714285713
2017-07-04,1,0,103,43,29,31,103,125.38,24.65,57.64375,215.25,Martes,7,52.8,91.34,89.72571428571428,36.63,32.19,19.71,21.94,22.44,30.183392857142856
2017-07-05,2,0,103,41,30,32,103,111.68,62.6325,28.58,209.69,Miercoles,7,125.38,124.42,87.9057142857143,24.65,25.92,24.954642857142858,57.64375,23.62,30.891964285714284
2017-07-06,3,0,105,43,30,32,105,145.87,10.98,27.76,184.61,Jueves,7,111.68,112.42,92.6842857142857,62.6325,5.3,25.766071428571426,28.58,23.48,31.503392857142853
2017-07-07,4,0,105,42,33,30,105,122.35,21.86,30.1,174.30999999999997,Viernes,7,145.87,119.95,93.02714285714285,10.98,6.98,27.891785714285714,27.76,37.01,30.516250000000003
2017-07-08,5,1,104,43,32,29,79,82.35,38.54,28.88,149.76999999999998,Sabado,7,122.35,51.38,97.45142857142856,21.86,17.8,30.854642857142856,30.1,18.61,31.98339285714286
2017-07-09,6,1,104,43,33,28,77,77.5,11.89,13.7,103.09,Domingo,7,82.35,41.73,102.56142857142856,38.54,20.69,29.5975,28.88,28.98,29.80053571428571
2017-07-10,0,0,105,44,33,28,105,81.34,18.03,11.05,110.42,Lunes,7,77.5,52.8,106.63857142857144,11.89,36.63,26.940357142857142,13.7,21.94,28.24482142857143
2017-07-11,1,0,104,43,34,27,104,128.67,6.63,16.51,151.80999999999997,Martes,7,81.34,125.38,107.10857142857142,18.03,24.65,24.366071428571427,11.05,57.64375,22.368571428571425
2017-07-12,2,0,102,43,33,26,102,104.6,39.05,10.87,154.51999999999998,Miercoles,7,128.67,111.68,106.09714285714286,6.63,62.6325,20.997142857142855,16.51,28.58,19.83857142857143
2017-07-13,3,0,102,43,32,27,102,64.09,14.83,18.39,97.31,Jueves,7,104.6,145.87,94.4142857142857,39.05,10.98,21.54714285714286,10.87,27.76,18.5
2017-07-14,4,0,101,44,31,26,101,106.64,26.23,12.14,145.01,Viernes,7,64.09,122.35,92.17,14.83,21.86,22.17142857142857,18.39,30.1,15.934285714285716
2017-07-15,5,1,101,44,32,25,72,99.85,8.64,17.26,125.75,Sabado,7,106.64,82.35,94.66999999999999,26.23,38.54,17.900000000000002,12.14,28.88,14.274285714285714
2017-07-16,6,1,102,43,33,26,80,99.37,20.3,57.64375,178.51,Domingo,7,99.85,77.5,97.7942857142857,8.64,11.89,19.101428571428574,17.26,13.7,20.551964285714288
2017-07-17,0,0,102,44,32,26,102,110.74,19.79,46.63,177.16,Lunes,7,99.37,81.34,101.99428571428571,20.3,18.03,19.352857142857143,57.64375,11.05,25.634821428571428
2017-07-18,1,0,104,47,31,26,104,96.16,24.9,50.52,171.58,Martes,7,110.74,128.67,97.35000000000001,19.79,6.63,21.962857142857143,46.63,16.51,30.493392857142858
2017-07-19,2,0,104,48,30,26,104,145.16,17.7,32.76,195.62,Miercoles,7,96.16,104.6,103.14428571428572,24.9,39.05,18.912857142857142,50.52,10.87,33.620535714285715
2017-07-20,3,0,103,47,30,26,103,122.14,34.35,25.42,181.91000000000005,Jueves,7,145.16,64.09,111.43714285714286,17.7,14.83,21.701428571428572,32.76,18.39,34.62482142857143
2017-07-21,4,0,104,47,31,26,104,96.77,14.96,12.66,124.39,Viernes,7,122.14,106.64,110.02714285714285,34.35,26.23,20.091428571428573,25.42,12.14,34.699107142857144
2017-07-22,5,1,103,47,31,25,78,115.87,8.81,15.47,140.15,Sabado,7,96.77,99.85,112.3157142857143,14.96,8.64,20.115714285714287,12.66,17.26,34.44339285714286
2017-07-23,6,1,102,47,29,26,77,62.66,10.43,33.01,106.1,Domingo,7,115.87,99.37,107.07142857142857,8.81,20.3,18.705714285714286,15.47,57.64375,30.924285714285713
2017-07-24,0,0,102,48,29,25,102,103.27,19.26,18.89,141.42000000000002,Lunes,7,62.66,110.74,106.00428571428571,10.43,19.79,18.63,33.01,46.63,26.961428571428574
2017-07-25,1,0,100,48,27,25,100,95.14,13.63,31.13,139.9,Martes,7,103.27,96.16,105.85857142857142,19.26,24.9,17.02,18.89,50.52,24.19142857142857
2017-07-26,2,0,101,49,27,25,101,102.79,32.76,16.48,152.03,Miercoles,7,95.14,145.16,99.80571428571429,13.63,17.7,19.17142857142857,31.13,32.76,21.865714285714287
2017-07-27,3,0,102,47,30,25,102,85.63,24.53,24.92,135.07999999999998,Jueves,7,102.79,122.14,94.59,32.76,34.35,17.768571428571427,16.48,25.42,21.794285714285714
2017-07-28,4,0,102,47,30,25,102,116.11,30.12,19.61,165.83999999999995,Viernes,7,85.63,96.77,97.35285714285715,24.53,14.96,19.934285714285714,24.92,12.66,22.787142857142857
2017-07-29,5,1,102,45,32,25,72,70.56,4.27,14.92,89.75,Sabado,7,116.11,115.87,90.88,30.12,8.81,19.285714285714285,19.61,15.47,22.708571428571428
2017-07-30,6,1,102,46,31,25,78,68.9,30.19,19.86,118.95,Domingo,7,70.56,62.66,91.77142857142859,4.27,10.43,22.108571428571427,14.92,33.01,20.830000000000002
2017-07-31,0,0,99,42,31,26,99,141.35,27.43,38.17,206.95,Lunes,7,68.9,103.27,97.21142857142857,30.19,19.26,23.275714285714287,19.86,18.89,23.584285714285716
2017-08-01,1,0,101,45,31,25,101,105.31,8.98,35.73,150.02,Martes,8,141.35,95.14,98.66428571428571,27.43,13.63,22.611428571428576,38.17,31.13,24.24142857142857
2017-08-02,2,0,101,44,32,25,101,171.78,6.18,29.22,207.18,Miercoles,8,105.31,102.79,108.52,8.98,32.76,18.814285714285713,35.73,16.48,26.06142857142857
2017-08-03,3,0,102,43,33,26,102,67.69,26.17,32.79,126.65,Jueves,8,171.78,85.63,105.95714285714287,6.18,24.53,19.048571428571428,29.22,24.92,27.185714285714283
2017-08-04,4,0,104,43,36,25,104,102.4,38.06,39.06,179.52,Viernes,8,67.69,116.11,103.99857142857142,26.17,30.12,20.18285714285714,32.79,19.61,29.964285714285715
2017-08-05,5,1,102,43,34,25,75,65.42,6.43,23.4,95.25,Sabado,8,102.4,70.56,103.26428571428572,38.06,4.27,20.49142857142857,39.06,14.92,31.175714285714285
2017-08-06,6,1,101,42,34,25,74,66.31,18.0,9.41,93.72,Domingo,8,65.42,68.9,102.89428571428573,6.43,30.19,18.75,23.4,19.86,29.68285714285714
2017-08-07,0,0,102,42,36,24,102,112.05,30.06,5.34,147.45,Lunes,8,66.31,141.35,98.70857142857143,18.0,27.43,19.125714285714285,9.41,38.17,24.99285714285714
2017-08-08,1,0,103,41,37,25,103,75.71,27.43,30.82,133.95999999999998,Martes,8,112.05,105.31,94.48,30.06,8.98,21.761428571428574,5.34,35.73,24.291428571428572
2017-08-09,2,0,103,40,38,25,103,89.96,55.79,11.56,157.31,Miercoles,8,75.71,171.78,82.79142857142857,27.43,6.18,28.84857142857143,30.82,29.22,21.768571428571427
2017-08-10,3,0,104,41,37,26,104,63.0,62.6325,0.23,129.9,Jueves,8,89.96,67.69,82.12142857142858,55.79,26.17,34.0575,11.56,32.79,17.11714285714286
2017-08-11,4,0,105,43,36,26,105,56.53,21.43,22.03,99.99,Viernes,8,63.0,102.4,75.56857142857143,62.6325,38.06,31.681785714285716,0.23,39.06,14.684285714285712
2017-08-12,5,1,105,44,34,27,77,117.37,13.53,14.72,145.62,Sabado,8,56.53,65.42,82.99000000000001,21.43,6.43,32.69607142857143,22.03,23.4,13.444285714285714
2017-08-13,6,1,105,45,33,27,74,117.03,14.18,20.11,151.32,Domingo,8,117.37,66.31,90.23571428571428,13.53,18.0,32.150357142857146,14.72,9.41,14.972857142857142
2017-08-14,0,0,105,46,33,26,105,92.87,13.39,57.64375,165.07,Lunes,8,117.03,112.05,87.49571428571429,14.18,30.06,29.76892857142857,20.11,5.34,22.444821428571426
2017-08-15,1,0,104,46,32,26,104,240.74,36.61,12.03,289.38,Martes,8,92.87,75.71,111.07142857142857,13.39,27.43,31.080357142857142,57.64375,30.82,19.760535714285712
2017-08-16,2,0,104,45,35,24,104,75.25,43.24,25.55,144.04000000000002,Miercoles,8,240.74,89.96,108.97000000000001,36.61,55.79,29.287499999999998,12.03,11.56,21.759107142857143
2017-08-17,3,0,104,45,36,23,104,83.94,25.58,24.21,133.73,Jueves,8,75.25,63.0,111.96142857142857,43.24,62.6325,23.994285714285716,25.55,0.23,25.18482142857143
2017-08-18,4,0,105,47,34,24,105,103.18,13.18,12.24,128.60000000000002,Viernes,8,83.94,56.53,118.6257142857143,25.58,21.43,22.815714285714286,24.21,22.03,23.78625
2017-08-19,5,1,102,44,32,26,74,80.78,29.51,26.0,136.29000000000002,Sabado,8,103.18,117.37,113.39857142857143,13.18,13.53,25.09857142857143,12.24,14.72,25.39767857142857
2017-08-20,6,1,103,44,33,26,77,76.17,19.44,20.9,116.51,Domingo,8,80.78,117.03,107.56142857142856,29.51,14.18,25.849999999999998,26.0,20.11,25.510535714285712
2017-08-21,0,0,102,45,31,26,102,132.11,12.75,48.22,193.08,Lunes,8,76.17,92.87,113.16714285714286,19.44,13.39,25.75857142857143,20.9,57.64375,24.164285714285715
2017-08-22,1,0,104,46,33,25,104,154.09,9.64,30.4,194.13,Martes,8,132.11,240.74,100.78857142857143,12.75,36.61,21.905714285714286,48.22,12.03,26.788571428571426
2017-08-23,2,0,103,45,32,26,103,289.22,27.4,16.57,333.19,Miercoles,8,154.09,75.25,131.3557142857143,9.64,43.24,19.642857142857142,30.4,25.55,25.505714285714284
2017-08-24,3,0,103,42,34,27,103,182.33,45.25,43.09,270.67,Jueves,8,289.22,83.94,145.4114285714286,27.4,25.58,22.452857142857145,16.57,24.21,28.202857142857145
2017-08-25,4,0,103,41,35,27,103,138.46,60.07,32.81,231.34,Viernes,8,182.33,103.18,150.45142857142858,45.25,13.18,29.15142857142857,43.09,12.24,31.141428571428573
2017-08-26,5,1,102,41,34,27,75,96.55,32.78,26.71,156.04,Sabado,8,138.46,80.78,152.70428571428573,60.07,29.51,29.618571428571432,32.81,26.0,31.24285714285714
2017-08-27,6,1,103,40,36,27,75,109.43,18.39,16.45,144.27,Domingo,8,96.55,76.17,157.4557142857143,32.78,19.44,29.46857142857143,26.71,20.9,30.607142857142858
2017-08-28,0,0,102,40,33,29,102,109.99,43.19,46.08,199.26,Lunes,8,109.43,132.11,154.29571428571427,18.39,12.75,33.817142857142855,16.45,48.22,30.301428571428573
2017-08-29,1,0,103,40,34,29,103,115.49,18.6,40.48,174.57,Martes,8,109.99,154.09,148.78142857142856,43.19,9.64,35.097142857142856,46.08,30.4,31.741428571428575
2017-08-30,2,0,102,38,33,31,102,119.84,15.31,47.41,182.56,Miercoles,8,115.49,289.22,124.58428571428571,18.6,27.4,33.37,40.48,16.57,36.14714285714286
2017-08-31,3,0,102,41,32,29,102,116.83,13.24,57.64375,226.39,Jueves,8,119.84,182.33,115.22714285714285,15.31,45.25,28.797142857142855,47.41,43.09,38.22625
2017-09-01,4,0,103,40,34,29,103,141.07,28.41,19.9,189.38,Viernes,9,116.83,138.46,115.6,13.24,60.07,24.274285714285714,57.64375,32.81,36.38196428571428
2017-09-02,5,1,100,39,31,30,76,91.46,26.26,37.55,155.26999999999998,Sabado,9,141.07,96.55,114.87285714285714,28.41,32.78,23.342857142857145,19.9,26.71,37.93053571428572
2017-09-03,6,1,101,40,32,29,75,90.34,22.33,38.25,150.92000000000002,Domingo,9,91.46,109.43,112.14571428571428,26.26,18.39,23.905714285714286,37.55,16.45,41.044821428571424
2017-09-04,0,0,102,43,30,29,102,162.95,24.69,37.96,225.6,Lunes,9,90.34,109.99,119.71142857142857,22.33,43.19,21.262857142857143,38.25,46.08,39.884821428571435
2017-09-05,1,0,100,41,29,30,100,130.28,22.53,36.53,189.34,Martes,9,162.95,115.49,121.82428571428571,24.69,18.6,21.824285714285715,37.96,40.48,39.32053571428571
2017-09-06,2,0,101,41,29,31,101,216.05,20.14,26.24,262.43,Miercoles,9,130.28,119.84,135.56857142857143,22.53,15.31,22.514285714285716,36.53,47.41,36.29625
2017-09-07,3,0,101,39,28,34,101,119.35,7.87,20.19,147.41,Jueves,9,216.05,116.83,135.92857142857142,20.14,13.24,21.747142857142858,26.24,57.64375,30.945714285714285
2017-09-08,4,0,102,39,29,34,102,233.62,28.65,57.64375,321.17999999999995,Viernes,9,119.35,141.07,149.15,7.87,28.41,21.78142857142857,20.19,19.9,36.33767857142857
2017-09-09,5,1,103,39,30,34,78,107.27,22.95,40.98,171.2,Sabado,9,233.62,91.46,151.4085714285714,28.65,26.26,21.30857142857143,57.64375,37.55,36.82767857142857
2017-09-10,6,1,103,40,29,34,81,193.54,22.86,23.18,239.58,Domingo,9,107.27,90.34,166.15142857142857,22.95,22.33,21.384285714285713,40.98,38.25,34.67482142857143
2017-09-11,0,0,103,40,30,33,103,83.47,56.34,12.71,152.52,Lunes,9,193.54,162.95,154.79714285714286,22.86,24.69,25.905714285714286,23.18,37.96,31.06767857142857
2017-09-12,1,0,103,40,30,33,103,128.56,21.54,7.0,157.1,Martes,9,83.47,130.28,154.5514285714286,56.34,22.53,25.764285714285716,12.71,36.53,26.849107142857143
2017-09-13,2,0,105,40,32,33,105,177.02,58.85,25.72,261.59000000000003,Miercoles,9,128.56,216.05,148.97571428571428,21.54,20.14,31.294285714285714,7.0,26.24,26.774821428571425
2017-09-14,3,0,105,40,32,33,105,156.17,22.22,32.78,211.17,Jueves,9,177.02,119.35,154.2357142857143,58.85,7.87,33.34428571428571,25.72,20.19,28.573392857142856
2017-09-15,4,0,104,39,34,31,104,109.32,43.82,18.37,171.51,Viernes,9,156.17,233.62,136.47857142857143,22.22,28.65,35.511428571428574,32.78,57.64375,22.962857142857143
2017-09-16,5,1,104,38,36,30,76,136.23,37.94,42.11,216.28,Sabado,9,109.32,107.27,140.6157142857143,43.82,22.95,37.652857142857144,18.37,40.98,23.124285714285715
2017-09-17,6,1,104,38,36,30,78,163.47,22.05,28.9,214.42,Domingo,9,136.23,193.54,136.32,37.94,22.86,37.537142857142854,42.11,23.18,23.941428571428567
2017-09-18,0,0,104,38,35,31,104,187.04,25.54,54.35,266.93,Lunes,9,163.47,83.47,151.1157142857143,22.05,56.34,33.137142857142855,28.9,12.71,29.890000000000004
2017-09-19,1,0,107,40,36,31,107,310.74,21.42,21.24,353.40000000000003,Martes,9,187.04,128.56,177.14142857142858,25.54,21.54,33.12,54.35,7.0,31.924285714285713
2017-09-20,2,0,105,41,34,30,105,246.0,22.3,11.76,280.06,Miercoles,9,310.74,177.02,186.99571428571429,21.42,58.85,27.898571428571426,21.24,25.72,29.93
2017-09-21,3,0,104,43,33,28,104,135.1,26.93,40.65,202.68,Jueves,9,246.0,156.17,183.98571428571427,22.3,22.22,28.571428571428573,11.76,32.78,31.054285714285715
2017-09-22,4,0,103,42,33,28,103,188.38,7.34,26.05,221.77,Viernes,9,135.1,109.32,195.28,26.93,43.82,23.360000000000003,40.65,18.37,32.151428571428575
2017-09-23,5,1,105,42,33,30,74,72.1,39.92,57.64375,171.85,Sabado,9,188.38,136.23,186.1185714285714,7.34,37.94,23.642857142857142,26.05,42.11,34.370535714285715
2017-09-24,6,1,103,43,30,30,77,267.72,23.65,21.61,312.98,Domingo,9,72.1,163.47,201.01142857142855,39.92,22.05,23.87142857142857,57.64375,28.9,33.32910714285715
2017-09-25,0,0,103,44,31,28,103,267.73,23.35,5.39,296.47,Lunes,9,267.72,187.04,212.53857142857143,23.65,25.54,23.55857142857143,21.61,54.35,26.334821428571427
2017-09-26,1,0,101,43,33,25,101,262.41,9.47,10.98,282.86000000000007,Martes,9,267.73,310.74,205.6342857142857,23.35,21.42,21.851428571428574,5.39,21.24,24.869107142857143
2017-09-27,2,0,102,45,32,25,102,263.52,23.17,19.93,306.62,Miercoles,9,262.41,246.0,208.13714285714286,9.47,22.3,21.975714285714282,10.98,11.76,26.036250000000003
2017-09-28,3,0,102,44,33,25,102,259.11,9.55,16.46,285.12,Jueves,9,263.52,135.1,225.85285714285718,23.17,26.93,19.49285714285714,19.93,40.65,22.580535714285713
2017-09-29,4,0,102,45,33,24,102,239.27,23.57,4.82,267.66,Viernes,9,259.11,188.38,233.12285714285716,9.55,7.34,21.811428571428568,16.46,26.05,19.547678571428573
2017-09-30,5,1,103,44,36,23,72,299.53,18.11,24.58,342.22,Sabado,9,239.27,72.1,265.61285714285714,23.57,39.92,18.695714285714285,4.82,57.64375,14.824285714285713
2017-10-01,6,1,104,43,38,23,80,386.02,23.41,18.37,427.8,Domingo,10,299.53,267.72,282.5128571428572,18.11,23.65,18.66142857142857,24.58,21.61,14.361428571428572
2017-10-02,0,0,104,45,38,21,104,127.72,10.02,34.6,172.34,Lunes,10,386.02,267.73,262.51142857142855,23.41,23.35,16.757142857142856,18.37,5.39,18.534285714285716
2017-10-03,1,0,104,46,38,20,104,398.51,62.6325,1.65,469.94,Martes,10,127.72,262.41,281.9542857142857,10.02,9.47,24.351785714285715,34.6,10.98,17.201428571428572
2017-10-04,2,0,101,46,35,20,101,251.07,18.46,7.58,277.11,Miercoles,10,398.51,263.52,280.17571428571426,62.6325,23.17,23.678928571428575,1.65,19.93,15.437142857142858
2017-10-05,3,0,104,49,34,21,104,282.21,16.58,22.84,321.62999999999994,Jueves,10,251.07,259.11,283.4757142857143,18.46,9.55,24.683214285714286,7.58,16.46,16.34857142857143
2017-10-06,4,0,104,49,33,22,104,274.86,21.85,17.9,314.61,Viernes,10,282.21,239.27,288.56,16.58,23.57,24.4375,22.84,4.82,18.217142857142857
2017-10-07,5,1,105,50,33,22,70,166.3,12.01,16.85,195.16,Sabado,10,274.86,299.53,269.52714285714285,21.85,18.11,23.56607142857143,17.9,24.58,17.112857142857145
2017-10-08,6,1,104,48,35,21,75,383.64,5.13,36.22,424.99,Domingo,10,166.3,386.02,269.1871428571429,12.01,23.41,20.954642857142858,16.85,18.37,19.662857142857142
2017-10-09,0,0,105,49,34,22,105,0.0,0.0,0.0,0.0,Lunes,10,383.64,127.72,250.9414285714286,5.13,10.02,19.523214285714285,36.22,34.6,14.72
2017-10-10,1,0,105,50,32,23,105,175.09,24.54,46.44,246.07,Martes,10,0.0,398.51,219.0242857142857,0.0,62.6325,14.081428571428571,0.0,1.65,21.118571428571425
2017-10-11,2,0,104,50,30,24,104,275.42,5.98,15.99,297.39000000000004,Miercoles,10,175.09,251.07,222.50285714285715,24.54,18.46,12.298571428571426,46.44,7.58,22.319999999999997
2017-10-12,3,0,104,50,30,24,104,285.25,27.18,18.74,331.17,Jueves,10,275.42,282.21,222.93714285714285,5.98,16.58,13.812857142857142,15.99,22.84,21.73428571428571
2017-10-13,4,0,103,50,30,23,103,259.95,23.74,23.71,307.4,Viernes,10,285.25,274.86,220.80714285714288,27.18,21.85,14.082857142857142,18.74,17.9,22.564285714285713
2017-10-14,5,1,103,49,30,24,77,214.97,24.04,22.25,261.26,Sabado,10,259.95,166.3,227.76000000000002,23.74,12.01,15.80142857142857,23.71,16.85,23.335714285714282
2017-10-15,6,1,103,51,27,25,78,193.71,15.02,30.65,239.38,Domingo,10,214.97,383.64,200.62714285714284,24.04,5.13,17.214285714285715,22.25,36.22,22.54
2017-10-16,0,0,102,50,27,25,102,309.22,27.08,12.3,348.6,Lunes,10,193.71,0.0,244.8014285714286,15.02,0.0,21.08285714285714,30.65,0.0,24.297142857142855
2017-10-17,1,0,102,52,26,24,102,172.79,27.39,15.51,215.69,Martes,10,309.22,175.09,244.47285714285718,27.08,24.54,21.490000000000002,12.3,46.44,19.87857142857143
2017-10-18,2,0,101,54,22,25,101,358.77,40.37,27.25,426.39,Miercoles,10,172.79,275.42,256.38,27.39,5.98,26.40285714285714,15.51,15.99,21.487142857142857
2017-10-19,3,0,102,56,23,23,102,172.77,19.77,19.65,212.19000000000003,Jueves,10,358.77,285.25,240.3114285714286,40.37,27.18,25.344285714285714,27.25,18.74,21.617142857142856
2017-10-20,4,0,100,53,24,23,100,243.99,39.6,12.63,296.22,Viernes,10,172.77,259.95,238.03142857142856,19.77,23.74,27.609999999999996,19.65,23.71,20.034285714285716
2017-10-21,5,1,103,56,25,22,77,129.93,22.36,15.38,167.67000000000002,Sabado,10,243.99,214.97,225.88285714285712,39.6,24.04,27.37,12.63,22.25,19.052857142857142
2017-10-22,6,1,101,54,25,22,70,269.47,21.24,34.61,325.32000000000005,Domingo,10,129.93,193.71,236.7057142857143,22.36,15.02,28.25857142857143,15.38,30.65,19.618571428571425
2017-10-23,0,0,100,54,25,21,100,190.18,10.89,13.46,214.53,Lunes,10,269.47,309.22,219.70000000000002,21.24,27.08,25.945714285714285,34.61,12.3,19.784285714285716
2017-10-24,1,0,100,55,24,21,100,427.59875,7.36,7.83,449.9,Martes,10,190.18,172.79,256.10125,10.89,27.39,23.084285714285716,13.46,15.51,18.687142857142856
2017-10-25,2,0,100,55,23,22,100,180.43,11.35,27.48,219.26,Miercoles,10,427.59875,358.77,230.62410714285716,7.36,40.37,18.93857142857143,7.83,27.25,18.720000000000002
2017-10-26,3,0,102,57,23,22,102,257.55,22.46,6.95,286.96,Jueves,10,180.43,172.77,242.73553571428573,11.35,19.77,19.322857142857146,27.48,19.65,16.905714285714286
2017-10-27,4,0,101,56,23,22,101,179.06,34.94,27.44,241.44,Viernes,10,257.55,243.99,233.45982142857142,22.46,39.6,18.657142857142855,6.95,12.63,19.021428571428572
2017-10-28,5,1,100,53,25,22,72,116.06,28.93,21.52,166.51000000000002,Sabado,10,179.06,129.93,231.47839285714286,34.94,22.36,19.595714285714283,27.44,15.38,19.898571428571426
2017-10-29,6,1,99,53,24,22,66,155.0,5.65,33.08,193.73,Domingo,10,116.06,269.47,215.1255357142857,28.93,21.24,17.36857142857143,21.52,34.61,19.68
2017-10-30,0,0,99,53,24,22,99,216.94,18.38,5.84,241.16,Lunes,10,155.0,190.18,218.94839285714286,5.65,10.89,18.43857142857143,33.08,13.46,18.59142857142857
2017-10-31,1,0,100,54,24,22,100,249.97,4.0,20.62,274.59,Martes,10,216.94,427.59875,193.57285714285715,18.38,7.36,17.958571428571428,5.84,7.83,20.41857142857143
2017-11-01,2,0,105,57,24,24,105,161.37,12.18,3.0,176.55,Miercoles,11,249.97,180.43,190.84999999999997,4.0,11.35,18.077142857142857,20.62,27.48,16.921428571428574
2017-11-02,3,0,101,55,23,23,101,146.56,11.37,18.39,176.32,Jueves,11,161.37,257.55,174.99428571428572,12.18,22.46,16.492857142857144,3.0,6.95,18.555714285714288
2017-11-03,4,0,99,54,21,24,99,246.81,24.64,11.23,282.68,Viernes,11,146.56,179.06,184.67285714285714,11.37,34.94,15.021428571428572,18.39,27.44,16.240000000000002
2017-11-04,5,1,100,55,21,24,74,164.46,12.61,49.5,226.57,Sabado,11,246.81,116.06,191.58714285714288,24.64,28.93,12.689999999999998,11.23,21.52,20.237142857142857
2017-11-05,6,1,100,56,20,24,70,165.24,2.73,29.27,197.24,Domingo,11,164.46,155.0,193.05,12.61,5.65,12.272857142857143,49.5,33.08,19.692857142857143
2017-11-06,0,0,101,57,19,25,101,137.37,27.13,41.9,206.4,Lunes,11,165.24,216.94,181.68285714285713,2.73,18.38,13.522857142857143,29.27,5.84,24.844285714285714
2017-11-07,1,0,101,57,18,26,101,136.08,11.4,3.64,151.12,Martes,11,137.37,249.97,165.41285714285715,27.13,4.0,14.58,41.9,20.62,22.418571428571425
2017-11-08,2,0,101,57,18,26,101,58.61,2.72,31.48,92.81,Miercoles,11,136.08,161.37,150.73285714285717,11.4,12.18,13.228571428571428,3.64,3.0,26.487142857142857
2017-11-09,3,0,102,56,19,27,102,198.21,3.58,14.1,215.89,Jueves,11,58.61,146.56,158.1114285714286,2.72,11.37,12.115714285714285,31.48,18.39,25.874285714285715
2017-11-10,4,0,102,56,19,27,102,232.57,23.4,50.34,306.31,Viernes,11,198.21,246.81,156.07714285714286,3.58,24.64,11.938571428571427,14.1,11.23,31.46142857142857
2017-11-11,5,1,102,55,21,26,69,150.71,18.37,43.56,212.64,Sabado,11,232.57,164.46,154.11285714285714,23.4,12.61,12.76142857142857,50.34,49.5,30.612857142857145
2017-11-12,6,1,104,56,22,26,76,202.33,24.33,26.04,252.7,Domingo,11,150.71,165.24,159.4114285714286,18.37,2.73,15.847142857142856,43.56,29.27,30.15142857142857
2017-11-13,0,0,104,54,23,27,104,306.66,13.31,50.44,370.41,Lunes,11,202.33,137.37,183.5957142857143,24.33,27.13,13.872857142857143,26.04,41.9,31.37142857142857
2017-11-14,1,0,103,53,24,26,103,47.54,39.59,15.37,102.5,Martes,11,306.66,136.08,170.94714285714284,13.31,11.4,17.9,50.44,3.64,33.04714285714286
2017-11-15,2,0,104,54,24,26,104,120.73,22.37,28.02,171.12,Miercoles,11,47.54,58.61,179.82142857142858,39.59,2.72,20.707142857142856,15.37,31.48,32.55285714285714
2017-11-16,3,0,103,52,26,25,103,119.04,9.82,26.58,155.44,Jueves,11,120.73,198.21,168.51142857142858,22.37,3.58,21.598571428571432,28.02,14.1,34.33571428571428
2017-11-17,4,0,104,52,26,26,104,239.03,13.5,14.86,267.39,Viernes,11,119.04,232.57,169.43428571428575,9.82,23.4,20.184285714285718,26.58,50.34,29.267142857142858
2017-11-18,5,1,102,49,26,27,73,206.36,3.6,28.86,238.82,Sabado,11,239.03,150.71,177.3842857142857,13.5,18.37,18.074285714285715,14.86,43.56,27.167142857142856
2017-11-19,6,1,101,49,25,27,78,149.67,7.17,20.81,177.64999999999998,Domingo,11,206.36,202.33,169.8614285714286,3.6,24.33,15.622857142857145,28.86,26.04,26.419999999999998
2017-11-20,0,0,101,49,24,28,101,195.17,31.38,12.49,239.04,Lunes,11,149.67,306.66,153.93428571428572,7.17,13.31,18.204285714285714,20.81,50.44,20.99857142857143
2017-11-21,1,0,101,49,25,27,101,150.56,15.01,57.64375,237.71,Martes,11,195.17,47.54,168.6514285714286,31.38,39.59,14.692857142857141,12.49,15.37,27.037678571428568
2017-11-22,2,0,100,49,24,27,100,173.63,58.42,10.76,242.81,Miercoles,11,150.56,120.73,176.20857142857145,15.01,22.37,19.842857142857145,57.64375,28.02,24.571964285714284
2017-11-23,3,0,99,48,25,26,99,224.2,39.63,49.14,312.97,Jueves,11,173.63,119.04,191.23142857142855,58.42,9.82,24.101428571428574,10.76,26.58,27.794821428571428
2017-11-24,4,0,100,50,25,25,100,229.25,12.92,40.23,282.4,Viernes,11,224.2,239.03,189.8342857142857,39.63,13.5,24.018571428571427,49.14,14.86,31.41910714285714
2017-11-25,5,1,100,50,26,24,69,123.5,19.77,25.48,168.75,Sabado,11,229.25,206.36,177.99714285714285,12.92,3.6,26.32857142857143,40.23,28.86,30.93625
2017-11-26,6,1,101,50,27,24,74,154.08,4.88,27.42,186.38,Domingo,11,123.5,149.67,178.62714285714284,19.77,7.17,26.00142857142857,25.48,20.81,31.880535714285713
2017-11-27,0,0,101,52,25,24,101,232.25,9.33,6.84,248.42,Lunes,11,154.08,195.17,183.92428571428567,4.88,31.38,22.851428571428574,27.42,12.49,31.073392857142856
2017-11-28,1,0,99,50,26,23,99,268.34,13.48,22.23,304.05,Martes,11,232.25,150.56,200.75,9.33,15.01,22.632857142857144,6.84,57.64375,26.014285714285712
2017-11-29,2,0,100,51,26,23,100,220.12,19.34,28.32,267.78000000000003,Miercoles,11,268.34,173.63,207.39142857142858,13.48,58.42,17.05,22.23,10.76,28.52285714285714
2017-11-30,3,0,100,51,28,21,100,197.84,6.28,23.56,227.68,Jueves,11,220.12,224.2,203.62571428571428,19.34,39.63,12.285714285714286,28.32,49.14,24.868571428571425
2017-12-01,4,0,99,50,28,21,99,165.39,8.11,43.78,217.28,Viernes,12,197.84,229.25,194.50285714285715,6.28,12.92,11.598571428571429,23.56,40.23,25.375714285714285
2017-12-02,5,1,100,53,26,21,72,107.15,26.35,18.06,151.56,Sabado,12,165.39,123.5,192.16714285714286,8.11,19.77,12.53857142857143,43.78,25.48,24.315714285714282
2017-12-03,6,1,102,54,28,20,74,166.18,7.0,19.95,193.13,Domingo,12,107.15,154.08,193.8957142857143,26.35,4.88,12.841428571428574,18.06,27.42,23.24857142857143
2017-12-04,0,0,101,54,28,19,101,107.35,7.5,4.43,119.28,Lunes,12,166.18,232.25,176.05285714285716,7.0,9.33,12.58,19.95,6.84,22.904285714285713
2017-12-05,1,0,100,54,25,21,100,112.93,2.66,14.97,130.56,Martes,12,107.35,268.34,153.85142857142858,7.5,13.48,11.034285714285716,4.43,22.23,21.86714285714286
2017-12-06,2,0,99,51,28,20,99,191.16,31.53,16.15,238.84,Miercoles,12,112.93,220.12,149.71428571428572,2.66,19.34,12.775714285714287,14.97,28.32,20.12857142857143
2017-12-07,3,0,100,52,29,19,100,169.15,21.03,11.41,201.59,Jueves,12,191.16,197.84,145.6157142857143,31.53,6.28,14.882857142857144,16.15,23.56,18.392857142857142
2017-12-08,4,0,99,50,31,18,99,292.99,12.91,18.8,324.70000000000005,Viernes,12,169.15,165.39,163.8442857142857,21.03,8.11,15.56857142857143,11.41,43.78,14.824285714285713
2017-12-09,5,1,96,47,30,19,68,162.12,34.25,19.24,215.61,Sabado,12,292.99,107.15,171.69714285714284,12.91,26.35,16.697142857142858,18.8,18.06,14.992857142857142
2017-12-10,6,1,100,49,31,20,74,239.41,16.49,19.92,275.82,Domingo,12,162.12,166.18,182.15857142857143,34.25,7.0,18.052857142857142,19.24,19.95,14.98857142857143
2017-12-11,0,0,99,47,32,20,99,226.75,29.22,32.02,287.99,Lunes,12,239.41,107.35,199.21571428571428,16.49,7.5,21.155714285714286,19.92,4.43,18.93
2017-12-12,1,0,98,47,30,21,98,289.33,18.73,4.89,312.95,Martes,12,226.75,112.93,224.4157142857143,29.22,2.66,23.451428571428576,32.02,14.97,17.490000000000002
2017-12-13,2,0,101,50,30,21,101,196.83,23.95,17.28,238.06,Miercoles,12,289.33,191.16,225.22571428571428,18.73,31.53,22.368571428571432,4.89,16.15,17.65142857142857
2017-12-14,3,0,103,53,29,21,103,204.43,12.93,12.45,229.81,Jueves,12,196.83,169.15,230.26571428571427,23.95,21.03,21.211428571428574,17.28,11.41,17.8
2017-12-15,4,0,105,54,31,20,105,203.57,16.21,16.09,235.87,Viernes,12,204.43,292.99,217.49142857142854,12.93,12.91,21.682857142857138,12.45,18.8,17.412857142857145
2017-12-16,5,1,103,54,30,19,77,186.41,15.08,42.1,243.59,Sabado,12,203.57,162.12,220.96142857142857,16.21,34.25,18.944285714285712,16.09,19.24,20.678571428571427
2017-12-17,6,1,104,56,30,18,68,167.63,29.07,25.04,221.74,Domingo,12,186.41,239.41,210.70714285714283,15.08,16.49,20.74142857142857,42.1,19.92,21.41
2017-12-18,0,0,105,57,29,19,105,224.26,21.93,2.08,248.27,Lunes,12,167.63,226.75,210.35142857142858,29.07,29.22,19.7,25.04,32.02,17.132857142857144
2017-12-19,1,0,103,55,29,19,103,0.0,0.0,0.0,0.0,Martes,12,224.26,289.33,169.01857142857145,21.93,18.73,17.024285714285714,2.08,4.89,16.434285714285714
2017-12-20,2,0,106,55,32,19,106,188.31,9.49,8.1,205.9,Miercoles,12,0.0,196.83,167.80142857142854,0.0,23.95,14.958571428571428,0.0,17.28,15.122857142857143
2017-12-21,3,0,106,55,34,17,106,160.47,13.28,6.8,180.55,Jueves,12,188.31,204.43,161.52142857142857,9.49,12.93,15.008571428571429,8.1,12.45,14.315714285714284
2017-12-22,4,0,105,54,34,17,105,179.97,37.89,20.71,238.57,Viernes,12,160.47,203.57,158.15,13.28,16.21,18.105714285714285,6.8,16.09,14.975714285714288
2017-12-23,5,1,105,56,33,16,70,131.56,15.4,18.73,165.69,Sabado,12,179.97,186.41,150.31428571428572,37.89,15.08,18.15142857142857,20.71,42.1,11.637142857142859
2017-12-24,6,1,105,57,32,16,72,152.79,10.22,24.02,187.03,Domingo,12,131.56,167.63,148.1942857142857,15.4,29.07,15.45857142857143,18.73,25.04,11.491428571428571
2017-12-25,0,0,106,58,29,19,106,108.49,11.21,3.52,123.21999999999998,Lunes,12,152.79,224.26,131.65571428571428,10.22,21.93,13.927142857142856,24.02,2.08,11.69714285714286
2017-12-26,1,0,105,56,30,19,105,403.06,24.05,11.18,438.29,Martes,12,108.49,0.0,189.2357142857143,11.21,0.0,17.36285714285714,3.52,0.0,13.294285714285715
2017-12-27,2,0,104,54,29,21,104,226.28,24.61,30.58,281.47,Miercoles,12,403.06,188.31,194.66000000000003,24.05,9.49,19.52285714285714,11.18,8.1,16.505714285714287
2017-12-28,3,0,104,55,29,20,104,248.63,33.41,29.77,311.80999999999995,Jueves,12,226.28,160.47,207.25428571428571,24.61,13.28,22.398571428571426,30.58,6.8,19.787142857142857
2017-12-29,4,0,105,53,32,20,105,294.41,51.74,37.1,383.25000000000006,Viernes,12,248.63,179.97,223.60285714285715,33.41,37.89,24.377142857142854,29.77,20.71,22.12857142857143
2017-12-30,5,1,104,52,32,20,69,232.89,21.35,35.49,289.73,Sabado,12,294.41,131.56,238.07857142857145,51.74,15.4,25.22714285714286,37.1,18.73,24.522857142857145
2017-12-31,6,1,100,49,31,20,66,309.53,24.94,54.53,389.0,Domingo,12,232.89,152.79,260.46999999999997,21.35,10.22,27.330000000000002,35.49,24.02,28.881428571428575
2018-01-01,0,0,101,50,30,21,101,0.0,0.0,0.51,0.51,Lunes,1,309.53,108.49,244.9714285714286,24.94,11.21,25.728571428571428,54.53,3.52,28.451428571428572
2018-01-02,1,0,102,52,28,22,102,259.11,7.27,3.7,270.08,Martes,1,0.0,403.06,224.40714285714287,0.0,24.05,23.33142857142857,0.51,11.18,27.382857142857144
2018-01-03,2,0,104,54,29,21,104,377.14,11.9,19.46,408.5,Miercoles,1,259.11,226.28,245.95857142857145,7.27,24.61,21.515714285714285,3.7,30.58,25.794285714285714
2018-01-04,3,0,105,55,29,21,105,272.89,25.24,24.66,322.79,Jueves,1,377.14,248.63,249.42428571428573,11.9,33.41,20.34857142857143,19.46,29.77,25.064285714285713
2018-01-05,4,0,105,55,28,22,105,181.42,28.6,51.58,261.6,Viernes,1,272.89,294.41,233.28285714285715,25.24,51.74,17.042857142857144,24.66,37.1,27.132857142857144
2018-01-06,5,1,107,55,30,22,72,352.04,9.46,19.51,381.01,Sabado,1,181.42,232.89,250.30428571428573,28.6,21.35,15.344285714285716,51.58,35.49,24.849999999999998
2018-01-07,6,1,106,54,29,23,74,1.4,0.0,0.13,1.5299999999999998,Domingo,1,352.04,309.53,206.28571428571428,9.46,24.94,11.781428571428572,19.51,54.53,17.07857142857143
2018-01-08,0,0,103,52,28,23,103,202.98,13.59,11.03,227.6,Lunes,1,1.4,0.0,235.28285714285715,0.0,0.0,13.722857142857142,0.13,0.51,18.58142857142857
2018-01-09,1,0,104,51,28,25,104,233.51,26.25,26.61,286.37,Martes,1,202.98,259.11,231.6257142857143,13.59,7.27,16.434285714285714,11.03,3.7,21.854285714285716
2018-01-10,2,0,104,52,29,23,104,311.41,35.38,43.1,389.89,Miercoles,1,233.51,377.14,222.2357142857143,26.25,11.9,19.788571428571426,26.61,19.46,25.231428571428573
2018-01-11,3,0,103,53,27,23,103,262.17,19.57,17.64,299.38,Jueves,1,311.41,272.89,220.70428571428573,35.38,25.24,18.978571428571428,43.1,24.66,24.228571428571428
2018-01-12,4,0,103,52,28,23,103,287.86,30.95,24.8,343.61,Viernes,1,262.17,181.42,235.91,19.57,28.6,19.314285714285717,17.64,51.58,20.40285714285714
2018-01-13,5,1,103,53,26,24,71,152.74,14.93,15.92,183.59,Sabado,1,287.86,352.04,207.43857142857146,30.95,9.46,20.095714285714283,24.8,19.51,19.889999999999997
2018-01-14,6,1,103,53,25,25,73,177.62,5.57,21.86,205.05,Domingo,1,152.74,1.4,232.61285714285714,14.93,0.0,20.891428571428573,15.92,0.13,22.994285714285716
2018-01-15,0,0,104,55,24,25,104,177.85,21.98,34.73,234.56,Lunes,1,177.62,202.98,229.02285714285713,5.57,13.59,22.09,21.86,11.03,26.38
2018-01-16,1,0,104,56,21,27,104,127.38,4.2,33.36,164.94,Martes,1,177.85,233.51,213.8614285714286,21.98,26.25,18.939999999999998,34.73,26.61,27.344285714285718
2018-01-17,2,0,103,57,21,25,103,209.29,24.53,33.02,266.84,Miercoles,1,127.38,311.41,199.27285714285716,4.2,35.38,17.39,33.36,43.1,25.904285714285713
2018-01-18,3,0,104,58,21,25,104,407.46,23.41,22.05,452.92,Jueves,1,209.29,262.17,220.02857142857144,24.53,19.57,17.93857142857143,33.02,17.64,26.534285714285716
2018-01-19,4,0,104,57,22,25,104,164.72,30.38,31.44,226.54,Viernes,1,407.46,287.86,202.43714285714287,23.41,30.95,17.857142857142858,22.05,24.8,27.482857142857142
2018-01-20,5,1,103,54,22,27,76,196.29,5.22,13.5,215.01,Sabado,1,164.72,152.74,208.65857142857143,30.38,14.93,16.47,31.44,15.92,27.13714285714286
2018-01-21,6,1,101,52,23,26,68,153.96,14.83,17.76,186.55,Domingo,1,196.29,177.62,205.27857142857144,5.22,5.57,17.792857142857144,13.5,21.86,26.55142857142857
2018-01-22,0,0,102,53,23,26,102,199.67,15.02,31.9,246.59,Lunes,1,153.96,177.85,208.3957142857143,14.83,21.98,16.798571428571428,17.76,34.73,26.147142857142857
2018-01-23,1,0,104,54,24,26,104,266.56,12.23,4.82,283.61,Martes,1,199.67,127.38,228.2785714285714,15.02,4.2,17.945714285714285,31.9,33.36,22.07
2018-01-24,2,0,103,55,22,26,103,218.46,35.16,37.9,291.52,Miercoles,1,266.56,209.29,229.5885714285714,12.23,24.53,19.464285714285715,4.82,33.02,22.767142857142858
2018-01-25,3,0,104,53,23,28,104,254.05,41.76,19.86,315.67,Jueves,1,218.46,407.46,207.67285714285714,35.16,23.41,22.085714285714285,37.9,22.05,22.454285714285714
2018-01-26,4,0,103,52,24,27,103,426.53,24.75,16.02,467.3,Viernes,1,254.05,164.72,245.0742857142857,41.76,30.38,21.28142857142857,19.86,31.44,20.25142857142857
2018-01-27,5,1,102,50,25,27,76,266.38,20.65,17.6,304.63,Sabado,1,426.53,196.29,255.08714285714285,24.75,5.22,23.485714285714288,16.02,13.5,20.837142857142855
2018-01-28,6,1,102,51,26,25,68,248.14,30.05,6.58,284.77,Domingo,1,266.38,153.96,268.5414285714286,20.65,14.83,25.659999999999997,17.6,17.76,19.240000000000002
2018-01-29,0,0,102,52,26,24,102,323.73,28.28,10.72,362.73,Lunes,1,248.14,199.67,286.2642857142857,30.05,15.02,27.554285714285715,6.58,31.9,16.214285714285715
2018-01-30,1,0,102,51,30,21,102,253.87,30.26,19.29,303.42,Martes,1,323.73,266.56,284.4514285714286,28.28,12.23,30.13,10.72,4.82,18.28142857142857
2018-01-31,2,0,102,52,27,23,102,210.25,35.7,0.81,246.76,Miercoles,1,253.87,218.46,283.2785714285714,30.26,35.16,30.207142857142856,19.29,37.9,12.982857142857142
2018-02-01,3,0,102,53,26,23,102,210.56,20.12,23.79,254.47,Jueves,2,210.25,254.05,277.06571428571425,35.7,41.76,27.115714285714287,0.81,19.86,13.544285714285715
2018-02-02,4,0,101,53,25,23,101,372.73,15.85,10.13,398.71,Viernes,2,210.56,426.53,269.38,20.12,24.75,25.844285714285714,23.79,16.02,12.702857142857143
2018-02-03,5,1,102,54,24,24,77,346.57,30.77,21.69,399.03,Sabado,2,372.73,266.38,280.8357142857143,15.85,20.65,27.29,10.13,17.6,13.287142857142856
2018-02-04,6,1,101,53,23,25,71,241.82,13.47,38.96,294.25,Domingo,2,346.57,248.14,279.9328571428572,30.77,30.05,24.921428571428574,21.69,6.58,17.912857142857142
2018-02-05,0,0,103,55,23,25,103,363.98,47.91,36.68,448.57,Lunes,2,241.82,323.73,285.6828571428572,13.47,28.28,27.725714285714286,38.96,10.72,21.62142857142857
2018-02-06,1,0,103,53,25,25,103,357.33,22.06,21.76,401.15,Martes,2,363.98,253.87,300.4628571428571,47.91,30.26,26.554285714285715,36.68,19.29,21.974285714285717
2018-02-07,2,0,101,52,25,24,101,302.88,21.53,23.28,347.68999999999994,Miercoles,2,357.33,210.25,313.69571428571425,22.06,35.7,24.53,21.76,0.81,25.184285714285718
2018-02-08,3,0,100,51,25,24,100,314.37,19.18,29.34,362.89,Jueves,2,302.88,210.56,328.52571428571434,21.53,20.12,24.395714285714288,23.28,23.79,25.977142857142862
2018-02-09,4,0,100,52,24,24,100,312.66,46.48,14.21,373.35,Viernes,2,314.37,372.73,319.94428571428574,19.18,15.85,28.771428571428572,29.34,10.13,26.56
2018-02-10,5,1,101,53,24,24,67,270.49,14.89,48.26,333.64,Sabado,2,312.66,346.57,309.07571428571424,46.48,30.77,26.502857142857142,14.21,21.69,30.35571428571429
2018-02-11,6,1,100,52,24,24,67,285.22,30.19,29.77,345.18,Domingo,2,270.49,241.82,315.2757142857143,14.89,13.47,28.891428571428573,48.26,38.96,29.042857142857144
2018-02-12,0,0,101,53,26,22,101,246.7,38.59,34.53,319.81999999999994,Lunes,2,285.22,363.98,298.5214285714286,30.19,47.91,27.560000000000002,29.77,36.68,28.735714285714288
2018-02-13,1,0,100,51,27,22,100,120.3,28.33,26.22,174.85,Martes,2,246.7,357.33,264.66,38.59,22.06,28.455714285714286,34.53,21.76,29.37285714285714
2018-02-14,2,0,100,49,29,22,100,333.56,42.36,4.58,380.5,Miercoles,2,120.3,302.88,269.04285714285714,28.33,21.53,31.43142857142857,26.22,23.28,26.701428571428572
2018-02-15,3,0,103,51,30,22,103,427.59875,17.49,6.58,537.7600000000001,Jueves,2,333.56,314.37,285.2183928571429,42.36,19.18,31.189999999999998,4.58,29.34,23.449999999999996
2018-02-16,4,0,104,52,29,23,104,427.59875,30.83,34.97,517.5799999999999,Viernes,2,427.59875,312.66,301.63821428571424,17.49,46.48,28.954285714285714,6.58,14.21,26.415714285714284
2018-02-17,5,1,103,49,31,23,75,251.88,15.48,6.09,273.45,Sabado,2,427.59875,270.49,298.9796428571429,30.83,14.89,29.03857142857143,34.97,48.26,20.39142857142857
2018-02-18,6,1,105,49,33,23,73,213.49,5.15,27.05,245.69000000000003,Domingo,2,251.88,285.22,288.7325,15.48,30.19,25.46142857142857,6.09,29.77,20.002857142857142
2018-02-19,0,0,105,50,35,20,105,191.96,19.35,3.39,214.7,Lunes,2,213.49,246.7,280.9125,5.15,38.59,22.71285714285714,27.05,34.53,15.554285714285713
2018-02-20,1,0,105,51,33,21,105,213.63,20.38,16.6,250.61,Martes,2,191.96,120.3,294.24535714285713,19.35,28.33,21.577142857142857,3.39,26.22,14.179999999999998
2018-02-21,2,0,105,52,30,23,105,193.79,15.42,5.78,214.99,Miercoles,2,213.63,333.56,274.2782142857143,20.38,42.36,17.728571428571428,16.6,4.58,14.35142857142857
2018-02-22,3,0,105,52,29,24,105,206.56,17.41,24.59,248.56,Jueves,2,193.79,427.59875,242.70125000000002,15.42,17.49,17.717142857142857,5.78,6.58,16.924285714285713
2018-02-23,4,0,105,51,31,23,105,240.59,17.1,26.93,284.62,Viernes,2,206.56,427.59875,215.9857142857143,17.41,30.83,15.755714285714287,24.59,34.97,15.775714285714287
2018-02-24,5,1,105,50,31,24,80,234.05,27.42,38.3,299.77000000000004,Sabado,2,240.59,251.88,213.4385714285714,17.1,15.48,17.461428571428574,26.93,6.09,20.377142857142854
2018-02-25,6,1,104,50,31,23,75,185.16,28.45,18.34,231.95,Domingo,2,234.05,213.49,209.39142857142855,27.42,5.15,20.79,38.3,27.05,19.132857142857144
2018-02-26,0,0,103,51,30,22,103,323.76,26.64,4.33,354.73,Lunes,2,185.16,191.96,228.22,28.45,19.35,21.83142857142857,18.34,3.39,19.267142857142858
2018-02-27,1,0,105,53,29,23,105,184.55,59.06,14.37,257.98,Martes,2,323.76,213.63,224.06571428571428,26.64,20.38,27.357142857142858,4.33,16.6,18.948571428571427
2018-02-28,2,0,105,52,30,23,105,309.67,62.6325,4.41,376.9,Miercoles,2,184.55,193.79,240.62000000000003,59.06,15.42,34.10178571428572,14.37,5.78,18.752857142857145
2018-03-01,3,0,105,51,32,22,105,187.21,62.6325,5.0,272.42,Jueves,3,309.67,206.56,237.8557142857143,62.6325,17.41,40.56214285714286,4.41,24.59,15.954285714285716
2018-03-02,4,0,105,51,33,21,105,268.76,62.6325,16.78,358.67,Viernes,3,187.21,240.59,241.87999999999997,62.6325,17.1,47.06678571428572,5.0,26.93,14.504285714285714
2018-03-03,5,1,105,50,34,21,77,205.75,34.81,33.14,273.7,Sabado,3,268.76,234.05,237.83714285714288,62.6325,27.42,48.1225,16.78,38.3,13.767142857142858
2018-03-04,6,1,107,51,34,22,79,175.91,8.08,4.11,188.1,Domingo,3,205.75,185.16,236.5157142857143,34.81,28.45,45.2125,33.14,18.34,11.734285714285715
2018-03-05,0,0,107,51,33,23,107,180.29,20.29,18.95,219.53,Lunes,3,175.91,323.76,216.01999999999998,8.08,26.64,44.30535714285714,4.11,4.33,13.822857142857144
2018-03-06,1,0,104,49,33,22,104,154.72,62.6325,41.61,263.72,Martes,3,180.29,184.55,211.75857142857143,20.29,59.06,44.815714285714286,18.95,14.37,17.714285714285715
2018-03-07,2,0,104,48,33,23,104,138.96,62.6325,21.11,258.24,Miercoles,3,154.72,309.67,187.37142857142857,62.6325,62.6325,44.815714285714286,41.61,4.41,20.099999999999998
2018-03-08,3,0,106,50,33,23,106,184.66,29.7,5.88,220.24,Jueves,3,138.96,187.21,187.0071428571429,62.6325,62.6325,40.11107142857143,21.11,5.0,20.225714285714286
2018-03-09,4,0,106,50,34,22,106,287.3,33.82,27.57,348.69,Viernes,3,184.66,268.76,189.65571428571428,29.7,62.6325,35.995,5.88,16.78,21.767142857142858
2018-03-10,5,1,104,50,32,22,74,107.46,31.92,24.96,164.34,Sabado,3,287.3,205.75,175.61428571428573,33.82,34.81,35.582142857142856,27.57,33.14,20.59857142857143
2018-03-11,6,1,104,50,31,23,73,329.71,0.0,21.46,351.17,Domingo,3,107.46,175.91,197.58571428571426,31.92,8.08,34.42785714285714,24.96,4.11,23.077142857142857
2018-03-12,0,0,108,53,32,23,108,161.31,28.2,40.8,230.31,Lunes,3,329.71,180.29,194.87428571428572,0.0,20.29,35.557857142857145,21.46,18.95,26.198571428571427
2018-03-13,1,0,108,53,32,23,108,111.8,57.84,9.65,179.29,Martes,3,161.31,154.72,188.74285714285716,28.2,62.6325,34.87321428571429,40.8,41.61,21.63285714285714
2018-03-14,2,0,106,52,30,24,106,218.67,42.99,11.03,272.68999999999994,Miercoles,3,111.8,138.96,200.12999999999997,57.84,62.6325,32.06714285714286,9.65,21.11,20.192857142857143
2018-03-15,3,0,104,49,29,26,104,165.9,31.09,17.28,214.27,Jueves,3,218.67,184.66,197.45,42.99,29.7,32.26571428571429,11.03,5.88,21.821428571428573
2018-03-16,4,0,103,49,28,26,103,198.79,20.38,17.44,236.61,Viernes,3,165.9,287.3,184.80571428571426,31.09,33.82,30.345714285714287,17.28,27.57,20.374285714285715
2018-03-17,5,1,104,51,27,26,75,324.69,29.75,20.19,374.63,Sabado,3,198.79,107.46,215.8385714285714,20.38,31.92,30.035714285714285,17.44,24.96,19.692857142857147
2018-03-18,6,1,103,49,29,25,75,105.16,22.67,36.46,164.29,Domingo,3,324.69,329.71,183.76,29.75,0.0,33.27428571428571,20.19,21.46,21.835714285714285
2018-03-19,0,0,102,48,30,24,102,134.08,33.31,21.05,188.44000000000003,Lunes,3,105.16,161.31,179.86999999999998,22.67,28.2,34.004285714285714,36.46,40.8,19.014285714285712
2018-03-20,1,0,102,48,29,25,102,330.09,21.98,13.23,365.3,Martes,3,134.08,111.8,211.0542857142857,33.31,57.84,28.881428571428575,21.05,9.65,19.525714285714287
2018-03-21,2,0,103,48,29,26,103,182.23,12.38,10.34,204.95,Miercoles,3,330.09,218.67,205.84857142857143,21.98,42.99,24.50857142857143,13.23,11.03,19.427142857142858
2018-03-22,3,0,103,50,29,24,103,171.55,9.81,14.05,195.41000000000005,Jueves,3,182.23,165.9,206.65571428571428,12.38,31.09,21.46857142857143,10.34,17.28,18.965714285714284
2018-03-23,4,0,102,49,29,24,102,228.32,24.4,24.12,276.84,Viernes,3,171.55,198.79,210.87428571428572,9.81,20.38,22.042857142857144,14.05,17.44,19.919999999999998
2018-03-24,5,1,104,50,27,27,73,195.23,19.46,37.56,252.25,Sabado,3,228.32,324.69,192.37999999999997,24.4,29.75,20.572857142857142,24.12,20.19,22.40142857142857
2018-03-25,6,1,100,47,28,25,71,225.27,24.11,20.04,269.42,Domingo,3,195.23,105.16,209.53857142857143,19.46,22.67,20.778571428571432,37.56,36.46,20.055714285714284
2018-03-26,0,0,100,49,25,26,100,186.51,43.11,25.62,255.24,Lunes,3,225.27,134.08,217.02857142857144,24.11,33.31,22.178571428571427,20.04,21.05,20.708571428571428
2018-03-27,1,0,102,50,26,26,102,189.91,40.08,21.83,251.82,Martes,3,186.51,330.09,197.00285714285715,43.11,21.98,24.764285714285712,25.62,13.23,21.937142857142856
2018-03-28,2,0,106,54,25,27,106,80.8,62.6325,29.76,177.79,Miercoles,3,189.91,182.23,182.51285714285714,40.08,12.38,31.943214285714284,21.83,10.34,24.711428571428574
2018-03-29,3,0,106,55,24,27,106,200.64,15.47,37.11,253.22,Jueves,3,80.8,171.55,186.66857142857143,62.6325,9.81,32.75178571428571,29.76,14.05,28.005714285714284
2018-03-30,4,0,106,54,25,27,106,299.21,62.6325,28.72,424.87,Viernes,3,200.64,228.32,196.79571428571427,15.47,24.4,38.21357142857143,37.11,24.12,28.662857142857142
2018-03-31,5,1,105,53,25,27,79,264.09,21.93,48.0,334.02,Sabado,3,299.21,195.23,206.63285714285715,62.6325,19.46,38.566428571428574,28.72,37.56,30.154285714285713
2018-04-01,6,1,103,53,23,27,73,182.08,49.78,36.84,268.70000000000005,Domingo,4,264.09,225.27,200.4628571428571,21.93,24.11,42.23357142857143,48.0,20.04,32.55428571428571
2018-04-02,0,0,104,52,25,27,104,210.38,62.6325,30.92,331.02000000000004,Lunes,4,182.08,186.51,203.87285714285713,49.78,43.11,45.0225,36.84,25.62,33.31142857142857
2018-04-03,1,0,105,52,26,27,105,266.94,30.1,4.78,301.82,Martes,4,210.38,189.91,214.87714285714284,62.6325,40.08,43.596785714285716,30.92,21.83,30.875714285714285
2018-04-04,2,0,105,51,28,26,105,203.18,25.64,30.97,259.79,Miercoles,4,266.94,80.8,232.35999999999999,30.1,62.6325,38.31214285714286,4.78,29.76,31.04857142857143
2018-04-05,3,0,104,50,29,25,104,272.45,49.26,31.1,352.81,Jueves,4,203.18,200.64,242.6185714285714,25.64,15.47,43.13928571428572,30.97,37.11,30.19
2018-04-06,4,0,106,49,30,27,106,239.96,41.72,19.3,300.98,Viernes,4,272.45,299.21,234.1542857142857,49.26,62.6325,40.151785714285715,31.1,28.72,28.844285714285714
2018-04-07,5,1,106,50,30,26,75,201.3,11.83,57.64375,296.61,Sabado,4,239.96,264.09,225.18428571428572,41.72,21.93,38.708928571428565,19.3,48.0,30.221964285714286
2018-04-08,6,1,106,52,28,26,77,0.46,0.0,0.38,0.8400000000000001,Domingo,4,201.3,182.08,199.23857142857145,11.83,49.78,31.5975,57.64375,36.84,25.013392857142858
2018-04-09,0,0,106,53,27,26,106,180.98,17.53,26.24,224.75,Lunes,4,0.46,210.38,195.03857142857143,0.0,62.6325,25.154285714285717,0.38,30.92,24.34482142857143
2018-04-10,1,0,105,53,26,26,105,270.29,53.58,10.46,334.33,Martes,4,180.98,266.94,195.51714285714283,17.53,30.1,28.50857142857143,26.24,4.78,25.15625
2018-04-11,2,0,105,54,24,27,105,195.52,36.11,36.48,268.11,Miercoles,4,270.29,203.18,194.42285714285714,53.58,25.64,30.004285714285714,10.46,30.97,25.943392857142857
2018-04-12,3,0,104,53,23,28,104,120.84,26.04,27.93,174.81,Jueves,4,195.52,272.45,172.7642857142857,36.11,49.26,26.687142857142856,36.48,31.1,25.49053571428571
2018-04-13,4,0,103,52,24,27,103,156.99,35.0,23.98,215.97,Viernes,4,120.84,239.96,160.9114285714286,26.04,41.72,25.72714285714286,27.93,19.3,26.159107142857145
2018-04-14,5,1,102,51,23,28,75,119.72,7.18,43.72,170.62,Sabado,4,156.99,201.3,149.25714285714284,35.0,11.83,25.062857142857144,23.98,57.64375,24.169999999999998
2018-04-15,6,1,103,51,24,28,79,104.87,14.93,41.94,161.74,Domingo,4,119.72,0.46,164.17285714285714,7.18,0.0,27.195714285714285,43.72,0.38,30.107142857142858
2018-04-16,0,0,103,49,25,29,103,274.59,30.52,10.43,315.54,Lunes,4,104.87,180.98,177.54571428571427,14.93,17.53,29.05142857142857,41.94,26.24,27.84857142857143
2018-04-17,1,0,103,49,25,29,103,110.95,29.84,19.14,159.93,Martes,4,274.59,270.29,154.78285714285715,30.52,53.58,25.66,10.43,10.46,29.08857142857143
2018-04-18,2,0,106,50,26,30,106,177.51,15.68,29.84,223.03,Miercoles,4,110.95,195.52,152.21,29.84,36.11,22.74142857142857,19.14,36.48,28.139999999999997
2018-04-19,3,0,104,50,24,30,104,215.47,8.11,29.52,253.1,Jueves,4,177.51,120.84,165.72857142857143,15.68,26.04,20.18,29.84,27.93,28.36714285714286
2018-04-20,4,0,103,52,22,29,103,102.31,29.57,28.02,159.9,Viernes,4,215.47,156.99,157.91714285714284,8.11,35.0,19.404285714285713,29.52,23.98,28.944285714285712
2018-04-21,5,1,101,50,24,27,72,192.52,18.31,20.32,231.15,Sabado,4,102.31,119.72,168.31714285714284,29.57,7.18,20.994285714285713,28.02,43.72,25.601428571428574
2018-04-22,6,1,102,53,22,27,69,192.9,17.41,32.12,242.43,Domingo,4,192.52,104.87,180.89285714285714,18.31,14.93,21.34857142857143,20.32,41.94,24.198571428571427
2018-04-23,0,0,102,52,22,28,102,103.27,17.8,39.05,160.12,Lunes,4,192.9,274.59,156.41857142857143,17.41,30.52,19.53142857142857,32.12,10.43,28.287142857142857
2018-04-24,1,0,102,52,22,28,102,137.37,23.96,33.81,195.14,Martes,4,103.27,110.95,160.19285714285712,17.8,29.84,18.69142857142857,39.05,19.14,30.382857142857144
2018-04-25,2,0,101,51,23,27,101,123.72,25.18,47.29,196.19,Miercoles,4,137.37,177.51,152.50857142857143,23.96,15.68,20.048571428571428,33.81,29.84,32.87571428571429
2018-04-26,3,0,102,52,24,26,102,122.34,22.74,27.27,172.35000000000002,Jueves,4,123.72,215.47,139.20428571428573,25.18,8.11,22.138571428571428,47.29,29.52,32.55428571428571
2018-04-27,4,0,101,52,22,27,101,291.1,32.22,35.56,358.88000000000005,Viernes,4,122.34,102.31,166.17428571428573,22.74,29.57,22.517142857142858,27.27,28.02,33.63142857142857
2018-04-28,5,1,102,51,23,28,71,130.33,28.67,52.54,211.54,Sabado,4,291.1,192.52,157.29,32.22,18.31,23.997142857142855,35.56,20.32,38.23428571428571
2018-04-29,6,1,103,52,23,28,75,70.34,14.25,41.09,125.68,Domingo,4,130.33,192.9,139.78142857142856,28.67,17.41,23.545714285714286,52.54,32.12,39.51571428571429
2018-04-30,0,0,102,49,28,25,102,96.66,35.87,25.33,157.86,Lunes,4,70.34,103.27,138.83714285714288,14.25,17.8,26.127142857142854,41.09,39.05,37.55571428571428
2018-05-01,1,0,103,50,28,25,103,44.36,1.0,11.85,57.21,Martes,5,96.66,137.37,125.55,35.87,23.96,22.84714285714286,25.33,33.81,34.41857142857143
2018-05-02,2,0,103,51,28,24,103,262.25,20.6,28.68,311.53000000000003,Miercoles,5,44.36,123.72,145.34,1.0,25.18,22.192857142857143,11.85,47.29,31.76
2018-05-03,3,0,101,50,27,24,101,184.86,28.78,11.37,225.01,Jueves,5,262.25,122.34,154.27142857142857,20.6,22.74,23.055714285714284,28.68,27.27,29.48857142857143
2018-05-04,4,0,100,50,26,24,100,56.17,18.37,4.54,79.08000000000001,Viernes,5,184.86,291.1,120.71000000000001,28.78,32.22,21.077142857142857,11.37,35.56,25.057142857142857
2018-05-05,5,1,99,48,26,25,74,118.36,23.28,45.17,186.81,Sabado,5,56.17,130.33,119.0,18.37,28.67,20.307142857142857,4.54,52.54,24.004285714285714
2018-05-06,6,1,98,49,25,24,66,78.74,24.78,16.14,119.66,Domingo,5,118.36,70.34,120.20000000000002,23.28,14.25,21.81142857142857,45.17,41.09,20.44
2018-05-07,0,0,98,48,25,25,98,146.34,36.68,48.12,231.14,Lunes,5,78.74,96.66,127.29714285714284,24.78,35.87,21.927142857142858,16.14,25.33,23.695714285714285
2018-05-08,1,0,99,49,25,25,99,99.93,38.33,52.52,190.78,Martes,5,146.34,44.36,135.2357142857143,36.68,1.0,27.259999999999998,48.12,11.85,29.505714285714284
2018-05-09,2,0,101,47,28,26,101,161.62,24.62,47.72,233.96,Miercoles,5,99.93,262.25,120.86000000000001,38.33,20.6,27.834285714285716,52.52,28.68,32.22571428571428
2018-05-10,3,0,102,46,29,27,102,264.31,38.57,46.96,349.84,Jueves,5,161.62,184.86,132.21,24.62,28.78,29.232857142857142,47.72,11.37,37.309999999999995
2018-05-11,4,0,103,49,27,27,103,133.8,21.19,50.4,205.39,Viernes,5,264.31,56.17,143.3,38.57,18.37,29.63571428571429,46.96,4.54,43.861428571428576
2018-05-12,5,1,104,49,28,27,73,131.03,29.02,7.08,167.13000000000002,Sabado,5,133.8,118.36,145.10999999999999,21.19,23.28,30.455714285714286,50.4,45.17,38.42
2018-05-13,6,1,102,50,27,25,69,68.88,6.62,26.39,101.89,Domingo,5,131.03,78.74,143.70142857142858,29.02,24.78,27.861428571428572,7.08,16.14,39.88428571428572
2018-05-14,0,0,102,50,26,26,102,137.11,10.8,31.8,179.71000000000004,Lunes,5,68.88,146.34,142.38285714285715,6.62,36.68,24.164285714285715,26.39,48.12,37.55285714285714
2018-05-15,1,0,102,47,29,26,102,98.84,33.56,20.6,153.0,Martes,5,137.11,99.93,142.22714285714287,10.8,38.33,23.482857142857142,31.8,52.52,32.99285714285715
2018-05-16,2,0,103,48,30,25,103,92.92,25.87,19.52,138.31,Miercoles,5,98.84,161.62,132.41285714285715,33.56,24.62,23.661428571428576,20.6,47.72,28.964285714285715
2018-05-17,3,0,104,48,32,24,104,109.91,33.25,9.44,152.6,Jueves,5,92.92,264.31,110.35571428571428,25.87,38.57,22.90142857142857,19.52,46.96,23.604285714285712
2018-05-18,4,0,105,49,33,23,105,210.79,36.03,10.18,257.0,Viernes,5,109.91,133.8,121.35428571428572,33.25,21.19,25.021428571428572,9.44,50.4,17.858571428571427
2018-05-19,5,1,106,49,33,24,78,95.97,22.26,11.45,129.68,Sabado,5,210.79,131.03,116.3457142857143,36.03,29.02,24.055714285714284,10.18,7.08,18.482857142857142
2018-05-20,6,1,105,48,33,24,82,248.18,18.17,32.97,299.32000000000005,Domingo,5,95.97,68.88,141.96,22.26,6.62,25.705714285714286,11.45,26.39,19.422857142857143
2018-05-21,0,0,105,51,31,23,105,101.98,56.79,56.1,214.87,Lunes,5,248.18,137.11,136.9414285714286,18.17,10.8,32.27571428571429,32.97,31.8,22.89428571428571
2018-05-22,1,0,104,49,31,24,104,57.03,21.74,17.7,96.47,Martes,5,101.98,98.84,130.96857142857144,56.79,33.56,30.587142857142858,56.1,20.6,22.48
2018-05-23,2,0,104,47,33,24,104,77.3,23.94,7.16,108.4,Miercoles,5,57.03,92.92,128.73714285714286,21.74,25.87,30.31142857142857,17.7,19.52,20.714285714285715
2018-05-24,3,0,104,48,32,24,104,137.54,21.22,9.57,168.32999999999998,Jueves,5,77.3,109.91,132.68428571428572,23.94,33.25,28.592857142857145,7.16,9.44,20.732857142857142
2018-05-25,4,0,102,48,31,23,102,114.77,26.84,10.45,152.05999999999997,Viernes,5,137.54,210.79,118.96714285714286,21.22,36.03,27.28,9.57,10.18,20.77142857142857
2018-05-26,5,1,103,48,32,23,77,82.13,22.26,13.8,118.19,Sabado,5,114.77,95.97,116.99,26.84,22.26,27.28,10.45,11.45,21.107142857142858
2018-05-27,6,1,105,48,34,23,78,257.27,17.22,28.57,303.06,Domingo,5,82.13,248.18,118.28857142857143,22.26,18.17,27.14428571428571,13.8,32.97,20.478571428571428
2018-05-28,0,0,105,48,34,23,105,139.43,21.98,32.35,193.76,Lunes,5,257.27,101.98,123.63857142857144,17.22,56.79,22.17142857142857,28.57,56.1,17.085714285714285
2018-05-29,1,0,105,50,32,23,105,149.87,22.28,41.04,213.19,Martes,5,139.43,57.03,136.90142857142857,21.98,21.74,22.248571428571427,32.35,17.7,20.419999999999998
2018-05-30,2,0,102,46,33,23,102,113.19,27.67,19.47,160.33,Miercoles,5,149.87,77.3,142.0285714285714,22.28,23.94,22.78142857142857,41.04,7.16,22.178571428571427
2018-05-31,3,0,102,48,30,24,102,80.51,28.73,17.32,126.56,Jueves,5,113.19,137.54,133.88142857142856,27.67,21.22,23.854285714285712,19.47,9.57,23.285714285714285
2018-06-01,4,0,103,50,28,25,103,204.27,27.66,57.64375,292.75,Viernes,6,80.51,114.77,146.66714285714286,28.73,26.84,23.971428571428568,17.32,10.45,30.02767857142857
2018-06-02,5,1,103,49,28,26,77,120.65,24.7,41.85,187.2,Sabado,6,204.27,82.13,152.17000000000002,27.66,22.26,24.32,57.64375,13.8,34.034821428571426
2018-06-03,6,1,102,47,30,25,75,113.97,23.8,24.74,162.51000000000002,Domingo,6,120.65,257.27,131.69857142857146,24.7,17.22,25.259999999999998,41.85,28.57,33.48767857142857
2018-06-04,0,0,102,48,28,26,102,128.98,8.66,17.0,154.64,Lunes,6,113.97,139.43,130.20571428571427,23.8,21.98,23.357142857142858,24.74,32.35,31.294821428571428
2018-06-05,1,0,101,47,28,26,101,133.6,21.24,22.81,177.65,Martes,6,128.98,149.87,127.88142857142857,8.66,22.28,23.208571428571428,17.0,41.04,28.690535714285716
2018-06-06,2,0,102,49,27,26,102,117.14,49.29,29.76,196.19,Miercoles,6,133.6,113.19,128.44571428571427,21.24,27.67,26.297142857142855,22.81,19.47,30.160535714285714
2018-06-07,3,0,102,47,28,27,102,125.75,33.71,11.04,170.5,Jueves,6,117.14,80.51,134.90857142857143,49.29,28.73,27.00857142857143,29.76,17.32,29.263392857142854
2018-06-08,4,0,101,46,28,27,101,61.89,17.58,21.62,101.09,Viernes,6,125.75,204.27,114.56857142857142,33.71,27.66,25.56857142857143,11.04,57.64375,24.117142857142856
2018-06-09,5,1,102,48,28,26,73,104.37,31.72,41.92,178.01,Sabado,6,61.89,120.65,112.24285714285713,17.58,24.7,26.571428571428573,21.62,41.85,24.12714285714286
2018-06-10,6,1,102,48,28,26,73,164.49,19.66,13.65,197.8,Domingo,6,104.37,113.97,119.46000000000001,31.72,23.8,25.98,41.92,24.74,22.542857142857144
2018-06-11,0,0,104,49,28,27,104,116.11,53.34,43.57,213.02,Lunes,6,164.49,128.98,117.62142857142858,19.66,8.66,32.362857142857145,13.65,17.0,26.33857142857143
2018-06-12,1,0,105,50,29,26,105,125.96,9.61,12.38,147.95,Martes,6,116.11,133.6,116.53,53.34,21.24,30.701428571428576,43.57,22.81,24.84857142857143
2018-06-13,2,0,103,46,30,27,103,153.64,4.35,57.64375,222.04,Miercoles,6,125.96,117.14,121.74428571428572,9.61,49.29,24.28142857142857,12.38,29.76,28.83196428571429
2018-06-14,3,0,103,47,31,25,103,149.02,34.54,1.06,184.62,Jueves,6,153.64,125.75,125.06857142857143,4.35,33.71,24.400000000000002,57.64375,11.04,27.40625
2018-06-15,4,0,101,46,31,24,101,75.07,30.77,4.88,110.71999999999998,Viernes,6,149.02,61.89,126.95142857142858,34.54,17.58,26.284285714285716,1.06,21.62,25.01482142857143
2018-06-16,5,1,101,46,31,24,71,51.69,14.91,15.27,81.86999999999999,Sabado,6,75.07,104.37,119.42571428571429,30.77,31.72,23.882857142857144,4.88,41.92,21.20767857142857
2018-06-17,6,1,102,47,32,23,73,115.18,29.75,20.95,165.88,Domingo,6,51.69,164.49,112.38142857142859,14.91,19.66,25.324285714285715,15.27,13.65,22.25053571428571
2018-06-18,0,0,102,45,34,23,102,94.16,13.66,20.49,128.31,Lunes,6,115.18,116.11,109.24571428571429,29.75,53.34,19.655714285714286,20.95,43.57,18.953392857142855
2018-06-19,1,0,105,47,34,24,105,160.21,27.94,19.13,207.28,Martes,6,94.16,125.96,114.13857142857144,13.66,9.61,22.274285714285718,20.49,12.38,19.91767857142857
2018-06-20,2,0,101,45,31,25,101,100.69,25.73,18.58,145.0,Miercoles,6,160.21,153.64,106.57428571428571,27.94,4.35,25.32857142857143,19.13,57.64375,14.337142857142855
2018-06-21,3,0,101,45,32,24,101,241.68,16.6,16.46,274.74,Jueves,6,100.69,149.02,119.81142857142858,25.73,34.54,22.765714285714285,18.58,1.06,16.537142857142857
2018-06-22,4,0,101,45,32,24,101,82.6,10.17,23.42,116.19,Viernes,6,241.68,75.07,120.88714285714286,16.6,30.77,19.822857142857146,16.46,4.88,19.185714285714287
2018-06-23,5,1,101,46,32,23,68,63.95,19.86,23.61,107.42,Sabado,6,82.6,51.69,122.63857142857144,10.17,14.91,20.53,23.42,15.27,20.377142857142854
2018-06-24,6,1,101,45,34,22,73,141.82,28.22,7.51,177.54999999999998,Domingo,6,63.95,115.18,126.4442857142857,19.86,29.75,20.31142857142857,23.61,20.95,18.457142857142856
2018-06-25,0,0,102,44,34,24,102,210.09,40.48,14.93,265.5,Lunes,6,141.82,94.16,143.00571428571428,28.22,13.66,24.142857142857142,7.51,20.49,17.662857142857142
2018-06-26,1,0,103,45,35,23,103,103.15,19.19,47.0,169.34,Martes,6,210.09,160.21,134.8542857142857,40.48,27.94,22.892857142857142,14.93,19.13,21.64428571428571
2018-06-27,2,0,106,48,35,23,106,81.59,32.82,8.74,123.15,Miercoles,6,103.15,100.69,132.12571428571428,19.19,25.73,23.905714285714282,47.0,18.58,20.23857142857143
2018-06-28,3,0,106,49,35,22,106,70.32,41.23,13.52,125.06999999999998,Jueves,6,81.59,241.68,107.6457142857143,32.82,16.6,27.424285714285713,8.74,16.46,19.818571428571428
2018-06-29,4,0,104,45,36,23,104,70.06,26.0,3.84,99.9,Viernes,6,70.32,82.6,105.85428571428572,41.23,10.17,29.685714285714283,13.52,23.42,17.02142857142857
2018-06-30,5,1,105,49,33,23,73,124.12,29.52,30.74,184.38,Sabado,6,70.06,63.95,114.45,26.0,19.86,31.065714285714282,3.84,23.61,18.04
2018-07-01,6,1,104,46,35,23,74,107.82,22.18,9.5,139.5,Domingo,7,124.12,141.82,109.59285714285714,29.52,28.22,30.20285714285714,30.74,7.51,18.32428571428571
2018-07-02,0,0,103,44,35,24,103,168.67,59.6,15.97,244.24,Lunes,7,107.82,210.09,103.67571428571429,22.18,40.48,32.934285714285714,9.5,14.93,18.472857142857144
2018-07-03,1,0,102,42,36,24,102,91.34,29.12,29.98,150.44,Martes,7,168.67,103.15,101.98857142857142,59.6,19.19,34.35285714285714,15.97,47.0,16.041428571428572
2018-07-04,2,0,101,42,35,24,101,111.61,20.92,4.88,137.41,Miercoles,7,91.34,81.59,106.27714285714286,29.12,32.82,32.652857142857144,29.98,8.74,15.49
2018-07-05,3,0,101,43,34,24,101,100.96,17.82,20.19,138.97,Jueves,7,111.61,70.32,110.6542857142857,20.92,41.23,29.30857142857143,4.88,13.52,16.442857142857143
2018-07-06,4,0,101,43,36,22,101,132.52,49.49,9.02,191.03000000000003,Viernes,7,100.96,70.06,119.57714285714285,17.82,26.0,32.66428571428572,20.19,3.84,17.18285714285714
2018-07-07,5,1,102,42,38,22,73,92.67,41.83,27.0,161.5,Sabado,7,132.52,124.12,115.08428571428571,49.49,29.52,34.42285714285715,9.02,30.74,16.648571428571426
2018-07-08,6,1,101,40,37,24,78,143.37,30.9,34.69,208.96,Domingo,7,92.67,107.82,120.16285714285713,41.83,22.18,35.66857142857143,27.0,9.5,20.247142857142855
2018-07-09,0,0,102,41,38,23,102,212.06,41.93,14.84,268.83,Lunes,7,143.37,168.67,126.36142857142856,30.9,59.6,33.144285714285715,34.69,15.97,20.085714285714285
2018-07-10,1,0,101,41,37,23,101,229.35,31.09,27.21,287.65,Martes,7,212.06,91.34,146.07714285714286,41.93,29.12,33.425714285714285,14.84,29.98,19.69
2018-07-11,2,0,100,42,34,24,100,197.76,42.31,47.43,287.5,Miercoles,7,229.35,111.61,158.3842857142857,31.09,20.92,36.48142857142857,27.21,4.88,25.768571428571427
2018-07-12,3,0,98,41,33,24,98,159.45,36.71,13.42,209.58,Jueves,7,197.76,100.96,166.74,42.31,17.82,39.18,47.43,20.19,24.801428571428573
2018-07-13,4,0,100,42,35,23,100,148.03,16.45,6.98,171.45999999999998,Viernes,7,159.45,132.52,168.9557142857143,36.71,49.49,34.46,13.42,9.02,24.509999999999998
2018-07-14,5,1,103,45,36,22,76,133.9,21.48,0.0,155.38,Sabado,7,148.03,92.67,174.8457142857143,16.45,41.83,31.552857142857142,6.98,27.0,20.65285714285714
2018-07-15,6,1,100,46,32,22,74,112.78,11.13,44.37,168.28,Domingo,7,133.9,143.37,170.4757142857143,21.48,30.9,28.72857142857143,0.0,34.69,22.035714285714285
2018-07-16,0,0,99,47,30,22,99,145.77,23.36,40.38,209.51,Lunes,7,112.78,212.06,161.00571428571428,11.13,41.93,26.075714285714287,44.37,14.84,25.684285714285714
2018-07-17,1,0,99,46,31,22,99,194.91,39.66,10.44,245.01,Martes,7,145.77,229.35,156.08571428571426,23.36,31.09,27.3,40.38,27.21,23.288571428571426
2018-07-18,2,0,100,45,33,22,100,63.72,52.9,11.47,128.09,Miercoles,7,194.91,197.76,136.93714285714287,39.66,42.31,28.812857142857144,10.44,47.43,18.15142857142857
2018-07-19,3,0,100,47,31,22,100,108.16,43.28,29.71,181.15,Jueves,7,63.72,159.45,129.60999999999999,52.9,36.71,29.75142857142857,11.47,13.42,20.478571428571428
2018-07-20,4,0,102,49,31,22,102,239.24,5.16,21.95,266.35,Viernes,7,108.16,148.03,142.64000000000001,43.28,16.45,28.138571428571428,29.71,6.98,22.617142857142856
2018-07-21,5,1,102,48,31,23,76,110.7,18.08,18.88,147.66,Sabado,7,239.24,133.9,139.3257142857143,5.16,21.48,27.652857142857147,21.95,0.0,25.314285714285717
2018-07-22,6,1,101,47,32,22,77,158.04,12.97,15.83,186.84,Domingo,7,110.7,112.78,145.79142857142855,18.08,11.13,27.915714285714284,18.88,44.37,21.237142857142857
2018-07-23,0,0,101,48,30,23,101,82.03,46.34,39.52,167.89,Lunes,7,158.04,145.77,136.68571428571428,12.97,23.36,31.19857142857143,15.83,40.38,21.114285714285717
2018-07-24,1,0,101,49,31,21,101,150.13,13.07,40.73,203.93,Martes,7,82.03,194.91,130.28857142857143,46.34,39.66,27.400000000000002,39.52,10.44,25.44142857142857
2018-07-25,2,0,102,47,32,23,102,110.21,19.73,23.31,153.25,Miercoles,7,150.13,63.72,136.93,13.07,52.9,22.66142857142857,40.73,11.47,27.132857142857144
2018-07-26,3,0,102,47,32,23,102,165.4,12.61,20.36,198.37,Jueves,7,110.21,108.16,145.10714285714286,19.73,43.28,18.28,23.31,29.71,25.79714285714286
2018-07-27,4,0,102,45,33,24,102,132.11,35.56,11.11,178.78000000000003,Viernes,7,165.4,239.24,129.80285714285714,12.61,5.16,22.622857142857146,20.36,21.95,24.248571428571427
2018-07-28,5,1,103,45,36,22,72,118.85,27.01,26.21,172.07,Sabado,7,132.11,110.7,130.96714285714285,35.56,18.08,23.898571428571426,11.11,18.88,25.295714285714286
2018-07-29,6,1,103,44,37,22,77,47.02,22.1,15.19,84.31,Domingo,7,118.85,158.04,115.10714285714286,27.01,12.97,25.202857142857145,26.21,15.83,25.204285714285714
2018-07-30,0,0,104,44,34,26,104,179.59,29.02,15.63,224.24,Lunes,7,47.02,82.03,129.04428571428573,22.1,46.34,22.728571428571428,15.19,39.52,21.791428571428572
2018-07-31,1,0,105,47,31,27,105,95.67,15.86,39.22,150.75,Martes,7,179.59,150.13,121.26428571428572,29.02,13.07,23.12714285714286,15.63,40.73,21.575714285714287
2018-08-01,2,0,105,48,30,27,105,96.2,28.02,5.68,129.9,Miercoles,8,95.67,110.21,119.26285714285714,15.86,19.73,24.31142857142857,39.22,23.31,19.057142857142857
2018-08-02,3,0,104,48,29,27,104,76.47,32.69,0.0,109.16,Jueves,8,96.2,165.4,106.55857142857144,28.02,12.61,27.18,5.68,20.36,16.148571428571426
2018-08-03,4,0,106,49,29,28,106,148.55,27.79,22.62,198.96,Viernes,8,76.47,132.11,108.90714285714286,32.69,35.56,26.07,0.0,11.11,17.79285714285714
2018-08-04,5,1,106,51,27,28,81,43.44,31.21,27.97,102.62,Sabado,8,148.55,118.85,98.13428571428572,27.79,27.01,26.669999999999998,22.62,26.21,18.044285714285714
2018-08-05,6,1,105,50,26,29,74,66.8,11.22,33.35,111.37,Domingo,8,43.44,47.02,100.96000000000001,31.21,22.1,25.115714285714287,27.97,15.19,20.638571428571428
2018-08-06,0,0,103,49,24,30,103,148.66,21.25,50.73,220.64,Lunes,8,66.8,179.59,96.54142857142857,11.22,29.02,24.005714285714287,33.35,15.63,25.65285714285714
2018-08-07,1,0,104,49,22,33,104,102.04,21.06,14.93,138.03,Martes,8,148.66,95.67,97.45142857142856,21.25,15.86,24.748571428571427,50.73,39.22,22.18285714285714
2018-08-08,2,0,104,46,24,34,104,69.45,42.94,29.15,141.54,Miercoles,8,102.04,96.2,93.63,21.06,28.02,26.880000000000003,14.93,5.68,25.535714285714285
2018-08-09,3,0,104,44,25,35,104,202.96,43.04,18.7,264.7,Jueves,8,69.45,76.47,111.70000000000002,42.94,32.69,28.35857142857143,29.15,0.0,28.207142857142856
2018-08-10,4,0,103,43,24,36,103,129.34,14.44,42.81,186.59,Viernes,8,202.96,148.55,108.9557142857143,43.04,27.79,26.451428571428572,18.7,22.62,31.09142857142857
2018-08-11,5,1,102,43,23,36,79,194.38,50.2,29.18,273.76,Sabado,8,129.34,43.44,130.51857142857142,14.44,31.21,29.16428571428571,42.81,27.97,31.264285714285712
2018-08-12,6,1,102,44,22,36,81,87.23,17.87,57.64375,183.31,Domingo,8,194.38,66.8,133.43714285714285,50.2,11.22,30.11428571428571,29.18,33.35,34.73482142857143
2018-08-13,0,0,103,45,24,34,103,161.65,48.11,22.19,231.95,Lunes,8,87.23,148.66,135.29285714285714,17.87,21.25,33.95142857142857,57.64375,50.73,30.65767857142857
2018-08-14,1,0,102,46,24,32,102,77.71,27.21,8.52,113.43999999999998,Martes,8,161.65,102.04,131.81714285714287,48.11,21.06,34.83,22.19,14.93,29.741964285714285
2018-08-15,2,0,103,47,24,32,103,218.32,42.08,53.3,313.7,Miercoles,8,77.71,69.45,153.0842857142857,27.21,42.94,34.70714285714286,8.52,29.15,33.191964285714285
2018-08-16,3,0,103,47,24,32,103,191.9,18.82,21.39,232.11,Jueves,8,218.32,202.96,151.50428571428571,42.08,43.04,31.247142857142855,53.3,18.7,33.57625
2018-08-17,4,0,102,47,22,33,102,157.85,16.14,15.85,189.84,Viernes,8,191.9,129.34,155.57714285714286,18.82,14.44,31.490000000000002,21.39,42.81,29.724821428571428
2018-08-18,5,1,102,45,24,33,74,160.31,15.85,41.41,217.57,Sabado,8,157.85,194.38,150.70999999999998,16.14,50.2,26.582857142857144,15.85,29.18,31.471964285714282
2018-08-19,6,1,103,47,22,34,80,108.14,10.31,43.01,161.46,Domingo,8,160.31,87.23,153.69714285714286,15.85,17.87,25.502857142857145,41.41,57.64375,29.381428571428575
2018-08-20,0,0,104,47,23,34,104,147.67,20.64,27.43,195.74,Lunes,8,108.14,161.65,151.7,10.31,48.11,21.57857142857143,43.01,22.19,30.13
2018-08-21,1,0,103,46,24,33,103,179.75,13.67,15.47,208.89,Martes,8,147.67,77.71,166.27714285714288,20.64,27.21,19.64428571428572,27.43,8.52,31.12285714285714
2018-08-22,2,0,104,48,24,32,104,123.2,12.48,31.59,167.27,Miercoles,8,179.75,218.32,152.68857142857146,13.67,42.08,15.415714285714285,15.47,53.3,28.021428571428572
2018-08-23,3,0,102,47,24,31,102,236.22,24.04,30.88,291.14,Jueves,8,123.2,191.9,159.01999999999998,12.48,18.82,16.16142857142857,31.59,21.39,29.377142857142854
2018-08-24,4,0,103,48,25,30,103,262.51,21.36,23.72,307.59000000000003,Viernes,8,236.22,157.85,173.9714285714286,24.04,16.14,16.907142857142855,30.88,15.85,30.50142857142857
2018-08-25,5,1,103,47,26,30,77,138.9,11.65,22.03,172.58,Sabado,8,262.51,160.31,170.91285714285715,21.36,15.85,16.307142857142857,23.72,41.41,27.732857142857142
2018-08-26,6,1,103,46,28,29,78,300.35,31.56,57.64375,396.79,Domingo,8,138.9,108.14,198.37142857142857,11.65,10.31,19.342857142857145,22.03,43.01,29.82339285714286
2018-08-27,0,0,104,46,29,29,104,107.6,19.94,18.61,146.14999999999998,Lunes,8,300.35,147.67,192.64714285714285,31.56,20.64,19.242857142857144,57.64375,27.43,28.563392857142862
2018-08-28,1,0,105,46,29,30,105,187.09,21.74,12.5,221.33,Martes,8,107.6,179.75,193.69571428571427,19.94,13.67,20.395714285714288,18.61,15.47,28.139107142857142
2018-08-29,2,0,103,44,29,30,103,193.6,32.72,40.46,266.78,Miercoles,8,187.09,123.2,203.75285714285715,21.74,12.48,23.28714285714286,12.5,31.59,29.40625
2018-08-30,3,0,103,44,31,28,103,263.74,23.24,12.56,299.54,Jueves,8,193.6,236.22,207.68428571428572,32.72,24.04,23.17285714285714,40.46,30.88,26.789107142857144
2018-08-31,4,0,103,43,33,27,103,117.49,42.86,23.76,184.11,Viernes,8,263.74,262.51,186.96714285714282,23.24,21.36,26.244285714285716,12.56,23.72,26.79482142857143
2018-09-01,5,1,103,44,35,24,78,98.52,18.03,11.27,127.82,Sabado,9,117.49,138.9,181.1985714285714,42.86,11.65,27.155714285714286,23.76,22.03,25.257678571428574
2018-09-02,6,1,101,44,31,26,76,95.95,15.53,34.13,145.61,Domingo,9,98.52,300.35,151.99857142857144,18.03,31.56,24.865714285714287,11.27,57.64375,21.898571428571433
2018-09-03,0,0,100,42,32,26,100,182.17,40.06,5.79,228.02,Lunes,9,95.95,107.6,162.65142857142857,15.53,19.94,27.740000000000002,34.13,18.61,20.06714285714286
2018-09-04,1,0,100,42,31,27,100,147.42,22.35,21.89,191.66,Martes,9,182.17,187.09,156.98428571428573,40.06,21.74,27.827142857142857,5.79,12.5,21.40857142857143
2018-09-05,2,0,99,43,29,27,99,183.63,33.97,35.41,253.01,Miercoles,9,147.42,193.6,155.56,22.35,32.72,28.005714285714284,21.89,40.46,20.687142857142856
2018-09-06,3,0,101,43,31,27,101,123.27,42.71,34.93,200.91,Jueves,9,183.63,263.74,135.49285714285713,33.97,23.24,30.78714285714286,35.41,12.56,23.882857142857144
2018-09-07,4,0,102,44,31,27,102,289.13,20.27,10.77,320.17,Viernes,9,123.27,117.49,160.01285714285714,42.71,42.86,27.560000000000002,34.93,23.76,22.027142857142856
2018-09-08,5,1,102,44,32,26,72,169.28,36.93,51.91,258.12,Sabado,9,289.13,98.52,170.12142857142857,20.27,18.03,30.259999999999998,10.77,11.27,27.83285714285714
2018-09-09,6,1,100,43,32,25,74,244.05,6.07,19.41,269.53000000000003,Domingo,9,169.28,95.95,191.27857142857144,36.93,15.53,28.90857142857143,51.91,34.13,25.729999999999997
2018-09-10,0,0,101,43,33,25,101,333.62,45.47,35.01,414.1,Lunes,9,244.05,182.17,212.91428571428574,6.07,40.06,29.681428571428572,19.41,5.79,29.904285714285713
2018-09-11,1,0,101,42,35,24,101,346.46,49.77,42.56,438.79,Martes,9,333.62,147.42,241.34857142857143,45.47,22.35,33.598571428571425,35.01,21.89,32.857142857142854
2018-09-12,2,0,101,39,37,25,101,240.07,62.26,19.53,321.86,Miercoles,9,346.46,183.63,249.41142857142856,49.77,33.97,37.64,42.56,35.41,30.58857142857143
2018-09-13,3,0,100,38,39,23,100,137.81,16.74,12.99,167.54000000000002,Jueves,9,240.07,123.27,251.48857142857142,62.26,42.71,33.93,19.53,34.93,27.45428571428571
2018-09-14,4,0,100,39,37,24,100,360.69,24.45,38.13,423.27,Viernes,9,137.81,289.13,261.7114285714286,16.74,20.27,34.527142857142856,12.99,10.77,31.362857142857145
2018-09-15,5,1,100,40,35,25,77,103.69,18.95,29.74,152.38,Sabado,9,360.69,169.28,252.3414285714286,24.45,36.93,31.958571428571425,38.13,51.91,28.195714285714285
2018-09-16,6,1,102,41,36,25,73,121.15,20.22,16.61,157.98000000000002,Domingo,9,103.69,244.05,234.7842857142857,18.95,6.07,33.98,29.74,19.41,27.79571428571429
2018-09-17,0,0,101,41,36,24,101,297.9,34.49,13.87,346.26,Lunes,9,121.15,333.62,229.68142857142857,20.22,45.47,32.41142857142857,16.61,35.01,24.775714285714283
2018-09-18,1,0,100,40,36,24,100,132.47,20.14,21.59,174.20000000000002,Martes,9,297.9,346.46,199.11142857142858,34.49,49.77,28.178571428571427,13.87,42.56,21.78
2018-09-19,2,0,101,40,37,24,101,178.36,32.51,28.64,239.51,Miercoles,9,132.47,240.07,190.29571428571427,20.14,62.26,23.928571428571427,21.59,19.53,23.081428571428575
2018-09-20,3,0,100,40,37,23,100,161.49,43.95,9.97,215.41,Jueves,9,178.36,137.81,193.67857142857142,32.51,16.74,27.815714285714286,28.64,12.99,22.650000000000002
2018-09-21,4,0,101,42,36,23,101,223.92,33.9,22.3,280.12,Viernes,9,161.49,360.69,174.14000000000001,43.95,24.45,29.165714285714284,9.97,38.13,20.388571428571428
2018-09-22,5,1,101,42,37,22,76,162.94,19.21,25.64,207.79,Sabado,9,223.92,103.69,182.6042857142857,33.9,18.95,29.202857142857145,22.3,29.74,19.802857142857142
2018-09-23,6,1,102,43,37,22,77,222.11,25.71,32.22,280.04,Domingo,9,162.94,121.15,197.02714285714288,19.21,20.22,29.98714285714286,25.64,16.61,22.032857142857146
2018-09-24,0,0,101,42,37,22,101,364.78,23.85,32.33,420.96,Lunes,9,222.11,297.9,206.58142857142857,25.71,34.49,28.467142857142857,32.22,13.87,24.669999999999998
2018-09-25,1,0,101,42,36,23,101,361.2,37.01,27.51,425.72,Martes,9,364.78,132.47,239.25714285714284,23.85,20.14,30.877142857142854,32.33,21.59,25.515714285714285
2018-09-26,2,0,101,41,37,23,101,280.77,31.71,14.21,326.68999999999994,Miercoles,9,361.2,178.36,253.88714285714286,37.01,32.51,30.762857142857143,27.51,28.64,23.454285714285714
2018-09-27,3,0,102,42,37,23,102,132.07,37.77,18.54,188.38,Jueves,9,280.77,161.49,249.68428571428572,31.71,43.95,29.880000000000003,14.21,9.97,24.678571428571427
2018-09-28,4,0,104,47,32,25,104,283.59,9.75,10.02,303.36,Viernes,9,132.07,223.92,258.2085714285714,37.77,33.9,26.43,18.54,22.3,22.924285714285713
2018-09-29,5,1,105,47,33,25,78,300.69,10.41,17.51,328.61,Sabado,9,283.59,162.94,277.8871428571428,9.75,19.21,25.172857142857143,10.02,25.64,21.76285714285714
2018-09-30,6,1,105,47,33,25,81,293.41,26.92,54.11,374.44000000000005,Domingo,9,300.69,222.11,288.0728571428571,10.41,25.71,25.345714285714283,17.51,32.22,24.890000000000004
2018-10-01,0,0,105,47,32,26,105,371.64,32.84,15.34,419.82,Lunes,10,293.41,364.78,289.05285714285714,26.92,23.85,26.63,54.11,32.33,22.462857142857143
2018-10-02,1,0,104,46,33,25,104,130.72,24.61,29.91,185.24,Martes,10,371.64,361.2,256.1271428571428,32.84,37.01,24.858571428571427,15.34,27.51,22.805714285714284
2018-10-03,2,0,105,46,33,26,105,243.65,39.22,30.57,313.44,Miercoles,10,130.72,280.77,250.8242857142857,24.61,31.71,25.93142857142857,29.91,14.21,25.142857142857142
2018-10-04,3,0,103,47,30,26,103,219.69,37.58,30.62,287.89,Jueves,10,243.65,132.07,263.3414285714286,39.22,37.77,25.904285714285717,30.57,18.54,26.868571428571432
2018-10-05,4,0,102,45,30,27,102,156.89,22.88,26.1,205.87,Viernes,10,219.69,283.59,245.24142857142857,37.58,9.75,27.779999999999998,30.62,10.02,29.165714285714284
2018-10-06,5,1,104,45,31,28,77,302.91,12.63,11.1,326.64000000000004,Sabado,10,156.89,300.69,245.55857142857144,22.88,10.41,28.097142857142853,26.1,17.51,28.25
2018-10-07,6,1,104,44,32,28,76,216.46,24.13,15.42,256.01,Domingo,10,302.91,293.41,234.56571428571428,12.63,26.92,27.698571428571427,11.1,54.11,22.722857142857144
2018-10-08,0,0,105,44,35,26,105,212.98,61.74,21.94,296.66,Lunes,10,216.46,371.64,211.90000000000003,24.13,32.84,31.827142857142857,15.42,15.34,23.66571428571429
2018-10-09,1,0,105,44,36,25,105,209.38,61.33,9.17,279.88,Martes,10,212.98,130.72,223.13714285714286,61.74,24.61,37.07285714285714,21.94,29.91,20.70285714285714
2018-10-10,2,0,105,45,34,26,105,288.69,44.44,45.97,379.1,Miercoles,10,209.38,243.65,229.57142857142858,61.33,39.22,37.818571428571424,9.17,30.57,22.90285714285714
2018-10-11,3,0,103,45,31,27,103,215.62,49.15,11.6,276.37,Jueves,10,288.69,219.69,228.98999999999998,44.44,37.58,39.471428571428575,45.97,30.62,20.185714285714283
2018-10-12,4,0,104,45,32,27,104,186.25,22.12,34.03,242.4,Viernes,10,215.62,156.89,233.18428571428572,49.15,22.88,39.362857142857145,11.6,26.1,21.318571428571428
2018-10-13,5,1,103,45,32,26,78,155.21,24.32,36.64,216.17,Sabado,10,186.25,302.91,212.0842857142857,22.12,12.63,41.03285714285715,34.03,11.1,24.967142857142857
2018-10-14,6,1,102,44,32,26,72,248.29,26.88,11.41,286.58000000000004,Domingo,10,155.21,216.46,216.6314285714286,24.32,24.13,41.425714285714285,36.64,15.42,24.39428571428572
2018-10-15,0,0,102,45,30,27,102,324.56,39.11,38.84,402.51,Lunes,10,248.29,212.98,232.57142857142858,26.88,61.74,38.19285714285714,11.41,21.94,26.80857142857143
2018-10-16,1,0,103,46,29,28,103,186.23,15.93,33.48,235.64,Martes,10,324.56,209.38,229.26428571428573,39.11,61.33,31.707142857142856,38.84,9.17,30.28142857142857
2018-10-17,2,0,103,45,29,29,103,357.47,16.9,12.0,386.37,Miercoles,10,186.23,288.69,239.09,15.93,44.44,27.77285714285714,33.48,45.97,25.428571428571427
2018-10-18,3,0,102,44,29,29,102,93.88,28.86,24.76,147.5,Jueves,10,357.47,215.62,221.69857142857146,16.9,49.15,24.874285714285712,12.0,11.6,27.308571428571433
2018-10-19,4,0,102,43,29,30,102,68.49,17.76,24.1,110.35,Viernes,10,93.88,186.25,204.87571428571428,28.86,22.12,24.251428571428573,24.76,34.03,25.890000000000004
2018-10-20,5,1,103,44,27,32,80,175.07,26.51,14.86,216.44,Sabado,10,68.49,155.21,207.71285714285713,17.76,24.32,24.564285714285713,24.1,36.64,22.77857142857143
2018-10-21,6,1,104,43,29,32,73,274.43,15.66,41.75,331.84000000000003,Domingo,10,175.07,248.29,211.44714285714284,26.51,26.88,22.96142857142857,14.86,11.41,27.112857142857145
2018-10-22,0,0,106,45,30,31,106,134.82,28.63,16.15,179.6,Lunes,10,274.43,324.56,184.34142857142857,15.66,39.11,21.464285714285715,41.75,38.84,23.87142857142857
2018-10-23,1,0,106,45,29,32,106,317.69,31.96,15.39,365.04,Martes,10,134.82,186.23,203.12142857142857,28.63,15.93,23.754285714285714,16.15,33.48,21.28714285714286
2018-10-24,2,0,106,45,31,30,106,266.87,23.46,23.74,314.07,Miercoles,10,317.69,357.47,190.17857142857142,31.96,16.9,24.69142857142857,15.39,12.0,22.964285714285715
2018-10-25,3,0,106,45,29,32,106,370.38,41.4,33.81,445.59,Jueves,10,266.87,93.88,229.67857142857142,23.46,28.86,26.482857142857142,23.74,24.76,24.25714285714286
2018-10-26,4,0,105,43,31,31,105,307.57,48.19,23.73,379.49,Viernes,10,370.38,68.49,263.8328571428571,41.4,17.76,30.830000000000002,33.81,24.1,24.204285714285714
2018-10-27,5,1,105,42,32,31,77,253.23,40.15,51.56,344.94,Sabado,10,307.57,175.07,274.99857142857144,48.19,26.51,32.778571428571425,23.73,14.86,29.44714285714286
2018-10-28,6,1,104,43,32,29,78,280.53,27.34,30.02,337.89,Domingo,10,253.23,274.43,275.87,40.15,15.66,34.44714285714286,51.56,41.75,27.771428571428572
2018-10-29,0,0,104,43,32,29,104,224.94,15.37,31.02,271.33,Lunes,10,280.53,134.82,288.7442857142857,27.34,28.63,32.55285714285714,30.02,16.15,29.895714285714288
2018-10-30,1,0,103,41,33,29,103,127.7,25.22,54.22,207.14,Martes,10,224.94,317.69,261.60285714285715,15.37,31.96,31.59,31.02,15.39,35.44285714285714
2018-10-31,2,0,103,41,33,29,103,235.15,27.3,12.01,274.46,Miercoles,10,127.7,266.87,257.07142857142856,25.22,23.46,32.13857142857143,54.22,23.74,33.767142857142865
2018-11-01,3,0,104,41,33,30,104,172.26,20.35,46.88,239.49,Jueves,11,235.15,370.38,228.76857142857142,27.3,41.4,29.131428571428568,12.01,33.81,35.63428571428572
2018-11-02,4,0,104,44,30,30,104,226.74,27.66,30.64,285.04,Viernes,11,172.26,307.57,217.22142857142856,20.35,48.19,26.19857142857143,46.88,23.73,36.621428571428574
2018-11-03,5,1,103,42,31,30,73,223.36,7.63,18.02,249.01,Sabado,11,226.74,253.23,212.95428571428573,27.66,40.15,21.552857142857142,30.64,51.56,31.830000000000002
2018-11-04,6,1,104,43,32,29,73,251.63,20.15,57.64375,352.34,Domingo,11,223.36,280.53,208.82571428571427,7.63,27.34,20.525714285714287,18.02,30.02,35.77625
2018-11-05,0,0,105,43,32,30,105,203.65,48.62,37.74,290.01,Lunes,11,251.63,224.94,205.78428571428572,20.15,15.37,25.275714285714287,57.64375,31.02,36.73625
2018-11-06,1,0,105,43,33,29,105,260.71,28.58,19.59,308.87999999999994,Martes,11,203.65,127.7,224.78571428571428,48.62,25.22,25.755714285714284,37.74,54.22,31.789107142857144
2018-11-07,2,0,104,42,34,28,104,270.28,50.6,39.71,360.59,Miercoles,11,260.71,235.15,229.80428571428573,28.58,27.3,29.08428571428571,19.59,12.01,35.746249999999996
2018-11-08,3,0,103,40,34,29,103,259.47,16.7,17.64,293.81,Jueves,11,270.28,172.26,242.26285714285717,50.6,20.35,28.562857142857144,39.71,46.88,31.569107142857142
2018-11-09,4,0,104,41,34,29,104,299.18,27.78,30.17,357.13000000000005,Viernes,11,259.47,226.74,252.61142857142858,16.7,27.66,28.580000000000002,17.64,30.64,31.501964285714287
2018-11-10,5,1,105,42,33,30,84,199.27,24.91,25.35,249.53,Sabado,11,299.18,223.36,249.17,27.78,7.63,31.048571428571428,30.17,18.02,32.549107142857146
2018-11-11,6,1,105,43,31,31,82,188.58,46.04,57.64375,302.83,Domingo,11,199.27,251.63,240.16285714285715,24.91,20.15,34.747142857142855,25.35,57.64375,32.549107142857146
2018-11-12,0,0,105,45,28,32,105,246.1,50.18,14.04,310.32,Lunes,11,188.58,203.65,246.22714285714284,46.04,48.62,34.970000000000006,57.64375,37.74,29.16339285714286
2018-11-13,1,0,106,48,26,32,106,212.2,59.46,40.29,311.95,Martes,11,246.1,260.71,239.2971428571429,50.18,28.58,39.38142857142857,14.04,19.59,32.120535714285715
2018-11-14,2,0,106,48,26,32,106,202.19,30.04,37.07,269.3,Miercoles,11,212.2,270.28,229.57000000000002,59.46,50.6,36.44428571428572,40.29,39.71,31.743392857142858
2018-11-15,3,0,105,48,27,30,105,346.18,9.69,11.86,367.73,Jueves,11,202.19,259.47,241.95714285714283,30.04,16.7,35.44285714285714,37.07,17.64,30.917678571428574
2018-11-16,4,0,105,48,27,30,105,149.44,18.82,50.23,218.49,Viernes,11,346.18,299.18,220.56571428571428,9.69,27.78,34.16285714285714,11.86,30.17,33.78339285714286
2018-11-17,5,1,104,45,29,30,76,200.06,15.68,47.09,262.83000000000004,Sabado,11,149.44,199.27,220.67857142857142,18.82,24.91,32.84428571428571,50.23,25.35,36.88910714285714
2018-11-18,6,1,105,44,32,29,82,179.19,21.7,28.09,228.98,Domingo,11,200.06,188.58,219.33714285714285,15.68,46.04,29.367142857142856,47.09,57.64375,32.667142857142856
2018-11-19,0,0,105,45,32,28,105,328.33,19.38,33.46,381.17,Lunes,11,179.19,246.1,231.08428571428573,21.7,50.18,24.967142857142854,28.09,14.04,35.441428571428574
2018-11-20,1,0,105,47,31,27,105,223.26,12.99,28.01,264.26,Martes,11,328.33,212.2,232.66428571428574,19.38,59.46,18.328571428571426,33.46,40.29,33.68714285714286
2018-11-21,2,0,104,44,32,28,104,151.82,16.31,38.96,207.09,Miercoles,11,223.26,202.19,225.46857142857144,12.99,30.04,16.367142857142856,28.01,37.07,33.95714285714286
2018-11-22,3,0,104,44,30,30,104,154.65,30.84,47.38,232.87,Jueves,11,151.82,346.18,198.10714285714283,16.31,9.69,19.388571428571428,38.96,11.86,39.03142857142858
2018-11-23,4,0,104,44,32,28,104,209.23,42.73,33.31,285.27,Viernes,11,154.65,149.44,206.64857142857142,30.84,18.82,22.804285714285715,47.38,50.23,36.614285714285714
2018-11-24,5,1,106,45,33,28,75,149.16,35.99,30.98,216.13,Sabado,11,209.23,200.06,199.37714285714287,42.73,15.68,25.705714285714286,33.31,47.09,34.31285714285715
2018-11-25,6,1,105,44,34,27,78,99.02,19.33,27.55,145.9,Domingo,11,149.16,179.19,187.92428571428573,35.99,21.7,25.367142857142856,30.98,28.09,34.23571428571429
2018-11-26,0,0,105,45,33,27,105,254.18,51.12,28.2,333.5,Lunes,11,99.02,328.33,177.33142857142857,19.33,19.38,29.90142857142857,27.55,33.46,33.48428571428572
2018-11-27,1,0,105,42,38,25,105,294.2,7.1,39.45,340.75,Martes,11,254.18,223.26,187.46571428571428,51.12,12.99,29.06,28.2,28.01,35.11857142857143
2018-11-28,2,0,106,45,37,24,106,172.19,51.03,13.63,236.85,Miercoles,11,294.2,151.82,190.3757142857143,7.1,16.31,34.019999999999996,39.45,38.96,31.5
2018-11-29,3,0,104,43,38,23,104,157.55,24.64,20.12,202.31,Jueves,11,172.19,154.65,190.79,51.03,30.84,33.13428571428572,13.63,47.38,27.60571428571429
2018-11-30,4,0,104,43,39,22,104,160.59,8.84,4.86,174.29000000000002,Viernes,11,157.55,209.23,183.84142857142857,24.64,42.73,28.292857142857144,20.12,33.31,23.541428571428575
2018-12-01,5,1,102,41,38,23,75,204.9,19.71,32.33,256.94,Sabado,12,160.59,149.16,191.80428571428573,8.84,35.99,25.967142857142854,4.86,30.98,23.73428571428571
2018-12-02,6,1,102,40,39,23,77,336.22,18.01,13.93,368.16,Domingo,12,204.9,99.02,225.69000000000003,19.71,19.33,25.778571428571432,32.33,27.55,21.78857142857143
2018-12-03,0,0,104,41,41,22,104,306.74,45.52,26.29,378.55,Lunes,12,336.22,254.18,233.19857142857146,18.01,51.12,24.97857142857143,13.93,28.2,21.51571428571429
2018-12-04,1,0,104,41,41,22,104,225.44,41.74,10.41,277.59000000000003,Martes,12,306.74,294.2,223.3757142857143,45.52,7.1,29.927142857142858,26.29,39.45,17.367142857142856
2018-12-05,2,0,104,41,41,22,104,287.1,46.97,24.03,358.1,Miercoles,12,225.44,172.19,239.79142857142855,41.74,51.03,29.34714285714286,10.41,13.63,18.852857142857143
2018-12-06,3,0,103,40,39,24,103,0.0,1.0,0.0,1.0,Jueves,12,287.1,157.55,217.28428571428572,46.97,24.64,25.97,24.03,20.12,15.978571428571428
2018-12-07,4,0,103,40,40,23,103,322.53,50.42,22.76,395.71,Viernes,12,0.0,160.59,240.41857142857143,1.0,8.84,31.91,0.0,4.86,18.535714285714285
2018-12-08,5,1,103,40,40,23,78,0.0,0.4,0.38,0.78,Sabado,12,322.53,204.9,211.14714285714285,50.42,19.71,29.151428571428575,22.76,32.33,13.971428571428572
2018-12-09,6,1,104,40,40,24,76,291.76,28.1,22.16,342.02000000000004,Domingo,12,0.0,336.22,204.79571428571427,0.4,18.01,30.592857142857145,0.38,13.93,15.147142857142857
2018-12-10,0,0,102,39,41,22,102,163.04,43.78,18.0,224.82,Lunes,12,291.76,306.74,184.26714285714283,28.1,45.52,30.344285714285714,22.16,26.29,13.962857142857144
2018-12-11,1,0,102,38,40,24,102,190.14,42.01,19.13,251.28,Martes,12,163.04,225.44,179.2242857142857,43.78,41.74,30.382857142857144,18.0,10.41,15.20857142857143
2018-12-12,2,0,101,39,37,25,101,255.38,38.35,21.27,315.0,Miercoles,12,190.14,287.1,174.69285714285712,42.01,46.97,29.15142857142857,19.13,24.03,14.814285714285715
2018-12-13,3,0,101,39,37,25,101,319.01,19.94,17.93,356.88,Jueves,12,255.38,0.0,220.2657142857143,38.35,1.0,31.857142857142858,21.27,0.0,17.375714285714285
2018-12-14,4,0,101,39,39,23,101,162.83,6.13,9.98,178.94,Viernes,12,319.01,322.53,197.45142857142858,19.94,50.42,25.53,17.93,22.76,15.549999999999999
2018-12-15,5,1,101,39,40,22,75,315.92,15.9,17.24,349.06,Sabado,12,162.83,0.0,242.58285714285714,6.13,0.4,27.744285714285713,9.98,0.38,17.958571428571428
2018-12-16,6,1,100,40,38,22,79,143.38,8.31,6.15,157.84,Domingo,12,315.92,291.76,221.3857142857143,15.9,28.1,24.917142857142856,17.24,22.16,15.671428571428573
2018-12-17,0,0,101,40,39,22,101,359.57,20.03,28.3,407.9,Lunes,12,143.38,163.04,249.46142857142857,8.31,43.78,21.524285714285714,6.15,18.0,17.142857142857142
2018-12-18,1,0,101,43,36,22,101,235.61,39.03,2.1,276.74,Martes,12,359.57,190.14,255.95714285714286,20.03,42.01,21.09857142857143,28.3,19.13,14.709999999999999
2018-12-19,2,0,101,45,33,23,101,0.0,0.0,0.52,0.52,Miercoles,12,235.61,255.38,219.47428571428574,39.03,38.35,15.620000000000001,2.1,21.27,11.745714285714286
2018-12-20,3,0,101,45,32,24,101,181.71,39.1,40.35,261.16,Jueves,12,0.0,319.01,199.85999999999999,0.0,19.94,18.357142857142858,0.52,17.93,14.948571428571427
2018-12-21,4,0,100,44,33,23,100,232.62,37.13,9.2,278.95,Viernes,12,181.71,162.83,209.82999999999998,39.1,6.13,22.785714285714285,40.35,9.98,14.837142857142856
2018-12-22,5,1,100,43,35,22,72,209.29,8.42,36.19,253.9,Sabado,12,232.62,315.92,194.59714285714284,37.13,15.9,21.717142857142857,9.2,17.24,17.544285714285714
2018-12-23,6,1,102,45,35,22,79,252.23,23.29,53.85,329.37,Domingo,12,209.29,143.38,210.14714285714285,8.42,8.31,23.857142857142858,36.19,6.15,24.358571428571427
2018-12-24,0,0,105,48,33,24,105,224.76,62.6325,41.73,330.36,Lunes,12,252.23,359.57,190.88857142857142,23.29,20.03,29.943214285714284,53.85,28.3,26.277142857142856
2018-12-25,1,0,105,48,33,24,105,299.34,29.74,38.5,367.58,Martes,12,224.76,235.61,199.9928571428571,62.6325,39.03,28.616071428571427,41.73,2.1,31.477142857142855
2018-12-26,2,0,105,48,33,24,105,352.55,25.65,4.24,382.44,Miercoles,12,299.34,0.0,250.35714285714286,29.74,0.0,32.28035714285714,38.5,0.52,32.00857142857142
2018-12-27,3,0,105,48,33,24,105,284.64,27.2,17.88,329.72,Jueves,12,352.55,181.71,265.06142857142856,25.65,39.1,30.580357142857142,4.24,40.35,28.798571428571424
2018-12-28,4,0,104,48,32,24,104,394.04,34.58,55.46,484.08,Viernes,12,284.64,232.62,288.12142857142857,27.2,37.13,30.21607142857143,17.88,9.2,35.40714285714286
2018-12-29,5,1,103,47,33,23,77,353.43,14.48,30.53,398.44000000000005,Sabado,12,394.04,209.29,308.71285714285716,34.58,8.42,31.08178571428571,55.46,36.19,34.598571428571425
2018-12-30,6,1,102,47,33,22,74,296.73,16.45,23.31,336.49,Domingo,12,353.43,252.23,315.07000000000005,14.48,23.29,30.104642857142856,30.53,53.85,30.235714285714288
2018-12-31,0,0,104,48,34,22,104,307.79,29.82,34.33,371.94,Lunes,12,296.73,224.76,326.93142857142857,16.45,62.6325,25.41714285714286,23.31,41.73,29.178571428571427
2019-01-01,1,0,102,46,33,23,102,1.75,0.35,0.95,3.05,Martes,1,307.79,299.34,284.4185714285714,29.82,29.74,21.21857142857143,34.33,38.5,23.814285714285717
2019-01-02,2,0,102,47,31,24,102,247.36,11.53,25.06,283.95,Miercoles,1,1.75,352.55,269.39142857142855,0.35,25.65,19.201428571428572,0.95,4.24,26.78857142857143
2019-01-03,3,0,103,48,32,23,103,291.44,17.55,19.89,328.88,Jueves,1,247.36,284.64,270.3628571428572,11.53,27.2,17.822857142857142,25.06,17.88,27.075714285714287
2019-01-04,4,0,104,49,33,22,104,386.04,31.48,31.11,448.63000000000005,Viernes,1,291.44,394.04,269.21999999999997,17.55,34.58,17.38,19.89,55.46,23.59714285714286
2019-01-05,5,1,105,51,31,23,71,298.53,28.58,36.98,364.09,Sabado,1,386.04,353.43,261.37714285714287,31.48,14.48,19.39428571428571,31.11,30.53,24.518571428571427
2019-01-06,6,1,105,51,30,24,78,246.74,32.45,39.15,318.34,Domingo,1,298.53,296.73,254.2357142857143,28.58,16.45,21.68,36.98,23.31,26.78142857142857
2019-01-07,0,0,105,50,32,23,105,0.0,0.0,0.74,0.74,Lunes,1,246.74,307.79,210.2657142857143,32.45,29.82,17.419999999999998,39.15,34.33,21.98285714285714
2019-01-08,1,0,105,49,35,21,105,295.77,18.58,18.3,332.65,Martes,1,0.0,1.75,252.26857142857145,0.0,0.35,20.024285714285718,0.74,0.95,24.46142857142857
2019-01-09,2,0,105,49,34,22,105,427.59875,62.6325,12.84,543.5300000000001,Miercoles,1,295.77,247.36,278.0169642857143,18.58,11.53,27.32464285714286,18.3,25.06,22.715714285714284
2019-01-10,3,0,103,48,35,20,103,271.1,37.5,32.15,340.75,Jueves,1,427.59875,291.44,275.11125,62.6325,17.55,30.174642857142857,12.84,19.89,24.467142857142854
2019-01-11,4,0,103,48,34,21,103,424.87,37.92,23.31,486.1,Viernes,1,271.1,386.04,280.6583928571428,37.5,31.48,31.094642857142855,32.15,31.11,23.35285714285714
2019-01-12,5,1,103,49,33,21,76,377.88,61.43,27.28,466.59,Sabado,1,424.87,298.53,291.99410714285716,37.92,28.58,35.7875,23.31,36.98,21.967142857142854
2019-01-13,6,1,102,48,31,23,69,339.09,11.2,37.23,387.52,Domingo,1,377.88,246.74,305.1869642857143,61.43,32.45,32.75178571428571,27.28,39.15,21.69285714285714
2019-01-14,0,0,102,49,30,23,102,346.52,29.48,41.37,417.37,Lunes,1,339.09,0.0,354.68982142857146,11.2,0.0,36.96321428571429,37.23,0.74,27.497142857142855
2019-01-15,1,0,99,48,28,23,99,200.16,25.24,20.39,245.79,Martes,1,346.52,295.77,341.03125,29.48,18.58,37.91464285714286,41.37,18.3,27.795714285714286
2019-01-16,2,0,99,49,28,22,99,322.54,32.88,33.62,389.04,Miercoles,1,200.16,427.59875,326.0228571428571,25.24,62.6325,33.66428571428571,20.39,12.84,30.76428571428571
2019-01-17,3,0,100,52,27,21,100,372.13,26.2,22.45,420.78,Jueves,1,322.54,271.1,340.4557142857143,32.88,37.5,32.05,33.62,32.15,29.37857142857143
2019-01-18,4,0,102,53,27,22,102,191.23,35.81,27.51,254.55,Viernes,1,372.13,424.87,307.0785714285715,26.2,37.92,31.74857142857143,22.45,23.31,29.978571428571428
2019-01-19,5,1,101,52,27,22,69,356.61,23.52,30.0,410.13,Sabado,1,191.23,377.88,304.03999999999996,35.81,61.43,26.332857142857144,27.51,27.28,30.367142857142856
2019-01-20,6,1,101,51,28,22,75,427.59875,14.72,51.11,530.1,Domingo,1,356.61,339.09,316.68410714285716,23.52,11.2,26.83571428571429,30.0,37.23,32.35
2019-01-21,0,0,102,51,29,22,102,427.59875,32.2,18.9,504.71,Lunes,1,427.59875,346.52,328.26678571428573,14.72,29.48,27.224285714285713,51.11,41.37,29.140000000000004
2019-01-22,1,0,102,53,26,23,102,427.59875,35.16,31.0,574.85,Martes,1,427.59875,200.16,360.7580357142857,32.2,25.24,28.641428571428573,18.9,20.39,30.655714285714282
2019-01-23,2,0,101,53,25,23,101,396.31,8.54,15.14,419.99,Miercoles,1,427.59875,322.54,371.2966071428571,35.16,32.88,25.164285714285718,31.0,33.62,28.015714285714285
2019-01-24,3,0,102,55,25,22,102,320.33,19.31,17.92,357.56,Jueves,1,396.31,372.13,363.89660714285714,8.54,26.2,24.18,15.14,22.45,27.368571428571425
2019-01-25,4,0,102,55,25,22,102,222.69,28.88,9.35,260.92,Viernes,1,320.33,191.23,368.39089285714283,19.31,35.81,23.189999999999998,17.92,27.51,24.774285714285718
2019-01-26,5,1,102,56,25,21,73,427.59875,26.3,29.61,531.64,Sabado,1,222.69,356.61,378.53214285714284,28.88,23.52,23.587142857142855,9.35,30.0,24.71857142857143
2019-01-27,6,1,103,58,24,21,74,427.59875,28.26,43.6,564.8100000000001,Domingo,1,427.59875,427.59875,378.53214285714284,26.3,14.72,25.52142857142857,29.61,51.11,23.645714285714284
2019-01-28,0,0,103,55,26,22,103,310.31,29.88,37.08,377.27,Lunes,1,427.59875,427.59875,361.7766071428572,28.26,32.2,25.19,43.6,18.9,26.242857142857144
2019-01-29,1,0,101,52,26,23,101,260.15,27.12,23.0,310.27,Martes,1,310.31,427.59875,337.85535714285714,29.88,35.16,24.041428571428575,37.08,31.0,25.099999999999998
2019-01-30,2,0,103,54,24,25,103,357.43,21.62,31.88,410.93,Miercoles,1,260.15,396.31,332.30107142857145,27.12,8.54,25.909999999999997,23.0,15.14,27.49142857142857
2019-01-31,3,0,106,56,25,25,106,427.59875,22.45,7.77,470.12,Jueves,1,357.43,320.33,347.62517857142853,21.62,19.31,26.35857142857143,31.88,17.92,26.041428571428572
2019-02-01,4,0,105,55,25,25,105,273.36,24.84,56.02,354.22,Viernes,2,427.59875,222.69,354.86375,22.45,28.88,25.78142857142857,7.77,9.35,32.708571428571425
2019-02-02,5,1,105,56,24,25,76,328.71,19.94,57.64375,415.23,Sabado,2,273.36,427.59875,340.7367857142857,24.84,26.3,24.872857142857146,56.02,29.61,36.71339285714286
2019-02-03,6,1,103,55,23,25,76,240.44,24.71,31.15,296.29999999999995,Domingo,2,328.71,427.59875,313.9998214285714,19.94,28.26,24.365714285714287,57.64375,43.6,34.934821428571425
2019-02-04,0,0,103,57,21,25,103,326.4,12.49,31.19,370.08,Lunes,2,240.44,310.31,316.29839285714286,24.71,29.88,21.881428571428568,31.15,37.08,34.09339285714286
2019-02-05,1,0,104,56,23,25,104,235.0,5.42,26.73,267.15,Martes,2,326.4,260.15,312.7055357142857,12.49,27.12,18.78142857142857,31.19,23.0,34.62625
2019-02-06,2,0,102,56,22,24,102,194.46,10.73,30.74,235.93,Miercoles,2,235.0,357.43,289.42410714285717,5.42,21.62,17.225714285714286,26.73,31.88,34.46339285714286
2019-02-07,3,0,102,56,22,24,102,289.61,29.02,11.61,330.24,Jueves,2,194.46,427.59875,269.7114285714286,10.73,22.45,18.164285714285715,30.74,7.77,35.011964285714285
2019-02-08,4,0,103,56,24,23,103,347.02,25.51,8.61,381.14,Viernes,2,289.61,273.36,280.2342857142857,29.02,24.84,18.26,11.61,56.02,28.23910714285714
2019-02-09,5,1,104,54,26,24,70,240.78,27.28,31.63,299.69,Sabado,2,347.02,328.71,267.67285714285714,25.51,19.94,19.30857142857143,8.61,57.64375,24.52285714285714
2019-02-10,6,1,103,52,28,23,69,199.48,21.69,15.59,236.76,Domingo,2,240.78,240.44,261.82142857142856,27.28,24.71,18.87714285714286,31.63,31.15,22.3
2019-02-11,0,0,103,54,26,23,103,207.79,29.67,36.07,273.53,Lunes,2,199.48,326.4,244.87714285714287,21.69,12.49,21.331428571428575,15.59,31.19,22.997142857142855
2019-02-12,1,0,104,54,26,24,104,238.68,22.58,30.56,291.82,Martes,2,207.79,235.0,245.40285714285713,29.67,5.42,23.782857142857143,36.07,26.73,23.544285714285714
2019-02-13,2,0,104,53,26,25,104,190.19,47.85,20.57,258.61,Miercoles,2,238.68,194.46,244.79285714285714,22.58,10.73,29.08571428571429,30.56,30.74,22.09142857142857
2019-02-14,3,0,102,52,25,25,102,375.41,24.62,11.74,411.77,Jueves,2,190.19,289.61,257.05,47.85,29.02,28.457142857142856,20.57,11.61,22.110000000000003
2019-02-15,4,0,100,52,24,24,100,349.39,42.94,24.55,416.88,Viernes,2,375.41,347.02,257.3885714285714,24.62,25.51,30.947142857142858,11.74,8.61,24.387142857142855
2019-02-16,5,1,102,54,24,24,68,163.7,19.66,29.82,213.18,Sabado,2,349.39,240.78,246.37714285714284,42.94,27.28,29.85857142857143,24.55,31.63,24.12857142857143
2019-02-17,6,1,102,54,25,23,69,69.75,26.88,10.29,106.92,Domingo,2,163.7,199.48,227.8442857142857,19.66,21.69,30.6,29.82,15.59,23.37142857142857
2019-02-18,0,0,101,54,24,23,101,181.25,18.01,14.3,213.56,Lunes,2,69.75,207.79,224.05285714285714,26.88,29.67,28.934285714285714,10.29,36.07,20.261428571428574
2019-02-19,1,0,99,53,24,22,99,181.85,40.57,14.02,236.44,Martes,2,181.25,238.68,215.93428571428575,18.01,22.58,31.504285714285718,14.3,30.56,17.898571428571426
2019-02-20,2,0,99,53,26,20,99,201.27,35.74,8.73,245.74,Miercoles,2,181.85,190.19,217.5171428571429,40.57,47.85,29.774285714285714,14.02,20.57,16.20714285714286
2019-02-21,3,0,101,55,26,20,101,308.57,40.82,6.55,355.94,Jueves,2,201.27,375.41,207.96857142857144,35.74,24.62,32.08857142857143,8.73,11.74,15.465714285714284
2019-02-22,4,0,100,54,25,21,100,106.14,14.17,9.94,130.25,Viernes,2,308.57,349.39,173.21857142857144,40.82,42.94,27.97857142857143,6.55,24.55,13.37857142857143
2019-02-23,5,1,100,54,23,23,74,191.39,31.25,24.12,246.76,Sabado,2,106.14,163.7,177.17428571428573,14.17,19.66,29.634285714285713,9.94,29.82,12.564285714285715
2019-02-24,6,1,98,54,22,22,63,81.09,4.93,18.71,104.73000000000002,Domingo,2,191.39,69.75,178.7942857142857,31.25,26.88,26.49857142857143,24.12,10.29,13.767142857142856
2019-02-25,0,0,99,55,22,22,99,168.78,9.69,22.68,201.15,Lunes,2,81.09,181.25,177.01285714285717,4.93,18.01,25.310000000000002,18.71,14.3,14.964285714285714
2019-02-26,1,0,99,55,23,21,99,181.56,18.85,8.58,208.99,Martes,2,168.78,181.85,176.97142857142856,9.69,40.57,22.20714285714286,22.68,14.02,14.187142857142858
2019-02-27,2,0,99,53,25,21,99,88.39,23.97,20.55,132.91,Miercoles,2,181.56,201.27,160.84571428571425,18.85,35.74,20.525714285714287,8.58,8.73,15.875714285714285
2019-02-28,3,0,99,54,24,21,99,228.17,3.49,3.14,234.8,Jueves,2,88.39,308.57,149.35999999999999,23.97,40.82,15.192857142857141,20.55,6.55,15.388571428571428
2019-03-01,4,0,96,51,24,21,96,144.67,32.15,5.96,182.78,Viernes,3,228.17,106.14,154.8642857142857,3.49,14.17,17.76142857142857,3.14,9.94,14.819999999999999
2019-03-02,5,1,97,51,25,21,64,197.15,22.99,16.32,236.46,Sabado,3,144.67,191.39,155.68714285714285,32.15,31.25,16.58142857142857,5.96,24.12,13.705714285714285
2019-03-03,6,1,97,52,24,21,70,93.93,11.72,33.85,139.5,Domingo,3,197.15,81.09,157.52142857142857,22.99,4.93,17.55142857142857,16.32,18.71,15.86857142857143
2019-03-04,0,0,99,53,25,21,99,270.69,8.05,22.42,301.16,Lunes,3,93.93,168.78,172.07999999999998,11.72,9.69,17.31714285714286,33.85,22.68,15.831428571428571
2019-03-05,1,0,100,56,24,20,100,135.8,18.78,12.28,166.86,Martes,3,270.69,181.56,165.54285714285717,8.05,18.85,17.307142857142857,22.42,8.58,16.36
2019-03-06,2,0,102,57,25,20,102,209.77,42.77,0.96,253.50000000000003,Miercoles,3,135.8,88.39,182.88285714285715,18.78,23.97,19.99285714285714,12.28,20.55,13.561428571428573
2019-03-07,3,0,102,56,26,20,102,70.59,62.62,29.41,162.62,Jueves,3,209.77,228.17,160.3714285714286,42.77,3.49,28.439999999999998,0.96,3.14,17.314285714285713
2019-03-08,4,0,101,55,27,19,101,226.59,10.75,8.3,245.64,Viernes,3,70.59,144.67,172.0742857142857,62.62,32.15,25.382857142857144,29.41,5.96,17.64857142857143
2019-03-09,5,1,102,56,25,21,67,203.94,26.19,26.17,256.3,Sabado,3,226.59,197.15,173.0442857142857,10.75,22.99,25.84,8.3,16.32,19.055714285714288
2019-03-10,6,1,103,55,26,22,70,240.26,13.41,25.45,279.12,Domingo,3,203.94,93.93,193.94857142857146,26.19,11.72,26.08142857142857,26.17,33.85,17.85571428571429
2019-03-11,0,0,103,54,27,22,103,180.2,27.44,57.64375,270.87,Lunes,3,240.26,270.69,181.02142857142857,13.41,8.05,28.851428571428574,25.45,22.42,22.887678571428573
2019-03-12,1,0,104,54,31,19,104,222.48,32.28,16.16,270.92,Martes,3,180.2,135.8,193.4042857142857,27.44,18.78,30.779999999999998,57.64375,12.28,23.441964285714285
2019-03-13,2,0,104,55,30,19,104,155.1,29.23,10.09,194.42,Miercoles,3,222.48,209.77,185.5942857142857,32.28,42.77,28.845714285714287,16.16,0.96,24.74625
2019-03-14,3,0,105,55,30,20,105,332.77,31.06,16.44,380.27,Jueves,3,155.1,70.59,223.04857142857142,29.23,62.62,24.337142857142858,10.09,29.41,22.893392857142857
2019-03-15,4,0,105,54,28,23,105,277.81,21.63,13.47,312.91,Viernes,3,332.77,226.59,230.3657142857143,31.06,10.75,25.891428571428573,16.44,8.3,23.631964285714286
2019-03-16,5,1,103,53,27,23,77,151.84,21.3,38.39,211.53000000000003,Sabado,3,277.81,203.94,222.92285714285714,21.63,26.19,25.192857142857147,13.47,26.17,25.377678571428568
2019-03-17,6,1,103,53,27,23,68,251.95,13.6,29.88,295.43,Domingo,3,151.84,240.26,224.59285714285713,21.3,13.41,25.22,38.39,25.45,26.010535714285712
2019-03-18,0,0,102,53,26,23,102,159.23,32.29,9.92,201.44,Lunes,3,251.95,180.2,221.59714285714284,13.6,27.44,25.912857142857142,29.88,57.64375,19.192857142857143
2019-03-19,1,0,102,54,25,23,102,180.88,26.06,40.78,247.72,Martes,3,159.23,222.48,215.6542857142857,32.29,32.28,25.024285714285718,9.92,16.16,22.71
2019-03-20,2,0,104,55,24,25,104,201.44,21.98,28.14,251.56,Miercoles,3,180.88,155.1,222.27428571428572,26.06,29.23,23.988571428571426,40.78,10.09,25.28857142857143
2019-03-21,3,0,105,56,25,24,105,130.03,36.95,11.54,178.52,Jueves,3,201.44,332.77,193.3114285714286,21.98,31.06,24.830000000000002,28.14,16.44,24.58857142857143
2019-03-22,4,0,105,57,24,24,105,287.84,34.12,22.04,344.0,Viernes,3,130.03,277.81,194.74428571428572,36.95,21.63,26.614285714285717,11.54,13.47,25.812857142857144
2019-03-23,5,1,105,58,22,25,68,70.39,16.6,29.45,116.44,Sabado,3,287.84,151.84,183.10857142857142,34.12,21.3,25.942857142857143,22.04,38.39,24.535714285714285
2019-03-24,6,1,105,57,24,24,78,221.89,15.96,29.06,266.91,Domingo,3,70.39,251.95,178.81428571428572,16.6,13.6,26.279999999999998,29.45,29.88,24.41857142857143
2019-03-25,0,0,105,57,23,25,105,189.76,29.26,24.63,243.65,Lunes,3,221.89,159.23,183.1757142857143,15.96,32.29,25.84714285714286,29.06,9.92,26.520000000000003
2019-03-26,1,0,105,57,23,25,105,256.02,28.13,19.99,304.14,Martes,3,189.76,180.88,193.91,29.26,26.06,26.142857142857142,24.63,40.78,23.55
2019-03-27,2,0,105,58,23,24,105,178.41,33.04,30.6,242.05,Miercoles,3,256.02,201.44,190.61999999999998,28.13,21.98,27.722857142857144,19.99,28.14,23.90142857142857
2019-03-28,3,0,108,59,25,24,108,99.44,16.7,6.28,122.42,Jueves,3,178.41,130.03,186.24999999999997,33.04,36.95,24.830000000000002,30.6,11.54,23.15
2019-03-29,4,0,108,59,25,24,108,180.31,27.25,14.76,222.32,Viernes,3,99.44,287.84,170.88857142857142,16.7,34.12,23.84857142857143,6.28,22.04,22.110000000000003
2019-03-30,5,1,108,58,26,24,71,83.38,28.39,22.32,134.09,Sabado,3,180.31,70.39,172.7442857142857,27.25,16.6,25.532857142857143,14.76,29.45,21.09142857142857
2019-03-31,6,1,108,58,25,25,81,143.38,21.54,35.1,200.02,Domingo,3,83.38,221.89,161.52857142857144,28.39,15.96,26.329999999999995,22.32,29.06,21.954285714285714
2019-04-01,0,0,105,56,24,25,105,242.06,31.51,14.48,288.05,Lunes,4,143.38,189.76,169.0,21.54,29.26,26.65142857142857,35.1,24.63,20.504285714285714
2019-04-02,1,0,105,58,21,26,105,171.76,19.34,40.27,231.37,Martes,4,242.06,256.02,156.96285714285713,31.51,28.13,25.395714285714288,14.48,19.99,23.40142857142857
2019-04-03,2,0,105,59,21,25,105,130.4,30.43,26.61,187.44,Miercoles,4,171.76,178.41,150.1042857142857,19.34,33.04,25.02285714285714,40.27,30.6,22.83142857142857
2019-04-04,3,0,105,59,22,24,105,272.98,21.36,21.5,315.84000000000003,Jueves,4,130.4,99.44,174.8957142857143,30.43,16.7,25.68857142857143,26.61,6.28,25.005714285714287
2019-04-05,4,0,105,59,23,23,105,173.0,19.7,28.54,221.24,Viernes,4,272.98,180.31,173.85142857142858,21.36,27.25,24.609999999999996,21.5,14.76,26.974285714285717
2019-04-06,5,1,104,56,24,24,67,61.24,32.62,15.84,109.7,Sabado,4,173.0,83.38,170.6885714285714,19.7,28.39,25.214285714285715,28.54,22.32,26.048571428571428
2019-04-07,6,1,103,55,25,23,75,93.97,8.66,27.87,130.5,Domingo,4,61.24,143.38,163.63000000000002,32.62,21.54,23.374285714285715,15.84,35.1,25.01571428571429
2019-04-08,0,0,102,52,28,22,102,66.05,20.77,21.39,108.21,Lunes,4,93.97,242.06,138.4857142857143,8.66,31.51,21.84,27.87,14.48,26.002857142857145
2019-04-09,1,0,103,51,30,22,103,77.91,28.91,10.91,117.73,Martes,4,66.05,171.76,125.07857142857142,20.77,19.34,23.207142857142856,21.39,40.27,21.80857142857143
2019-04-10,2,0,105,52,31,22,105,240.2,47.76,10.05,298.01,Miercoles,4,77.91,130.4,140.7642857142857,28.91,30.43,25.68285714285714,10.91,26.61,19.442857142857143
2019-04-11,3,0,104,50,32,22,104,109.43,46.64,31.78,187.85,Jueves,4,240.2,272.98,117.39999999999999,47.76,21.36,29.294285714285714,10.05,21.5,20.91142857142857
2019-04-12,4,0,103,48,33,22,103,115.7,49.78,19.18,184.66000000000005,Viernes,4,109.43,173.0,109.21428571428571,46.64,19.7,33.59142857142857,31.78,28.54,19.574285714285715
2019-04-13,5,1,102,49,31,22,71,66.85,13.74,19.22,99.81,Sabado,4,115.7,61.24,110.01571428571428,49.78,32.62,30.89428571428571,19.18,15.84,20.057142857142857
2019-04-14,6,1,101,50,30,21,67,102.25,9.81,17.16,129.22,Domingo,4,66.85,93.97,111.19857142857143,13.74,8.66,31.05857142857143,19.22,27.87,18.527142857142856
2019-04-15,0,0,101,51,29,21,101,55.25,46.16,20.14,121.55,Lunes,4,102.25,66.05,109.6557142857143,9.81,20.77,34.68571428571428,17.16,21.39,18.34857142857143
2019-04-16,1,0,101,50,31,20,101,185.25,33.97,6.61,225.83,Martes,4,55.25,77.91,124.99000000000001,46.16,28.91,35.40857142857143,20.14,10.91,17.734285714285715
2019-04-17,2,0,100,49,31,20,100,92.45,31.03,27.87,151.35,Miercoles,4,185.25,240.2,103.88285714285715,33.97,47.76,33.01857142857143,6.61,10.05,20.28
2019-04-18,3,0,98,46,32,20,98,1.1,0.0,0.18,1.28,Jueves,4,92.45,109.43,88.40714285714284,31.03,46.64,26.35571428571429,27.87,31.78,15.765714285714287
2019-04-19,4,0,99,46,32,21,99,162.77,51.1,13.47,227.34,Viernes,4,1.1,115.7,95.13142857142859,0.0,49.78,26.54428571428571,0.18,19.18,14.950000000000001
2019-04-20,5,1,99,45,33,21,68,106.54,33.88,37.34,177.76000000000002,Sabado,4,162.77,66.85,100.80142857142857,51.1,13.74,29.42142857142857,13.47,19.22,17.53857142857143
2019-04-21,6,1,99,45,35,19,69,96.75,30.83,13.96,141.54,Domingo,4,106.54,102.25,100.01571428571428,33.88,9.81,32.424285714285716,37.34,17.16,17.08142857142857
2019-04-22,0,0,99,44,35,20,99,337.73,36.77,33.92,408.42,Lunes,4,96.75,55.25,140.37,30.83,46.16,31.082857142857144,13.96,20.14,19.050000000000004
2019-04-23,1,0,99,45,34,20,99,118.33,18.12,35.55,172.0,Martes,4,337.73,185.25,130.81,36.77,33.97,28.81857142857143,33.92,6.61,23.184285714285718
2019-04-24,2,0,99,47,33,19,99,260.7,38.43,8.88,308.01,Miercoles,4,118.33,92.45,154.8457142857143,18.12,31.03,29.875714285714285,35.55,27.87,20.47142857142857
2019-04-25,3,0,99,49,30,20,99,97.66,48.43,55.73,201.82,Jueves,4,260.7,1.1,168.64000000000001,38.43,0.0,36.794285714285714,8.88,0.18,28.407142857142855
2019-04-26,4,0,98,50,28,20,98,211.06,17.36,25.16,253.58,Viernes,4,97.66,162.77,175.53857142857143,48.43,51.1,31.974285714285717,55.73,13.47,30.077142857142857
2019-04-27,5,1,98,51,28,19,65,112.42,33.15,57.64375,211.06,Sabado,4,211.06,106.54,176.37857142857143,17.36,33.88,31.869999999999997,25.16,37.34,32.97767857142857
2019-04-28,6,1,99,50,31,18,65,0.0,1.24,0.0,1.24,Domingo,4,112.42,96.75,162.55714285714288,33.15,30.83,27.642857142857142,57.64375,13.96,30.98339285714286
2019-04-29,0,0,99,50,32,17,99,181.14,12.6,18.78,212.52,Lunes,4,0.0,337.73,140.18714285714285,1.24,36.77,24.189999999999998,0.0,33.92,28.82053571428571
2019-04-30,1,0,100,51,34,15,100,146.21,35.89,6.5,188.6,Martes,4,181.14,118.33,144.17,12.6,18.12,26.728571428571428,18.78,35.55,24.67053571428571
2019-05-01,2,0,101,54,32,15,101,53.31,2.5,7.15,62.96,Miercoles,5,146.21,260.7,114.54285714285713,35.89,38.43,21.595714285714287,6.5,8.88,24.423392857142854
2019-05-02,3,0,101,55,30,16,101,135.27,39.78,5.75,180.8,Jueves,5,53.31,97.66,119.9157142857143,2.5,48.43,20.360000000000003,7.15,55.73,17.283392857142857
2019-05-03,4,0,101,56,30,15,101,158.34,26.0,12.17,196.51,Viernes,5,135.27,211.06,112.38428571428571,39.78,17.36,21.594285714285714,5.75,25.16,15.427678571428572
2019-05-04,5,1,100,56,29,15,67,111.14,11.75,27.28,150.17000000000002,Sabado,5,158.34,112.42,112.20142857142856,26.0,33.15,18.537142857142857,12.17,57.64375,11.09
2019-05-05,6,1,99,55,27,17,71,146.26,4.46,23.58,174.3,Domingo,5,111.14,0.0,133.0957142857143,11.75,1.24,18.997142857142855,27.28,0.0,14.45857142857143
2019-05-06,0,0,99,56,26,17,99,151.66,26.14,16.27,194.07,Lunes,5,146.26,181.14,128.8842857142857,4.46,12.6,20.931428571428572,23.58,18.78,14.1
2019-05-07,1,0,98,56,26,16,98,221.38,44.41,9.27,275.05999999999995,Martes,5,151.66,146.21,139.62285714285716,26.14,35.89,22.148571428571426,16.27,6.5,14.495714285714286
2019-05-08,2,0,100,58,25,17,100,87.61,38.0,30.24,155.85,Miercoles,5,221.38,53.31,144.52285714285716,44.41,2.5,27.22,9.27,7.15,17.794285714285714
2019-05-09,3,0,100,58,23,19,100,84.47,23.93,17.64,126.04,Jueves,5,87.61,135.27,137.2657142857143,38.0,39.78,24.955714285714286,30.24,5.75,19.49285714285714
2019-05-10,4,0,100,58,22,20,100,74.23,30.45,19.02,123.7,Viernes,5,84.47,158.34,125.25,23.93,26.0,25.59142857142857,17.64,12.17,20.47142857142857
2019-05-11,5,1,99,56,23,20,66,70.91,20.67,21.06,112.64,Sabado,5,74.23,111.14,119.50285714285714,30.45,11.75,26.865714285714287,19.02,27.28,19.582857142857144
2019-05-12,6,1,100,59,21,20,70,185.35,6.2,19.07,210.62,Domingo,5,70.91,146.26,125.08714285714287,20.67,4.46,27.11428571428571,21.06,23.58,18.93857142857143
2019-05-13,0,0,101,61,21,19,101,178.88,25.4,18.21,222.49,Lunes,5,185.35,151.66,128.97571428571428,6.2,26.14,27.00857142857143,19.07,16.27,19.215714285714284
2019-05-14,1,0,101,60,22,19,101,172.48,11.12,25.35,208.95,Martes,5,178.88,221.38,121.99,25.4,44.41,22.252857142857145,18.21,9.27,21.512857142857143
2019-05-15,2,0,104,62,22,20,104,193.52,15.21,15.65,224.38,Miercoles,5,172.48,87.61,137.11999999999998,11.12,38.0,18.997142857142858,25.35,30.24,19.428571428571427
2019-05-16,3,0,104,62,23,19,104,86.82,21.9,18.79,127.51,Jueves,5,193.52,84.47,137.4557142857143,15.21,23.93,18.707142857142856,15.65,17.64,19.592857142857145
2019-05-17,4,0,105,62,24,19,105,198.99,44.27,9.19,252.45,Viernes,5,86.82,74.23,155.27857142857144,21.9,30.45,20.68142857142857,18.79,19.02,18.18857142857143
2019-05-18,5,1,105,62,24,19,65,64.28,20.53,37.84,122.65,Sabado,5,198.99,70.91,154.33142857142857,44.27,20.67,20.66142857142857,9.19,21.06,20.58571428571429
2019-05-19,6,1,105,62,23,20,77,136.25,20.43,27.36,184.04,Domingo,5,64.28,185.35,147.31714285714287,20.53,6.2,22.694285714285716,37.84,19.07,21.77
2019-05-20,0,0,105,62,23,20,105,149.77,27.4,15.09,192.26,Lunes,5,136.25,178.88,143.15857142857143,20.43,25.4,22.98,27.36,18.21,21.32428571428571
2019-05-21,1,0,105,62,23,20,105,121.45,30.25,20.71,172.41,Martes,5,149.77,172.48,135.86857142857144,27.4,11.12,25.712857142857143,15.09,25.35,20.66142857142857
2019-05-22,2,0,105,62,24,19,105,195.59,17.59,30.57,243.75,Miercoles,5,121.45,193.52,136.16428571428574,30.25,15.21,26.05285714285714,20.71,15.65,22.79285714285714
2019-05-23,3,0,104,63,22,19,104,180.69,10.08,9.08,199.85,Jueves,5,195.59,86.82,149.5742857142857,17.59,21.9,24.364285714285717,30.57,18.79,21.405714285714286
2019-05-24,4,0,103,61,22,20,103,248.41,19.39,21.16,288.96000000000004,Viernes,5,180.69,198.99,156.6342857142857,10.08,44.27,20.810000000000002,9.08,9.19,23.115714285714287
2019-05-25,5,1,102,61,21,20,68,162.72,11.11,43.98,217.81,Sabado,5,248.41,64.28,170.69714285714286,19.39,20.53,19.464285714285715,21.16,37.84,23.99285714285714
2019-05-26,6,1,102,61,20,21,72,143.62,5.95,26.75,176.32,Domingo,5,162.72,136.25,171.75,11.11,20.43,17.395714285714284,43.98,27.36,23.905714285714282
2019-05-27,0,0,101,60,20,21,101,130.47,18.76,19.36,168.58999999999995,Lunes,5,143.62,149.77,168.99285714285716,5.95,27.4,16.16142857142857,26.75,15.09,24.51571428571429
2019-05-28,1,0,99,58,20,21,99,120.29,23.12,18.05,161.46,Martes,5,130.47,121.45,168.82714285714286,18.76,30.25,15.142857142857142,19.36,20.71,24.135714285714283
2019-05-29,2,0,98,56,21,21,98,100.87,24.0,24.12,148.99,Miercoles,5,120.29,195.59,155.2957142857143,23.12,17.59,16.05857142857143,18.05,30.57,23.214285714285715
2019-05-30,3,0,98,57,20,21,98,110.8,13.45,21.62,145.87,Jueves,5,100.87,180.69,145.3114285714286,24.0,10.08,16.54,24.12,9.08,25.005714285714284
2019-05-31,4,0,97,56,20,21,97,148.27,5.55,25.26,179.08,Viernes,5,110.8,248.41,131.0057142857143,13.45,19.39,14.562857142857142,21.62,21.16,25.59142857142857
2019-06-01,5,1,97,55,21,21,68,95.4,1.7,13.3,110.4,Sabado,6,148.27,162.72,121.38857142857144,5.55,11.11,13.218571428571428,25.26,43.98,21.208571428571428
2019-06-02,6,1,100,55,24,21,66,123.23,9.28,16.52,149.03,Domingo,6,95.4,143.62,118.47571428571429,1.7,5.95,13.694285714285714,13.3,26.75,19.747142857142858
2019-06-03,0,0,100,56,23,21,100,105.65,8.98,1.6,116.23,Lunes,6,123.23,130.47,114.92999999999999,9.28,18.76,12.297142857142857,16.52,19.36,17.21
2019-06-04,1,0,104,57,27,20,104,194.4,23.47,25.16,243.03,Martes,6,105.65,120.29,125.51714285714287,8.98,23.12,12.347142857142858,1.6,18.05,18.225714285714286
2019-06-05,2,0,106,58,28,20,106,185.37,17.74,20.18,223.29,Miercoles,6,194.4,100.87,137.58857142857144,23.47,24.0,11.452857142857143,25.16,24.12,17.662857142857145
2019-06-06,3,0,106,57,29,20,106,188.82,21.24,30.47,240.53,Jueves,6,185.37,110.8,148.73428571428573,17.74,13.45,12.565714285714284,20.18,21.62,18.927142857142858
2019-06-07,4,0,106,56,30,20,106,157.62,17.24,24.66,199.52,Viernes,6,188.82,148.27,150.07,21.24,5.55,14.235714285714284,30.47,25.26,18.84142857142857
2019-06-08,5,1,106,58,28,20,66,98.23,30.34,10.97,139.54,Sabado,6,157.62,95.4,150.4742857142857,17.24,1.7,18.327142857142857,24.66,13.3,18.50857142857143
2019-06-09,6,1,105,57,27,21,75,82.16,18.1,38.01,138.26999999999998,Domingo,6,98.23,123.23,144.60714285714286,30.34,9.28,19.587142857142855,10.97,16.52,21.578571428571426
2019-06-10,0,0,106,55,30,21,106,103.79,20.53,11.92,136.24,Lunes,6,82.16,105.65,144.3414285714286,18.1,8.98,21.237142857142857,38.01,1.6,23.052857142857142
2019-06-11,1,0,105,53,32,20,105,175.42,26.34,46.09,247.85,Martes,6,103.79,194.4,141.63,20.53,23.47,21.647142857142857,11.92,25.16,26.042857142857144
2019-06-12,2,0,105,54,31,20,105,119.1,30.62,32.74,182.46,Miercoles,6,175.42,185.37,132.16285714285712,26.34,17.74,23.487142857142857,46.09,20.18,27.837142857142858
2019-06-13,3,0,106,53,32,21,106,138.6,5.49,2.73,146.82,Jueves,6,119.1,188.82,124.98857142857142,30.62,21.24,21.23714285714286,32.74,30.47,23.874285714285715
2019-06-14,4,0,105,53,31,21,105,106.91,7.21,13.18,127.29999999999998,Viernes,6,138.6,157.62,117.74428571428572,5.49,17.24,19.804285714285715,2.73,24.66,22.234285714285715
2019-06-15,5,1,103,52,30,21,79,77.51,36.13,29.86,143.5,Sabado,6,106.91,98.23,114.78428571428572,7.21,30.34,20.631428571428575,13.18,10.97,24.93285714285714
2019-06-16,6,1,105,53,32,20,73,89.87,4.95,16.2,111.02,Domingo,6,77.51,82.16,115.88571428571429,36.13,18.1,18.752857142857145,29.86,38.01,21.817142857142862
2019-06-17,0,0,103,53,30,20,103,125.31,16.7,26.32,168.32999999999998,Lunes,6,89.87,103.79,118.96000000000001,4.95,20.53,18.205714285714286,16.2,11.92,23.874285714285715
2019-06-18,1,0,103,52,31,20,103,203.11,22.17,19.57,244.85,Martes,6,125.31,175.42,122.91571428571429,16.7,26.34,17.610000000000003,26.32,46.09,20.085714285714285
2019-06-19,2,0,103,53,30,20,103,126.3,17.32,14.72,158.34,Miercoles,6,203.11,119.1,123.9442857142857,22.17,30.62,15.709999999999999,19.57,32.74,17.51142857142857
2019-06-20,3,0,103,52,31,20,103,102.22,26.61,19.62,148.45,Jueves,6,126.3,138.6,118.74714285714286,17.32,5.49,18.72714285714286,14.72,2.73,19.924285714285713
2019-06-21,4,0,104,50,33,21,104,174.27,23.1,12.83,210.2,Viernes,6,102.22,106.91,128.36999999999998,26.61,7.21,20.997142857142858,19.62,13.18,19.874285714285715
2019-06-22,5,1,104,52,31,21,77,127.39,28.3,12.15,167.84,Sabado,6,174.27,77.51,135.49571428571429,23.1,36.13,19.87857142857143,12.83,29.86,17.344285714285714
2019-06-23,6,1,105,53,31,21,78,94.01,3.67,39.1,136.78,Domingo,6,127.39,89.87,136.08714285714285,28.3,4.95,19.695714285714285,12.15,16.2,20.615714285714287
2019-06-24,0,0,106,54,32,20,106,134.92,26.46,39.2,200.58,Lunes,6,94.01,125.31,137.46,3.67,16.7,21.09,39.1,26.32,22.455714285714286
2019-06-25,1,0,106,54,35,17,106,84.27,29.11,6.98,120.36,Martes,6,134.92,203.11,120.48285714285714,26.46,22.17,22.08142857142857,39.2,19.57,20.657142857142862
2019-06-26,2,0,105,54,35,16,105,77.96,13.92,5.43,97.31,Miercoles,6,84.27,126.3,113.57714285714287,29.11,17.32,21.595714285714287,6.98,14.72,19.330000000000002
2019-06-27,3,0,105,55,34,16,105,105.29,12.98,25.62,143.89,Jueves,6,77.96,102.22,114.01571428571428,13.92,26.61,19.648571428571426,5.43,19.62,20.187142857142856
2019-06-28,4,0,102,53,33,16,102,104.02,14.77,13.99,132.78,Viernes,6,105.29,174.27,103.97999999999999,12.98,23.1,18.458571428571428,25.62,12.83,20.352857142857143
2019-06-29,5,1,99,51,32,16,68,83.79,7.17,3.33,94.29,Sabado,6,104.02,127.39,97.75142857142858,14.77,28.3,15.44,13.99,12.15,19.092857142857145
2019-06-30,6,1,101,56,29,16,66,176.87,11.0,19.46,207.33,Domingo,6,83.79,94.01,109.58857142857141,7.17,3.67,16.487142857142857,3.33,39.1,16.287142857142857
2019-07-01,0,0,101,56,27,18,101,91.55,17.85,18.49,127.89,Lunes,7,176.87,134.92,103.39285714285714,11.0,26.46,15.257142857142856,19.46,39.2,13.328571428571427
2019-07-02,1,0,102,58,26,18,102,95.59,21.44,19.9,136.93,Martes,7,91.55,84.27,105.01,17.85,29.11,14.161428571428571,18.49,6.98,15.174285714285714
2019-07-03,2,0,102,58,26,18,102,204.52,21.7,14.61,240.83,Miercoles,7,95.59,77.96,123.09,21.44,13.92,15.272857142857145,19.9,5.43,16.485714285714288
2019-07-04,3,0,103,59,24,20,103,93.93,16.9,20.7,131.53,Jueves,7,204.52,105.29,121.46714285714286,21.7,12.98,15.832857142857142,14.61,25.62,15.782857142857141
2019-07-05,4,0,105,61,25,19,105,141.44,26.18,16.46,184.08,Viernes,7,93.93,104.02,126.81285714285715,16.9,14.77,17.462857142857143,20.7,13.99,16.135714285714286
2019-07-06,5,1,105,61,25,19,74,77.58,3.69,16.53,97.8,Sabado,7,141.44,83.79,125.92571428571429,26.18,7.17,16.965714285714288,16.46,3.33,18.021428571428572
2019-07-07,6,1,104,59,26,19,73,121.18,3.73,21.82,146.73000000000002,Domingo,7,77.58,176.87,117.97000000000001,3.69,11.0,15.927142857142858,16.53,19.46,18.358571428571427
2019-07-08,0,0,105,60,26,19,105,151.24,21.61,23.29,196.14,Lunes,7,121.18,91.55,126.49714285714286,3.73,17.85,16.464285714285715,21.82,18.49,19.044285714285714
2019-07-09,1,0,105,59,27,19,105,105.14,31.47,10.34,146.95000000000002,Martes,7,151.24,95.59,127.86142857142856,21.61,21.44,17.897142857142857,23.29,19.9,17.678571428571427
2019-07-10,2,0,103,57,28,18,103,135.25,26.69,37.07,199.01,Miercoles,7,105.14,204.52,117.96571428571428,31.47,21.7,18.609999999999996,10.34,14.61,20.887142857142855
2019-07-11,3,0,103,56,29,18,103,131.65,18.42,12.13,162.2,Jueves,7,135.25,93.93,123.3542857142857,26.69,16.9,18.827142857142857,37.07,20.7,19.662857142857145
2019-07-12,4,0,104,57,28,19,104,240.59,19.31,42.79,302.69,Viernes,7,131.65,141.44,137.51857142857142,18.42,26.18,17.845714285714283,12.13,16.46,23.424285714285713
2019-07-13,5,1,104,57,28,19,72,84.96,12.29,18.49,115.74,Sabado,7,240.59,77.58,138.57285714285715,19.31,3.69,19.07428571428571,42.79,16.53,23.704285714285714
2019-07-14,6,1,104,56,30,18,76,112.8,6.61,21.33,140.74,Domingo,7,84.96,121.18,137.37571428571428,12.29,3.73,19.485714285714288,18.49,21.82,23.634285714285713
2019-07-15,0,0,104,57,27,20,104,165.54,14.19,29.4,209.13,Lunes,7,112.8,151.24,139.41857142857143,6.61,21.61,18.425714285714285,21.33,23.29,24.507142857142856
2019-07-16,1,0,103,57,26,20,103,95.9,16.35,27.61,139.86,Martes,7,165.54,105.14,138.09857142857143,14.19,31.47,16.265714285714285,29.4,10.34,26.974285714285713
2019-07-17,2,0,105,59,27,19,105,180.91,18.7,14.82,214.43,Miercoles,7,95.9,135.25,144.62142857142857,16.35,26.69,15.124285714285715,27.61,37.07,23.79571428571429
2019-07-18,3,0,106,58,26,22,106,166.92,30.93,47.88,245.73,Jueves,7,180.91,131.65,149.66,18.7,18.42,16.91142857142857,14.82,12.13,28.90285714285714
2019-07-19,4,0,106,56,27,23,106,200.54,42.23,32.68,275.45,Viernes,7,166.92,240.59,143.9385714285714,30.93,19.31,20.185714285714283,47.88,42.79,27.458571428571428
2019-07-20,5,1,106,55,28,23,71,83.68,9.1,19.75,112.53,Sabado,7,200.54,84.96,143.75571428571428,42.23,12.29,19.729999999999997,32.68,18.49,27.638571428571428
2019-07-21,6,1,105,56,26,23,74,76.68,12.07,30.21,118.96,Domingo,7,83.68,112.8,138.59571428571428,9.1,6.61,20.509999999999998,19.75,21.33,28.907142857142862
2019-07-22,0,0,105,58,25,22,105,97.67,27.0,3.67,128.34,Lunes,7,76.68,165.54,128.9,12.07,14.19,22.34,30.21,29.4,25.231428571428573
2019-07-23,1,0,104,58,25,21,104,49.39,28.12,4.37,81.88000000000001,Martes,7,97.67,95.9,122.25571428571429,27.0,16.35,24.021428571428572,3.67,27.61,21.911428571428576
2019-07-24,2,0,105,56,28,21,105,216.53,51.65,33.71,301.89,Miercoles,7,49.39,180.91,127.3442857142857,28.12,18.7,28.72857142857143,4.37,14.82,24.609999999999996
2019-07-25,3,0,104,55,28,21,104,139.08,24.21,25.93,189.22000000000003,Jueves,7,216.53,166.92,123.36714285714287,51.65,30.93,27.768571428571427,33.71,47.88,21.474285714285713
2019-07-26,4,0,102,53,28,21,102,117.07,33.47,52.69,203.23,Viernes,7,139.08,200.54,111.44285714285715,24.21,42.23,26.517142857142858,25.93,32.68,24.33285714285714
2019-07-27,5,1,102,53,27,22,71,103.61,15.34,14.87,133.82,Sabado,7,117.07,83.68,114.28999999999999,33.47,9.1,27.40857142857143,52.69,19.75,23.635714285714283
2019-07-28,6,1,103,55,25,23,73,61.24,5.72,20.52,87.48,Domingo,7,103.61,76.68,112.08428571428571,15.34,12.07,26.50142857142857,14.87,30.21,22.251428571428573
2019-07-29,0,0,103,55,25,23,103,176.24,33.37,41.61,251.22000000000003,Lunes,7,61.24,97.67,123.30857142857143,5.72,27.0,27.41142857142857,20.52,3.67,27.67142857142857
2019-07-30,1,0,101,53,26,22,101,127.29,24.13,41.17,192.59000000000003,Martes,7,176.24,49.39,134.43714285714285,33.37,28.12,26.84142857142857,41.61,4.37,32.92857142857143
2019-07-31,2,0,101,53,26,22,101,141.63,10.79,0.15,152.57,Miercoles,7,127.29,216.53,123.73714285714287,24.13,51.65,21.004285714285714,41.17,33.71,28.134285714285717
2019-08-01,3,0,100,53,25,22,100,246.76,17.33,38.37,302.46,Jueves,8,141.63,139.08,139.11999999999998,10.79,24.21,20.021428571428572,0.15,25.93,29.91142857142857
2019-08-02,4,0,102,53,27,22,102,124.64,19.69,21.65,165.98000000000002,Viernes,8,246.76,117.07,140.20142857142858,17.33,33.47,18.052857142857142,38.37,52.69,25.47714285714286
2019-08-03,5,1,102,51,28,23,67,55.88,16.18,24.15,96.21,Sabado,8,124.64,103.61,133.38285714285715,19.69,15.34,18.172857142857143,21.65,14.87,26.802857142857142
2019-08-04,6,1,100,50,26,24,71,114.63,24.07,30.6,169.29999999999998,Domingo,8,55.88,61.24,141.01000000000002,16.18,5.72,20.794285714285714,24.15,20.52,28.24285714285714
2019-08-05,0,0,99,46,29,24,99,41.78,20.01,19.29,81.08000000000001,Lunes,8,114.63,176.24,121.80142857142857,24.07,33.37,18.885714285714283,30.6,41.61,25.054285714285715
2019-08-06,1,0,100,48,28,24,100,115.75,10.32,47.88,173.95,Martes,8,41.78,127.29,120.15285714285714,20.01,24.13,16.912857142857142,19.29,41.17,26.01285714285714
2019-08-07,2,0,99,47,27,25,99,58.8,20.37,29.29,108.46,Miercoles,8,115.75,141.63,108.32000000000001,10.32,10.79,18.28142857142857,47.88,0.15,30.175714285714285
2019-08-08,3,0,100,49,26,25,100,97.61,27.85,38.53,163.99,Jueves,8,58.8,246.76,87.01285714285714,20.37,17.33,19.784285714285716,29.29,38.37,30.19857142857143
2019-08-09,4,0,99,48,26,25,99,53.95,36.1,15.71,105.76000000000002,Viernes,8,97.61,124.64,76.91428571428571,27.85,19.69,22.12857142857143,38.53,21.65,29.349999999999998
2019-08-10,5,1,97,46,26,25,70,68.96,29.84,16.57,115.37,Sabado,8,53.95,55.88,78.78285714285714,36.1,16.18,24.080000000000002,15.71,24.15,28.267142857142858
2019-08-11,6,1,97,46,26,25,73,78.27,14.25,34.52,127.04,Domingo,8,68.96,114.63,73.58857142857143,29.84,24.07,22.677142857142858,16.57,30.6,28.82714285714286
2019-08-12,0,0,97,46,26,25,97,235.38,31.82,41.75,308.95,Lunes,8,78.27,41.78,101.24571428571429,14.25,20.01,24.364285714285717,34.52,19.29,32.035714285714285
2019-08-13,1,0,97,47,26,24,97,97.61,6.58,37.64,141.82999999999998,Martes,8,235.38,115.75,98.6542857142857,31.82,10.32,23.830000000000002,41.75,47.88,30.572857142857146
2019-08-14,2,0,98,48,26,24,98,132.0,17.62,21.13,170.75,Miercoles,8,97.61,58.8,109.11142857142856,6.58,20.37,23.437142857142856,37.64,29.29,29.407142857142855
2019-08-15,3,0,101,50,28,23,101,78.3,25.93,38.98,143.20999999999998,Jueves,8,132.0,97.61,106.35285714285715,17.62,27.85,23.162857142857142,21.13,38.53,29.47142857142857
2019-08-16,4,0,102,50,30,22,102,88.0,46.05,14.46,148.51000000000002,Viernes,8,78.3,53.95,111.21714285714286,25.93,36.1,24.584285714285716,38.98,15.71,29.292857142857144
2019-08-17,5,1,104,53,29,22,77,94.17,12.66,32.94,139.76999999999998,Sabado,8,88.0,68.96,114.81857142857142,46.05,29.84,22.13,14.46,16.57,31.631428571428568
2019-08-18,6,1,102,53,29,20,68,53.9,10.01,19.8,83.71,Domingo,8,94.17,78.27,111.33714285714284,12.66,14.25,21.524285714285714,32.94,34.52,29.52857142857143
2019-08-19,0,0,101,53,28,20,101,55.43,29.66,14.72,99.81,Lunes,8,53.9,235.38,85.63000000000001,10.01,31.82,21.215714285714284,19.8,41.75,25.667142857142856
2019-08-20,1,0,101,53,28,20,101,90.49,21.61,7.14,119.24,Martes,8,55.43,97.61,84.61285714285714,29.66,6.58,23.36285714285714,14.72,37.64,21.31
2019-08-21,2,0,100,53,26,21,100,128.4,27.53,17.91,173.84,Miercoles,8,90.49,132.0,84.09857142857143,21.61,17.62,24.778571428571432,7.14,21.13,20.849999999999998
2019-08-22,3,0,101,53,27,21,101,136.65,22.43,21.17,180.25,Jueves,8,128.4,78.3,92.4342857142857,27.53,25.93,24.27857142857143,17.91,38.98,18.305714285714284
2019-08-23,4,0,101,51,29,21,101,81.0,29.81,40.38,151.19,Viernes,8,136.65,88.0,91.4342857142857,22.43,46.05,21.958571428571425,21.17,14.46,22.00857142857143
2019-08-24,5,1,101,51,28,22,75,126.56,23.69,57.64375,211.54,Sabado,8,81.0,94.17,96.06142857142858,29.81,12.66,23.534285714285716,40.38,32.94,25.537678571428568
2019-08-25,6,1,104,52,28,24,75,84.78,11.05,14.02,109.85,Domingo,8,126.56,53.9,100.47285714285715,23.69,10.01,23.68285714285714,57.64375,19.8,24.711964285714288
2019-08-26,0,0,105,54,27,24,105,127.61,32.23,12.97,172.81,Lunes,8,84.78,55.43,110.78428571428572,11.05,29.66,24.050000000000004,14.02,14.72,24.461964285714288
2019-08-27,1,0,105,54,28,23,105,147.59,8.4,10.38,166.37,Martes,8,127.61,90.49,118.94142857142856,32.23,21.61,22.162857142857142,12.97,7.14,24.924821428571427
2019-08-28,2,0,106,54,29,23,106,71.52,16.32,14.49,102.33,Miercoles,8,147.59,128.4,110.8157142857143,8.4,27.53,20.56142857142857,10.38,17.91,24.43625
2019-08-29,3,0,105,54,28,23,105,122.47,26.3,41.5,190.27,Jueves,8,71.52,136.65,108.78999999999999,16.32,22.43,21.114285714285717,14.49,21.17,27.340535714285718
2019-08-30,4,0,105,54,27,24,105,135.1,6.22,30.55,171.87,Viernes,8,122.47,81.0,116.51857142857143,26.3,29.81,17.744285714285713,41.5,40.38,25.936249999999998
2019-08-31,5,1,105,56,25,24,79,81.56,14.01,21.74,117.31,Sabado,8,135.1,126.56,110.08999999999999,6.22,23.69,16.361428571428572,30.55,57.64375,20.807142857142857
2019-09-01,6,1,105,56,25,24,74,81.37,21.02,9.4,111.79,Domingo,9,81.56,84.78,109.60285714285715,14.01,11.05,17.785714285714285,21.74,14.02,20.147142857142857
2019-09-02,0,0,104,57,24,23,104,120.22,17.01,24.97,162.2,Lunes,9,81.37,127.61,108.54714285714284,21.02,32.23,15.611428571428572,9.4,12.97,21.861428571428572
2019-09-03,1,0,104,57,26,21,104,83.42,20.52,38.84,142.78,Martes,9,120.22,147.59,99.38000000000001,17.01,8.4,17.34285714285714,24.97,10.38,25.927142857142858
2019-09-04,2,0,105,59,26,20,105,201.16,18.76,8.2,228.12,Miercoles,9,83.42,71.52,117.89999999999999,20.52,16.32,17.69142857142857,38.84,14.49,25.02857142857143
2019-09-05,3,0,104,57,26,21,104,99.81,1.16,29.01,129.98,Jueves,9,201.16,122.47,114.66285714285716,18.76,26.3,14.1,8.2,41.5,23.244285714285713
2019-09-06,4,0,104,57,25,22,104,196.77,19.19,7.26,223.22,Viernes,9,99.81,135.1,123.47285714285715,1.16,6.22,15.952857142857145,29.01,30.55,19.91714285714286
2019-09-07,5,1,105,56,26,23,69,128.94,35.92,37.94,202.8,Sabado,9,196.77,81.56,130.24142857142857,19.19,14.01,19.082857142857144,7.26,21.74,22.231428571428573
2019-09-08,6,1,104,56,25,23,66,116.67,17.73,32.86,167.26,Domingo,9,128.94,81.37,135.28428571428572,35.92,21.02,18.612857142857145,37.94,9.4,25.58285714285714
2019-09-09,0,0,104,56,26,22,104,183.52,11.09,4.93,199.54,Lunes,9,116.67,120.22,144.32714285714286,17.73,17.01,17.767142857142858,32.86,24.97,22.72
2019-09-10,1,0,103,56,25,22,103,148.84,47.17,37.68,233.69,Martes,9,183.52,83.42,153.67285714285714,11.09,20.52,21.574285714285715,4.93,38.84,22.554285714285715
2019-09-11,2,0,103,55,26,22,103,288.61,13.94,12.19,314.74,Miercoles,9,148.84,201.16,166.1657142857143,47.17,18.76,20.885714285714283,37.68,8.2,23.124285714285715
2019-09-12,3,0,104,56,26,22,104,150.71,30.91,10.14,191.76,Jueves,9,288.61,99.81,173.43714285714287,13.94,1.16,25.135714285714283,12.19,29.01,20.428571428571427
2019-09-13,4,0,104,58,24,22,104,118.12,30.49,26.83,175.44,Viernes,9,150.71,196.77,162.20142857142858,30.91,19.19,26.75,10.14,7.26,23.224285714285713
2019-09-14,5,1,106,61,24,21,73,115.01,27.27,37.51,179.79,Sabado,9,118.12,128.94,160.21142857142857,30.49,35.92,25.514285714285716,26.83,37.94,23.162857142857142
2019-09-15,6,1,105,59,26,20,70,116.99,14.96,21.58,153.52999999999997,Domingo,9,115.01,116.67,160.25714285714284,27.27,17.73,25.118571428571425,37.51,32.86,21.551428571428573
2019-09-16,0,0,105,59,26,20,105,155.23,14.47,37.05,206.75,Lunes,9,116.99,183.52,156.21571428571428,14.96,11.09,25.601428571428574,21.58,4.93,26.139999999999997
2019-09-17,1,0,105,59,26,20,105,137.06,22.66,17.16,176.88,Martes,9,155.23,148.84,154.53285714285715,14.47,47.17,22.099999999999998,37.05,37.68,23.208571428571425
2019-09-18,2,0,105,60,25,20,105,155.87,11.34,25.38,192.59,Miercoles,9,137.06,288.61,135.57,22.66,13.94,21.728571428571428,17.16,12.19,25.092857142857138
2019-09-19,3,0,105,57,28,20,105,228.82,12.84,29.06,270.72,Jueves,9,155.87,150.71,146.72857142857143,11.34,30.91,19.147142857142857,25.38,10.14,27.795714285714286
2019-09-20,4,0,104,56,28,20,104,352.15,7.9,21.25,381.3,Viernes,9,228.82,118.12,180.16142857142856,12.84,30.49,15.92,29.06,26.83,26.998571428571427
2019-09-21,5,1,105,57,28,20,68,198.73,8.83,41.68,249.24,Sabado,9,352.15,115.01,192.12142857142857,7.9,27.27,13.285714285714286,21.25,37.51,27.594285714285714
2019-09-22,6,1,104,55,29,20,78,293.03,8.05,12.91,313.99,Domingo,9,198.73,116.99,217.26999999999998,8.83,14.96,12.29857142857143,41.68,21.58,26.35571428571428
2019-09-23,0,0,105,57,29,19,105,388.59,17.07,20.43,426.09,Lunes,9,293.03,155.23,250.60714285714283,8.05,14.47,12.67,12.91,37.05,23.981428571428573
2019-09-24,1,0,105,59,27,19,105,426.92,31.61,7.68,466.21,Martes,9,388.59,137.06,292.0157142857143,17.07,22.66,13.948571428571428,20.43,17.16,22.62714285714286
2019-09-25,2,0,105,60,26,19,105,230.62,36.55,22.51,289.68,Miercoles,9,426.92,155.87,302.6942857142857,31.61,11.34,17.55,7.68,25.38,22.217142857142857
2019-09-26,3,0,105,61,26,18,105,223.6,30.03,18.97,272.6,Jueves,9,230.62,228.82,301.9485714285714,36.55,12.84,20.005714285714284,22.51,29.06,20.775714285714287
2019-09-27,4,0,103,61,25,17,103,282.85,9.48,15.45,307.78000000000003,Viernes,9,223.6,352.15,292.04857142857145,30.03,7.9,20.23142857142857,18.97,21.25,19.947142857142858
2019-09-28,5,1,103,60,26,17,66,211.37,12.73,23.49,247.59,Sabado,9,282.85,198.73,293.8542857142857,9.48,8.83,20.78857142857143,15.45,41.68,17.34857142857143
2019-09-29,6,1,102,59,24,19,72,322.3,11.99,13.83,348.12,Domingo,9,211.37,293.03,298.0357142857143,12.73,8.05,21.351428571428567,23.49,12.91,17.48
2019-09-30,0,0,102,61,21,20,102,338.27,21.69,7.37,367.33,Lunes,9,322.3,388.59,290.84714285714284,11.99,17.07,22.01142857142857,13.83,20.43,15.614285714285714
2019-10-01,1,0,103,61,22,20,103,321.77,35.15,45.78,402.69999999999993,Martes,10,338.27,426.92,275.8257142857143,21.69,31.61,22.517142857142858,7.37,7.68,21.057142857142857
2019-10-02,2,0,105,62,22,21,105,214.2,22.1,20.88,257.18,Miercoles,10,321.77,230.62,273.47999999999996,35.15,36.55,20.452857142857145,45.78,22.51,20.824285714285715
2019-10-03,3,0,105,61,24,20,105,280.27,24.22,19.97,324.46000000000004,Jueves,10,214.2,223.6,281.5757142857143,22.1,30.03,19.622857142857146,20.88,18.97,20.967142857142857
2019-10-04,4,0,104,61,23,20,104,151.85,32.78,29.43,214.06,Viernes,10,280.27,282.85,262.8614285714285,24.22,9.48,22.951428571428572,19.97,15.45,22.964285714285715
2019-10-05,5,1,105,61,22,22,69,117.94,16.18,17.13,151.25,Sabado,10,151.85,211.37,249.5142857142857,32.78,12.73,23.444285714285716,29.43,23.49,22.055714285714284
2019-10-06,6,1,105,60,23,22,72,166.71,15.13,17.38,199.22,Domingo,10,117.94,322.3,227.28714285714287,16.18,11.99,23.892857142857142,17.13,13.83,22.562857142857144
2019-10-07,0,0,104,59,23,22,104,351.24,15.5,32.06,398.8,Lunes,10,166.71,338.27,229.14000000000001,15.13,21.69,23.00857142857143,17.38,7.37,26.09
2019-10-08,1,0,107,62,24,21,107,317.67,50.59,0.97,369.23,Martes,10,351.24,321.77,228.55428571428573,15.5,35.15,25.214285714285715,32.06,45.78,19.68857142857143
